-- root-types-contained: SystemModel_c,PackageableElement_c,DataType_c,CoreDataType_c,UserDataType_c
-- BP 7.1 content: StreamData syschar: 3 persistence-version: 7.1.6

INSERT INTO S_SYS
	VALUES ("3fb1e19e-15ec-4cf6-b9cd-c12bb3584d02",
	'TypeUnit',
	1);
INSERT INTO EP_PKG
	VALUES ("df3fa32d-4822-41c2-9f7d-ad001f8f7492",
	"3fb1e19e-15ec-4cf6-b9cd-c12bb3584d02",
	"3fb1e19e-15ec-4cf6-b9cd-c12bb3584d02",
	'Comp',
	'',
	0);
INSERT INTO PE_PE
	VALUES ("80f37f31-181e-47de-8187-9c0847723075",
	1,
	"df3fa32d-4822-41c2-9f7d-ad001f8f7492",
	"00000000-0000-0000-0000-000000000000",
	2);
INSERT INTO C_C
	VALUES ("80f37f31-181e-47de-8187-9c0847723075",
	"00000000-0000-0000-0000-000000000000",
	"00000000-0000-0000-0000-000000000000",
	'Component',
	'',
	0,
	"00000000-0000-0000-0000-000000000000",
	0,
	'',
	'');
INSERT INTO PE_PE
	VALUES ("78ec567f-1c2c-4c76-a0d8-279bfcd6f228",
	1,
	"00000000-0000-0000-0000-000000000000",
	"80f37f31-181e-47de-8187-9c0847723075",
	7);
INSERT INTO EP_PKG
	VALUES ("78ec567f-1c2c-4c76-a0d8-279bfcd6f228",
	"00000000-0000-0000-0000-000000000000",
	"3fb1e19e-15ec-4cf6-b9cd-c12bb3584d02",
	'TypeUnit',
	'',
	0);
INSERT INTO PE_PE
	VALUES ("e4317c1b-3988-4146-8d53-79c77f94d387",
	1,
	"78ec567f-1c2c-4c76-a0d8-279bfcd6f228",
	"00000000-0000-0000-0000-000000000000",
	2);
INSERT INTO C_C
	VALUES ("e4317c1b-3988-4146-8d53-79c77f94d387",
	"00000000-0000-0000-0000-000000000000",
	"00000000-0000-0000-0000-000000000000",
	'Comp',
	'',
	0,
	"00000000-0000-0000-0000-000000000000",
	0,
	'',
	'');
INSERT INTO PE_PE
	VALUES ("2bccef3c-8682-470d-83b4-757b6050a27b",
	1,
	"78ec567f-1c2c-4c76-a0d8-279bfcd6f228",
	"00000000-0000-0000-0000-000000000000",
	9);
INSERT INTO R_REL
	VALUES ("2bccef3c-8682-470d-83b4-757b6050a27b",
	1,
	'',
	"00000000-0000-0000-0000-000000000000");
INSERT INTO R_SIMP
	VALUES ("2bccef3c-8682-470d-83b4-757b6050a27b");
INSERT INTO R_PART
	VALUES ("eb13984d-bc2a-446d-9fc1-6c735620090d",
	"2bccef3c-8682-470d-83b4-757b6050a27b",
	"2bf5bebc-9eed-442a-a317-010761a596b9",
	0,
	0,
	'specializes_into');
INSERT INTO R_RTO
	VALUES ("eb13984d-bc2a-446d-9fc1-6c735620090d",
	"2bccef3c-8682-470d-83b4-757b6050a27b",
	"2bf5bebc-9eed-442a-a317-010761a596b9",
	-1);
INSERT INTO R_OIR
	VALUES ("eb13984d-bc2a-446d-9fc1-6c735620090d",
	"2bccef3c-8682-470d-83b4-757b6050a27b",
	"2bf5bebc-9eed-442a-a317-010761a596b9",
	"00000000-0000-0000-0000-000000000000");
INSERT INTO R_PART
	VALUES ("c3cea6f2-6706-4c01-bd9f-cfb21428d08d",
	"2bccef3c-8682-470d-83b4-757b6050a27b",
	"62a3b126-06e1-4d9d-a3a8-c98a10ff7289",
	0,
	1,
	'Is_a_type_of');
INSERT INTO R_RTO
	VALUES ("c3cea6f2-6706-4c01-bd9f-cfb21428d08d",
	"2bccef3c-8682-470d-83b4-757b6050a27b",
	"62a3b126-06e1-4d9d-a3a8-c98a10ff7289",
	-1);
INSERT INTO R_OIR
	VALUES ("c3cea6f2-6706-4c01-bd9f-cfb21428d08d",
	"2bccef3c-8682-470d-83b4-757b6050a27b",
	"62a3b126-06e1-4d9d-a3a8-c98a10ff7289",
	"00000000-0000-0000-0000-000000000000");
INSERT INTO PE_PE
	VALUES ("a421a75c-7f59-4cd4-96f4-c8accac9e84d",
	1,
	"78ec567f-1c2c-4c76-a0d8-279bfcd6f228",
	"00000000-0000-0000-0000-000000000000",
	4);
INSERT INTO O_OBJ
	VALUES ("a421a75c-7f59-4cd4-96f4-c8accac9e84d",
	'TestCaseTest',
	3,
	'TestCaseTest',
	'',
	"00000000-0000-0000-0000-000000000000");
INSERT INTO O_TFR
	VALUES ("a67aa2b4-a2f6-4fd5-b9e0-23d95741f627",
	"a421a75c-7f59-4cd4-96f4-c8accac9e84d",
	'testRunning',
	'',
	"ba5eda7a-def5-0000-0000-000000000000",
	1,
	'begin
  null;
end service;',
	1,
	'',
	"00000000-0000-0000-0000-000000000000",
	1,
	1);
INSERT INTO ACT_OPB
	VALUES ("d07b6dc8-9155-4875-8fac-092eba7af7db",
	"a67aa2b4-a2f6-4fd5-b9e0-23d95741f627");
INSERT INTO ACT_ACT
	VALUES ("d07b6dc8-9155-4875-8fac-092eba7af7db",
	'operation',
	0,
	"3be5fd9b-fe3f-43f6-b36f-111d3e9c1aa2",
	"00000000-0000-0000-0000-000000000000",
	0,
	'TestCaseTest::testRunning',
	"00000000-0000-0000-0000-000000000000");
INSERT INTO ACT_BLK
	VALUES ("3be5fd9b-fe3f-43f6-b36f-111d3e9c1aa2",
	0,
	0,
	0,
	'',
	'',
	'',
	2,
	7,
	0,
	0,
	0,
	0,
	0,
	0,
	0,
	0,
	0,
	0,
	0,
	"d07b6dc8-9155-4875-8fac-092eba7af7db",
	"00000000-0000-0000-0000-000000000000");
INSERT INTO O_ID
	VALUES (0,
	"a421a75c-7f59-4cd4-96f4-c8accac9e84d");
INSERT INTO O_ID
	VALUES (1,
	"a421a75c-7f59-4cd4-96f4-c8accac9e84d");
INSERT INTO O_ID
	VALUES (2,
	"a421a75c-7f59-4cd4-96f4-c8accac9e84d");
INSERT INTO PE_PE
	VALUES ("eb13984d-bc2a-446d-9fc1-6c735620090d",
	1,
	"78ec567f-1c2c-4c76-a0d8-279bfcd6f228",
	"00000000-0000-0000-0000-000000000000",
	4);
INSERT INTO O_OBJ
	VALUES ("eb13984d-bc2a-446d-9fc1-6c735620090d",
	'WasRun',
	1,
	'WasRun',
	'',
	"00000000-0000-0000-0000-000000000000");
INSERT INTO O_TFR
	VALUES ("c6e2f158-db49-4246-ab09-8de4fb4b1e47",
	"eb13984d-bc2a-446d-9fc1-6c735620090d",
	'run',
	'',
	"ba5eda7a-def5-0000-0000-000000000000",
	1,
	'select any wr from WasRun;
generate WasRun2:run() to wr;
if (self.name == "testMethod") then
	self.testMethod();
elif (self.name == "testBrokenMethod") then
	self.testBrokenMethod();
end if;',
	1,
	'',
	"00000000-0000-0000-0000-000000000000",
	0,
	1);
INSERT INTO ACT_OPB
	VALUES ("bb8e5437-6bcf-470c-bf0a-960f420d8bc0",
	"c6e2f158-db49-4246-ab09-8de4fb4b1e47");
INSERT INTO ACT_ACT
	VALUES ("bb8e5437-6bcf-470c-bf0a-960f420d8bc0",
	'operation',
	0,
	"c67b3bac-d663-40e1-8617-9639e6518734",
	"00000000-0000-0000-0000-000000000000",
	0,
	'WasRun::run',
	"00000000-0000-0000-0000-000000000000");
INSERT INTO ACT_BLK
	VALUES ("c67b3bac-d663-40e1-8617-9639e6518734",
	1,
	0,
	0,
	'V_VAR.Var_ID',
	'',
	'',
	5,
	1,
	1,
	20,
	0,
	0,
	0,
	0,
	0,
	0,
	0,
	0,
	0,
	"bb8e5437-6bcf-470c-bf0a-960f420d8bc0",
	"00000000-0000-0000-0000-000000000000");
INSERT INTO ACT_SMT
	VALUES ("858717bb-d5ee-4456-b2c2-dfac573f6270",
	"c67b3bac-d663-40e1-8617-9639e6518734",
	"b440f0d0-37f7-45c2-a2c7-2088a88b9bdf",
	1,
	1,
	'WasRun::run line: 1');
INSERT INTO ACT_FIO
	VALUES ("858717bb-d5ee-4456-b2c2-dfac573f6270",
	"97ac0412-6aea-4884-97a8-7c78d9b3a373",
	1,
	'any',
	"eb13984d-bc2a-446d-9fc1-6c735620090d",
	1,
	20);
INSERT INTO ACT_SMT
	VALUES ("b440f0d0-37f7-45c2-a2c7-2088a88b9bdf",
	"c67b3bac-d663-40e1-8617-9639e6518734",
	"36a4ab3b-0e63-4d6b-9e42-27097caa3dfd",
	2,
	1,
	'WasRun::run line: 2');
INSERT INTO E_ESS
	VALUES ("b440f0d0-37f7-45c2-a2c7-2088a88b9bdf",
	1,
	0,
	2,
	10,
	2,
	18,
	1,
	20,
	0,
	0,
	0,
	0);
INSERT INTO E_GES
	VALUES ("b440f0d0-37f7-45c2-a2c7-2088a88b9bdf");
INSERT INTO E_GSME
	VALUES ("b440f0d0-37f7-45c2-a2c7-2088a88b9bdf",
	"5b25a586-de1e-4786-99c8-3edd30a443a1");
INSERT INTO E_GEN
	VALUES ("b440f0d0-37f7-45c2-a2c7-2088a88b9bdf",
	"97ac0412-6aea-4884-97a8-7c78d9b3a373");
INSERT INTO ACT_SMT
	VALUES ("36a4ab3b-0e63-4d6b-9e42-27097caa3dfd",
	"c67b3bac-d663-40e1-8617-9639e6518734",
	"00000000-0000-0000-0000-000000000000",
	3,
	1,
	'WasRun::run line: 3');
INSERT INTO ACT_IF
	VALUES ("36a4ab3b-0e63-4d6b-9e42-27097caa3dfd",
	"90adf58f-0c95-423a-ad10-974cb1611ba1",
	"e087f8d2-3a61-41d5-bb93-d828f459b78a",
	"00000000-0000-0000-0000-000000000000",
	"00000000-0000-0000-0000-000000000000");
INSERT INTO ACT_SMT
	VALUES ("97fce237-a481-4526-8fd7-9b6512751033",
	"c67b3bac-d663-40e1-8617-9639e6518734",
	"00000000-0000-0000-0000-000000000000",
	5,
	1,
	'WasRun::run line: 5');
INSERT INTO ACT_EL
	VALUES ("97fce237-a481-4526-8fd7-9b6512751033",
	"0d7604d8-4b0a-42d4-b704-a571ae3ebadb",
	"86c06db4-4889-4823-8993-eb9c6d861354",
	"36a4ab3b-0e63-4d6b-9e42-27097caa3dfd");
INSERT INTO V_VAL
	VALUES ("8e5aa1bd-44e8-4d72-b52c-565400a85469",
	0,
	0,
	3,
	5,
	8,
	0,
	0,
	0,
	0,
	"ba5eda7a-def5-0000-0000-000000000008",
	"c67b3bac-d663-40e1-8617-9639e6518734");
INSERT INTO V_IRF
	VALUES ("8e5aa1bd-44e8-4d72-b52c-565400a85469",
	"483f6c5f-d059-4c14-b81d-efe7152949a4");
INSERT INTO V_VAL
	VALUES ("3396ab3a-0b32-416f-855a-dc8241619f12",
	0,
	0,
	3,
	10,
	13,
	0,
	0,
	0,
	0,
	"ba5eda7a-def5-0000-0000-000000000004",
	"c67b3bac-d663-40e1-8617-9639e6518734");
INSERT INTO V_AVL
	VALUES ("3396ab3a-0b32-416f-855a-dc8241619f12",
	"8e5aa1bd-44e8-4d72-b52c-565400a85469",
	"eb13984d-bc2a-446d-9fc1-6c735620090d",
	"2035c17c-9bb3-4af8-92bf-8c6ebc844299");
INSERT INTO V_VAL
	VALUES ("e087f8d2-3a61-41d5-bb93-d828f459b78a",
	0,
	0,
	3,
	10,
	28,
	0,
	0,
	0,
	0,
	"ba5eda7a-def5-0000-0000-000000000001",
	"c67b3bac-d663-40e1-8617-9639e6518734");
INSERT INTO V_BIN
	VALUES ("e087f8d2-3a61-41d5-bb93-d828f459b78a",
	"51be5c67-87fc-4076-bbd8-46afea838c86",
	"3396ab3a-0b32-416f-855a-dc8241619f12",
	'==');
INSERT INTO V_VAL
	VALUES ("51be5c67-87fc-4076-bbd8-46afea838c86",
	0,
	0,
	3,
	18,
	28,
	0,
	0,
	0,
	0,
	"ba5eda7a-def5-0000-0000-000000000004",
	"c67b3bac-d663-40e1-8617-9639e6518734");
INSERT INTO V_LST
	VALUES ("51be5c67-87fc-4076-bbd8-46afea838c86",
	'testMethod');
INSERT INTO V_VAL
	VALUES ("3ce85410-e578-4ccf-9efe-9163afd4e6a5",
	0,
	0,
	5,
	7,
	10,
	0,
	0,
	0,
	0,
	"ba5eda7a-def5-0000-0000-000000000008",
	"c67b3bac-d663-40e1-8617-9639e6518734");
INSERT INTO V_IRF
	VALUES ("3ce85410-e578-4ccf-9efe-9163afd4e6a5",
	"483f6c5f-d059-4c14-b81d-efe7152949a4");
INSERT INTO V_VAL
	VALUES ("bdaa2e38-eed5-49b8-845a-db90749b0c59",
	0,
	0,
	5,
	12,
	15,
	0,
	0,
	0,
	0,
	"ba5eda7a-def5-0000-0000-000000000004",
	"c67b3bac-d663-40e1-8617-9639e6518734");
INSERT INTO V_AVL
	VALUES ("bdaa2e38-eed5-49b8-845a-db90749b0c59",
	"3ce85410-e578-4ccf-9efe-9163afd4e6a5",
	"eb13984d-bc2a-446d-9fc1-6c735620090d",
	"2035c17c-9bb3-4af8-92bf-8c6ebc844299");
INSERT INTO V_VAL
	VALUES ("86c06db4-4889-4823-8993-eb9c6d861354",
	0,
	0,
	5,
	12,
	36,
	0,
	0,
	0,
	0,
	"ba5eda7a-def5-0000-0000-000000000001",
	"c67b3bac-d663-40e1-8617-9639e6518734");
INSERT INTO V_BIN
	VALUES ("86c06db4-4889-4823-8993-eb9c6d861354",
	"2076a703-4e82-4991-b34b-48448f687ad2",
	"bdaa2e38-eed5-49b8-845a-db90749b0c59",
	'==');
INSERT INTO V_VAL
	VALUES ("2076a703-4e82-4991-b34b-48448f687ad2",
	0,
	0,
	5,
	20,
	36,
	0,
	0,
	0,
	0,
	"ba5eda7a-def5-0000-0000-000000000004",
	"c67b3bac-d663-40e1-8617-9639e6518734");
INSERT INTO V_LST
	VALUES ("2076a703-4e82-4991-b34b-48448f687ad2",
	'testBrokenMethod');
INSERT INTO V_VAR
	VALUES ("97ac0412-6aea-4884-97a8-7c78d9b3a373",
	"c67b3bac-d663-40e1-8617-9639e6518734",
	'wr',
	1,
	"ba5eda7a-def5-0000-0000-000000000008");
INSERT INTO V_INT
	VALUES ("97ac0412-6aea-4884-97a8-7c78d9b3a373",
	0,
	"eb13984d-bc2a-446d-9fc1-6c735620090d");
INSERT INTO V_VAR
	VALUES ("483f6c5f-d059-4c14-b81d-efe7152949a4",
	"c67b3bac-d663-40e1-8617-9639e6518734",
	'self',
	1,
	"ba5eda7a-def5-0000-0000-000000000008");
INSERT INTO V_INT
	VALUES ("483f6c5f-d059-4c14-b81d-efe7152949a4",
	0,
	"eb13984d-bc2a-446d-9fc1-6c735620090d");
INSERT INTO ACT_BLK
	VALUES ("90adf58f-0c95-423a-ad10-974cb1611ba1",
	0,
	0,
	0,
	'',
	'',
	'',
	4,
	2,
	0,
	0,
	0,
	0,
	0,
	0,
	0,
	0,
	0,
	0,
	0,
	"bb8e5437-6bcf-470c-bf0a-960f420d8bc0",
	"00000000-0000-0000-0000-000000000000");
INSERT INTO ACT_SMT
	VALUES ("9451f5d9-3ed5-4295-8e9b-76ccd84b7283",
	"90adf58f-0c95-423a-ad10-974cb1611ba1",
	"00000000-0000-0000-0000-000000000000",
	4,
	2,
	'WasRun::run line: 4');
INSERT INTO ACT_TFM
	VALUES ("9451f5d9-3ed5-4295-8e9b-76ccd84b7283",
	"5b926d75-4421-418b-913a-c7099af33fa3",
	"483f6c5f-d059-4c14-b81d-efe7152949a4",
	4,
	7,
	0,
	0);
INSERT INTO ACT_BLK
	VALUES ("0d7604d8-4b0a-42d4-b704-a571ae3ebadb",
	0,
	0,
	0,
	'',
	'',
	'',
	6,
	25,
	0,
	0,
	0,
	0,
	0,
	0,
	0,
	0,
	0,
	0,
	0,
	"bb8e5437-6bcf-470c-bf0a-960f420d8bc0",
	"00000000-0000-0000-0000-000000000000");
INSERT INTO O_TFR
	VALUES ("84e1ac75-fa7b-4fa3-bca7-436972c5f0ec",
	"eb13984d-bc2a-446d-9fc1-6c735620090d",
	'setUp',
	'',
	"ba5eda7a-def5-0000-0000-000000000000",
	1,
	'self.log = "setUp ";',
	1,
	'',
	"c6e2f158-db49-4246-ab09-8de4fb4b1e47",
	0,
	3);
INSERT INTO ACT_OPB
	VALUES ("3dbe3fea-17a6-4a13-ba9c-bde95753ba5f",
	"84e1ac75-fa7b-4fa3-bca7-436972c5f0ec");
INSERT INTO ACT_ACT
	VALUES ("3dbe3fea-17a6-4a13-ba9c-bde95753ba5f",
	'operation',
	0,
	"3839aebb-a282-40b2-8f54-3e59abfb409c",
	"00000000-0000-0000-0000-000000000000",
	0,
	'WasRun::setUp',
	"00000000-0000-0000-0000-000000000000");
INSERT INTO ACT_BLK
	VALUES ("3839aebb-a282-40b2-8f54-3e59abfb409c",
	0,
	0,
	0,
	'',
	'',
	'',
	1,
	1,
	0,
	0,
	0,
	0,
	0,
	0,
	0,
	0,
	0,
	0,
	0,
	"3dbe3fea-17a6-4a13-ba9c-bde95753ba5f",
	"00000000-0000-0000-0000-000000000000");
INSERT INTO ACT_SMT
	VALUES ("5cbd5b70-adbd-4e1f-9280-7fd351082ff2",
	"3839aebb-a282-40b2-8f54-3e59abfb409c",
	"00000000-0000-0000-0000-000000000000",
	1,
	1,
	'WasRun::setUp line: 1');
INSERT INTO ACT_AI
	VALUES ("5cbd5b70-adbd-4e1f-9280-7fd351082ff2",
	"c4632799-6d12-4d36-9d7f-39eebcdd5a31",
	"f05635db-1bec-439d-ae4d-ba46cd6fc4ed",
	0,
	0);
INSERT INTO V_VAL
	VALUES ("cd84a0c7-3f04-4ad6-bf65-7c774760bbde",
	1,
	0,
	1,
	1,
	4,
	0,
	0,
	0,
	0,
	"ba5eda7a-def5-0000-0000-000000000008",
	"3839aebb-a282-40b2-8f54-3e59abfb409c");
INSERT INTO V_IRF
	VALUES ("cd84a0c7-3f04-4ad6-bf65-7c774760bbde",
	"5afc50f2-718c-4245-a047-74c0179ae990");
INSERT INTO V_VAL
	VALUES ("f05635db-1bec-439d-ae4d-ba46cd6fc4ed",
	1,
	0,
	1,
	6,
	8,
	0,
	0,
	0,
	0,
	"ba5eda7a-def5-0000-0000-000000000004",
	"3839aebb-a282-40b2-8f54-3e59abfb409c");
INSERT INTO V_AVL
	VALUES ("f05635db-1bec-439d-ae4d-ba46cd6fc4ed",
	"cd84a0c7-3f04-4ad6-bf65-7c774760bbde",
	"eb13984d-bc2a-446d-9fc1-6c735620090d",
	"09d1280d-c977-430c-b928-21b348d5dff0");
INSERT INTO V_VAL
	VALUES ("c4632799-6d12-4d36-9d7f-39eebcdd5a31",
	0,
	0,
	1,
	12,
	18,
	0,
	0,
	0,
	0,
	"ba5eda7a-def5-0000-0000-000000000004",
	"3839aebb-a282-40b2-8f54-3e59abfb409c");
INSERT INTO V_LST
	VALUES ("c4632799-6d12-4d36-9d7f-39eebcdd5a31",
	'setUp ');
INSERT INTO V_VAR
	VALUES ("5afc50f2-718c-4245-a047-74c0179ae990",
	"3839aebb-a282-40b2-8f54-3e59abfb409c",
	'self',
	1,
	"ba5eda7a-def5-0000-0000-000000000008");
INSERT INTO V_INT
	VALUES ("5afc50f2-718c-4245-a047-74c0179ae990",
	0,
	"eb13984d-bc2a-446d-9fc1-6c735620090d");
INSERT INTO O_TFR
	VALUES ("5b926d75-4421-418b-913a-c7099af33fa3",
	"eb13984d-bc2a-446d-9fc1-6c735620090d",
	'testMethod',
	'',
	"ba5eda7a-def5-0000-0000-000000000000",
	1,
	'self.log = self.log + "testMethod ";',
	1,
	'',
	"84e1ac75-fa7b-4fa3-bca7-436972c5f0ec",
	0,
	4);
INSERT INTO ACT_OPB
	VALUES ("b02ad318-44dd-4bf8-96bc-1451ca93cdb1",
	"5b926d75-4421-418b-913a-c7099af33fa3");
INSERT INTO ACT_ACT
	VALUES ("b02ad318-44dd-4bf8-96bc-1451ca93cdb1",
	'operation',
	0,
	"400ad467-ef95-4a0a-b242-5f13d14c7573",
	"00000000-0000-0000-0000-000000000000",
	0,
	'WasRun::testMethod',
	"00000000-0000-0000-0000-000000000000");
INSERT INTO ACT_BLK
	VALUES ("400ad467-ef95-4a0a-b242-5f13d14c7573",
	0,
	0,
	0,
	'',
	'',
	'',
	1,
	1,
	0,
	0,
	0,
	0,
	0,
	0,
	0,
	0,
	0,
	0,
	0,
	"b02ad318-44dd-4bf8-96bc-1451ca93cdb1",
	"00000000-0000-0000-0000-000000000000");
INSERT INTO ACT_SMT
	VALUES ("8b1a208a-b4a6-4d0e-a74a-456a8f4cb125",
	"400ad467-ef95-4a0a-b242-5f13d14c7573",
	"00000000-0000-0000-0000-000000000000",
	1,
	1,
	'WasRun::testMethod line: 1');
INSERT INTO ACT_AI
	VALUES ("8b1a208a-b4a6-4d0e-a74a-456a8f4cb125",
	"cc62f063-2a6a-4dbf-89d0-15534256ad43",
	"08018219-40c5-4788-8109-a9d1ee4fb3d3",
	0,
	0);
INSERT INTO V_VAL
	VALUES ("20ba6a1e-9fc4-4ef6-bed8-0cbec7f31270",
	1,
	0,
	1,
	1,
	4,
	0,
	0,
	0,
	0,
	"ba5eda7a-def5-0000-0000-000000000008",
	"400ad467-ef95-4a0a-b242-5f13d14c7573");
INSERT INTO V_IRF
	VALUES ("20ba6a1e-9fc4-4ef6-bed8-0cbec7f31270",
	"423c59cc-6ee7-477c-a220-6b92d6b70003");
INSERT INTO V_VAL
	VALUES ("08018219-40c5-4788-8109-a9d1ee4fb3d3",
	1,
	0,
	1,
	6,
	8,
	0,
	0,
	0,
	0,
	"ba5eda7a-def5-0000-0000-000000000004",
	"400ad467-ef95-4a0a-b242-5f13d14c7573");
INSERT INTO V_AVL
	VALUES ("08018219-40c5-4788-8109-a9d1ee4fb3d3",
	"20ba6a1e-9fc4-4ef6-bed8-0cbec7f31270",
	"eb13984d-bc2a-446d-9fc1-6c735620090d",
	"09d1280d-c977-430c-b928-21b348d5dff0");
INSERT INTO V_VAL
	VALUES ("7527f75f-9968-4455-ab57-f7796757e25e",
	0,
	0,
	1,
	12,
	15,
	0,
	0,
	0,
	0,
	"ba5eda7a-def5-0000-0000-000000000008",
	"400ad467-ef95-4a0a-b242-5f13d14c7573");
INSERT INTO V_IRF
	VALUES ("7527f75f-9968-4455-ab57-f7796757e25e",
	"423c59cc-6ee7-477c-a220-6b92d6b70003");
INSERT INTO V_VAL
	VALUES ("17ea1a8f-24f3-40c3-8189-b129cd39ec72",
	0,
	0,
	1,
	17,
	19,
	0,
	0,
	0,
	0,
	"ba5eda7a-def5-0000-0000-000000000004",
	"400ad467-ef95-4a0a-b242-5f13d14c7573");
INSERT INTO V_AVL
	VALUES ("17ea1a8f-24f3-40c3-8189-b129cd39ec72",
	"7527f75f-9968-4455-ab57-f7796757e25e",
	"eb13984d-bc2a-446d-9fc1-6c735620090d",
	"09d1280d-c977-430c-b928-21b348d5dff0");
INSERT INTO V_VAL
	VALUES ("cc62f063-2a6a-4dbf-89d0-15534256ad43",
	0,
	0,
	1,
	17,
	34,
	0,
	0,
	0,
	0,
	"ba5eda7a-def5-0000-0000-000000000004",
	"400ad467-ef95-4a0a-b242-5f13d14c7573");
INSERT INTO V_BIN
	VALUES ("cc62f063-2a6a-4dbf-89d0-15534256ad43",
	"0615a705-4b72-4788-8230-8b987b99a454",
	"17ea1a8f-24f3-40c3-8189-b129cd39ec72",
	'+');
INSERT INTO V_VAL
	VALUES ("0615a705-4b72-4788-8230-8b987b99a454",
	0,
	0,
	1,
	23,
	34,
	0,
	0,
	0,
	0,
	"ba5eda7a-def5-0000-0000-000000000004",
	"400ad467-ef95-4a0a-b242-5f13d14c7573");
INSERT INTO V_LST
	VALUES ("0615a705-4b72-4788-8230-8b987b99a454",
	'testMethod ');
INSERT INTO V_VAR
	VALUES ("423c59cc-6ee7-477c-a220-6b92d6b70003",
	"400ad467-ef95-4a0a-b242-5f13d14c7573",
	'self',
	1,
	"ba5eda7a-def5-0000-0000-000000000008");
INSERT INTO V_INT
	VALUES ("423c59cc-6ee7-477c-a220-6b92d6b70003",
	0,
	"eb13984d-bc2a-446d-9fc1-6c735620090d");
INSERT INTO O_TFR
	VALUES ("d62667e0-241f-4936-b768-efe195fab7c5",
	"eb13984d-bc2a-446d-9fc1-6c735620090d",
	'tearDown',
	'',
	"ba5eda7a-def5-0000-0000-000000000000",
	1,
	'self.log = self.log + "tearDown ";',
	1,
	'',
	"5b926d75-4421-418b-913a-c7099af33fa3",
	0,
	5);
INSERT INTO ACT_OPB
	VALUES ("9fc2e159-2b03-430d-8fba-95da42404229",
	"d62667e0-241f-4936-b768-efe195fab7c5");
INSERT INTO ACT_ACT
	VALUES ("9fc2e159-2b03-430d-8fba-95da42404229",
	'operation',
	0,
	"3d128955-7706-48e3-bf10-1e4c8f2b7619",
	"00000000-0000-0000-0000-000000000000",
	0,
	'WasRun::tearDown',
	"00000000-0000-0000-0000-000000000000");
INSERT INTO ACT_BLK
	VALUES ("3d128955-7706-48e3-bf10-1e4c8f2b7619",
	0,
	0,
	0,
	'',
	'',
	'',
	1,
	1,
	0,
	0,
	0,
	0,
	0,
	0,
	0,
	0,
	0,
	0,
	0,
	"9fc2e159-2b03-430d-8fba-95da42404229",
	"00000000-0000-0000-0000-000000000000");
INSERT INTO ACT_SMT
	VALUES ("869538c4-33af-4c83-a4b6-0fb7a68fa296",
	"3d128955-7706-48e3-bf10-1e4c8f2b7619",
	"00000000-0000-0000-0000-000000000000",
	1,
	1,
	'WasRun::tearDown line: 1');
INSERT INTO ACT_AI
	VALUES ("869538c4-33af-4c83-a4b6-0fb7a68fa296",
	"e3a8cf28-d576-461f-ba46-7d4aed698427",
	"98ed3049-a2a3-4d96-8447-e500bfe02f84",
	0,
	0);
INSERT INTO V_VAL
	VALUES ("dbe2b34b-df39-4ffd-a59e-ed6fa4155252",
	1,
	0,
	1,
	1,
	4,
	0,
	0,
	0,
	0,
	"ba5eda7a-def5-0000-0000-000000000008",
	"3d128955-7706-48e3-bf10-1e4c8f2b7619");
INSERT INTO V_IRF
	VALUES ("dbe2b34b-df39-4ffd-a59e-ed6fa4155252",
	"ce54a618-ba79-4054-a2f7-23b95ccbe4be");
INSERT INTO V_VAL
	VALUES ("98ed3049-a2a3-4d96-8447-e500bfe02f84",
	1,
	0,
	1,
	6,
	8,
	0,
	0,
	0,
	0,
	"ba5eda7a-def5-0000-0000-000000000004",
	"3d128955-7706-48e3-bf10-1e4c8f2b7619");
INSERT INTO V_AVL
	VALUES ("98ed3049-a2a3-4d96-8447-e500bfe02f84",
	"dbe2b34b-df39-4ffd-a59e-ed6fa4155252",
	"eb13984d-bc2a-446d-9fc1-6c735620090d",
	"09d1280d-c977-430c-b928-21b348d5dff0");
INSERT INTO V_VAL
	VALUES ("cc62ab77-9393-4b55-9b75-f67976edf45a",
	0,
	0,
	1,
	12,
	15,
	0,
	0,
	0,
	0,
	"ba5eda7a-def5-0000-0000-000000000008",
	"3d128955-7706-48e3-bf10-1e4c8f2b7619");
INSERT INTO V_IRF
	VALUES ("cc62ab77-9393-4b55-9b75-f67976edf45a",
	"ce54a618-ba79-4054-a2f7-23b95ccbe4be");
INSERT INTO V_VAL
	VALUES ("c4bfdce9-07a8-4fe9-b872-0141a13dbacf",
	0,
	0,
	1,
	17,
	19,
	0,
	0,
	0,
	0,
	"ba5eda7a-def5-0000-0000-000000000004",
	"3d128955-7706-48e3-bf10-1e4c8f2b7619");
INSERT INTO V_AVL
	VALUES ("c4bfdce9-07a8-4fe9-b872-0141a13dbacf",
	"cc62ab77-9393-4b55-9b75-f67976edf45a",
	"eb13984d-bc2a-446d-9fc1-6c735620090d",
	"09d1280d-c977-430c-b928-21b348d5dff0");
INSERT INTO V_VAL
	VALUES ("e3a8cf28-d576-461f-ba46-7d4aed698427",
	0,
	0,
	1,
	17,
	32,
	0,
	0,
	0,
	0,
	"ba5eda7a-def5-0000-0000-000000000004",
	"3d128955-7706-48e3-bf10-1e4c8f2b7619");
INSERT INTO V_BIN
	VALUES ("e3a8cf28-d576-461f-ba46-7d4aed698427",
	"16e1adf4-552b-4665-9404-cb17b03350c8",
	"c4bfdce9-07a8-4fe9-b872-0141a13dbacf",
	'+');
INSERT INTO V_VAL
	VALUES ("16e1adf4-552b-4665-9404-cb17b03350c8",
	0,
	0,
	1,
	23,
	32,
	0,
	0,
	0,
	0,
	"ba5eda7a-def5-0000-0000-000000000004",
	"3d128955-7706-48e3-bf10-1e4c8f2b7619");
INSERT INTO V_LST
	VALUES ("16e1adf4-552b-4665-9404-cb17b03350c8",
	'tearDown ');
INSERT INTO V_VAR
	VALUES ("ce54a618-ba79-4054-a2f7-23b95ccbe4be",
	"3d128955-7706-48e3-bf10-1e4c8f2b7619",
	'self',
	1,
	"ba5eda7a-def5-0000-0000-000000000008");
INSERT INTO V_INT
	VALUES ("ce54a618-ba79-4054-a2f7-23b95ccbe4be",
	0,
	"eb13984d-bc2a-446d-9fc1-6c735620090d");
INSERT INTO O_NBATTR
	VALUES ("6dcf4b7c-8e8f-402e-ab41-b368eb083510",
	"eb13984d-bc2a-446d-9fc1-6c735620090d");
INSERT INTO O_BATTR
	VALUES ("6dcf4b7c-8e8f-402e-ab41-b368eb083510",
	"eb13984d-bc2a-446d-9fc1-6c735620090d");
INSERT INTO O_ATTR
	VALUES ("6dcf4b7c-8e8f-402e-ab41-b368eb083510",
	"eb13984d-bc2a-446d-9fc1-6c735620090d",
	"00000000-0000-0000-0000-000000000000",
	'wasRun',
	'',
	'',
	'wasRun',
	0,
	"ba5eda7a-def5-0000-0000-000000000001",
	'',
	'');
INSERT INTO O_NBATTR
	VALUES ("2035c17c-9bb3-4af8-92bf-8c6ebc844299",
	"eb13984d-bc2a-446d-9fc1-6c735620090d");
INSERT INTO O_BATTR
	VALUES ("2035c17c-9bb3-4af8-92bf-8c6ebc844299",
	"eb13984d-bc2a-446d-9fc1-6c735620090d");
INSERT INTO O_ATTR
	VALUES ("2035c17c-9bb3-4af8-92bf-8c6ebc844299",
	"eb13984d-bc2a-446d-9fc1-6c735620090d",
	"6dcf4b7c-8e8f-402e-ab41-b368eb083510",
	'name',
	'',
	'',
	'name',
	0,
	"ba5eda7a-def5-0000-0000-000000000004",
	'',
	'');
INSERT INTO O_NBATTR
	VALUES ("b634fdb5-409c-4342-ad0a-9cb09f227d44",
	"eb13984d-bc2a-446d-9fc1-6c735620090d");
INSERT INTO O_BATTR
	VALUES ("b634fdb5-409c-4342-ad0a-9cb09f227d44",
	"eb13984d-bc2a-446d-9fc1-6c735620090d");
INSERT INTO O_ATTR
	VALUES ("b634fdb5-409c-4342-ad0a-9cb09f227d44",
	"eb13984d-bc2a-446d-9fc1-6c735620090d",
	"2035c17c-9bb3-4af8-92bf-8c6ebc844299",
	'current_state',
	'',
	'',
	'current_state',
	0,
	"ba5eda7a-def5-0000-0000-000000000006",
	'',
	'');
INSERT INTO O_NBATTR
	VALUES ("c659d5ed-6c9a-47a9-a93d-8aa2343fad21",
	"eb13984d-bc2a-446d-9fc1-6c735620090d");
INSERT INTO O_BATTR
	VALUES ("c659d5ed-6c9a-47a9-a93d-8aa2343fad21",
	"eb13984d-bc2a-446d-9fc1-6c735620090d");
INSERT INTO O_ATTR
	VALUES ("c659d5ed-6c9a-47a9-a93d-8aa2343fad21",
	"eb13984d-bc2a-446d-9fc1-6c735620090d",
	"b634fdb5-409c-4342-ad0a-9cb09f227d44",
	'wasSetUp',
	'',
	'',
	'wasSetUp',
	0,
	"ba5eda7a-def5-0000-0000-000000000001",
	'',
	'');
INSERT INTO O_NBATTR
	VALUES ("09d1280d-c977-430c-b928-21b348d5dff0",
	"eb13984d-bc2a-446d-9fc1-6c735620090d");
INSERT INTO O_BATTR
	VALUES ("09d1280d-c977-430c-b928-21b348d5dff0",
	"eb13984d-bc2a-446d-9fc1-6c735620090d");
INSERT INTO O_ATTR
	VALUES ("09d1280d-c977-430c-b928-21b348d5dff0",
	"eb13984d-bc2a-446d-9fc1-6c735620090d",
	"c659d5ed-6c9a-47a9-a93d-8aa2343fad21",
	'log',
	'',
	'',
	'log',
	0,
	"ba5eda7a-def5-0000-0000-000000000004",
	'',
	'');
INSERT INTO O_ID
	VALUES (0,
	"eb13984d-bc2a-446d-9fc1-6c735620090d");
INSERT INTO O_ID
	VALUES (1,
	"eb13984d-bc2a-446d-9fc1-6c735620090d");
INSERT INTO O_ID
	VALUES (2,
	"eb13984d-bc2a-446d-9fc1-6c735620090d");
INSERT INTO SM_ISM
	VALUES ("06278cef-dd12-42f1-8f9f-f04b0371754f",
	"eb13984d-bc2a-446d-9fc1-6c735620090d");
INSERT INTO SM_SM
	VALUES ("06278cef-dd12-42f1-8f9f-f04b0371754f",
	'',
	0);
INSERT INTO SM_MOORE
	VALUES ("06278cef-dd12-42f1-8f9f-f04b0371754f");
INSERT INTO SM_LEVT
	VALUES ("9c5b5753-071d-4c6a-a894-8466a8ba651f",
	"06278cef-dd12-42f1-8f9f-f04b0371754f",
	"00000000-0000-0000-0000-000000000000");
INSERT INTO SM_SEVT
	VALUES ("9c5b5753-071d-4c6a-a894-8466a8ba651f",
	"06278cef-dd12-42f1-8f9f-f04b0371754f",
	"00000000-0000-0000-0000-000000000000");
INSERT INTO SM_EVT
	VALUES ("9c5b5753-071d-4c6a-a894-8466a8ba651f",
	"06278cef-dd12-42f1-8f9f-f04b0371754f",
	"00000000-0000-0000-0000-000000000000",
	1,
	'callConstructor',
	0,
	'',
	'WasRun1',
	'');
INSERT INTO SM_LEVT
	VALUES ("5b25a586-de1e-4786-99c8-3edd30a443a1",
	"06278cef-dd12-42f1-8f9f-f04b0371754f",
	"00000000-0000-0000-0000-000000000000");
INSERT INTO SM_SEVT
	VALUES ("5b25a586-de1e-4786-99c8-3edd30a443a1",
	"06278cef-dd12-42f1-8f9f-f04b0371754f",
	"00000000-0000-0000-0000-000000000000");
INSERT INTO SM_EVT
	VALUES ("5b25a586-de1e-4786-99c8-3edd30a443a1",
	"06278cef-dd12-42f1-8f9f-f04b0371754f",
	"00000000-0000-0000-0000-000000000000",
	2,
	'run',
	0,
	'',
	'WasRun2',
	'');
INSERT INTO SM_LEVT
	VALUES ("6ada8978-a512-468b-8c67-cd9105b1c64f",
	"06278cef-dd12-42f1-8f9f-f04b0371754f",
	"00000000-0000-0000-0000-000000000000");
INSERT INTO SM_SEVT
	VALUES ("6ada8978-a512-468b-8c67-cd9105b1c64f",
	"06278cef-dd12-42f1-8f9f-f04b0371754f",
	"00000000-0000-0000-0000-000000000000");
INSERT INTO SM_EVT
	VALUES ("6ada8978-a512-468b-8c67-cd9105b1c64f",
	"06278cef-dd12-42f1-8f9f-f04b0371754f",
	"00000000-0000-0000-0000-000000000000",
	3,
	'fail',
	0,
	'',
	'WasRun3',
	'');
INSERT INTO SM_LEVT
	VALUES ("c9be63f6-ee71-47b5-9d49-9ec9492292d0",
	"06278cef-dd12-42f1-8f9f-f04b0371754f",
	"00000000-0000-0000-0000-000000000000");
INSERT INTO SM_SEVT
	VALUES ("c9be63f6-ee71-47b5-9d49-9ec9492292d0",
	"06278cef-dd12-42f1-8f9f-f04b0371754f",
	"00000000-0000-0000-0000-000000000000");
INSERT INTO SM_EVT
	VALUES ("c9be63f6-ee71-47b5-9d49-9ec9492292d0",
	"06278cef-dd12-42f1-8f9f-f04b0371754f",
	"00000000-0000-0000-0000-000000000000",
	4,
	'pass',
	0,
	'',
	'WasRun4',
	'');
INSERT INTO SM_STATE
	VALUES ("c6a7f29a-3d39-4ddf-a39d-43b3c21719ea",
	"06278cef-dd12-42f1-8f9f-f04b0371754f",
	"00000000-0000-0000-0000-000000000000",
	'NotRun',
	1,
	0);
INSERT INTO SM_CH
	VALUES ("c6a7f29a-3d39-4ddf-a39d-43b3c21719ea",
	"9c5b5753-071d-4c6a-a894-8466a8ba651f",
	"06278cef-dd12-42f1-8f9f-f04b0371754f",
	"00000000-0000-0000-0000-000000000000",
	'');
INSERT INTO SM_SEME
	VALUES ("c6a7f29a-3d39-4ddf-a39d-43b3c21719ea",
	"9c5b5753-071d-4c6a-a894-8466a8ba651f",
	"06278cef-dd12-42f1-8f9f-f04b0371754f",
	"00000000-0000-0000-0000-000000000000");
INSERT INTO SM_SEME
	VALUES ("c6a7f29a-3d39-4ddf-a39d-43b3c21719ea",
	"5b25a586-de1e-4786-99c8-3edd30a443a1",
	"06278cef-dd12-42f1-8f9f-f04b0371754f",
	"00000000-0000-0000-0000-000000000000");
INSERT INTO SM_CH
	VALUES ("c6a7f29a-3d39-4ddf-a39d-43b3c21719ea",
	"6ada8978-a512-468b-8c67-cd9105b1c64f",
	"06278cef-dd12-42f1-8f9f-f04b0371754f",
	"00000000-0000-0000-0000-000000000000",
	'');
INSERT INTO SM_SEME
	VALUES ("c6a7f29a-3d39-4ddf-a39d-43b3c21719ea",
	"6ada8978-a512-468b-8c67-cd9105b1c64f",
	"06278cef-dd12-42f1-8f9f-f04b0371754f",
	"00000000-0000-0000-0000-000000000000");
INSERT INTO SM_CH
	VALUES ("c6a7f29a-3d39-4ddf-a39d-43b3c21719ea",
	"c9be63f6-ee71-47b5-9d49-9ec9492292d0",
	"06278cef-dd12-42f1-8f9f-f04b0371754f",
	"00000000-0000-0000-0000-000000000000",
	'');
INSERT INTO SM_SEME
	VALUES ("c6a7f29a-3d39-4ddf-a39d-43b3c21719ea",
	"c9be63f6-ee71-47b5-9d49-9ec9492292d0",
	"06278cef-dd12-42f1-8f9f-f04b0371754f",
	"00000000-0000-0000-0000-000000000000");
INSERT INTO SM_MOAH
	VALUES ("d5db8ef4-508c-4cb3-9b6b-090aac92a237",
	"06278cef-dd12-42f1-8f9f-f04b0371754f",
	"c6a7f29a-3d39-4ddf-a39d-43b3c21719ea");
INSERT INTO SM_AH
	VALUES ("d5db8ef4-508c-4cb3-9b6b-090aac92a237",
	"06278cef-dd12-42f1-8f9f-f04b0371754f");
INSERT INTO SM_ACT
	VALUES ("d5db8ef4-508c-4cb3-9b6b-090aac92a237",
	"06278cef-dd12-42f1-8f9f-f04b0371754f",
	1,
	'',
	'',
	0);
INSERT INTO ACT_SAB
	VALUES ("d8b61e7d-c570-43f3-a213-5fc06154c021",
	"06278cef-dd12-42f1-8f9f-f04b0371754f",
	"d5db8ef4-508c-4cb3-9b6b-090aac92a237");
INSERT INTO ACT_ACT
	VALUES ("d8b61e7d-c570-43f3-a213-5fc06154c021",
	'state',
	0,
	"c50e7a9c-1998-436d-a17f-d172c73c454f",
	"00000000-0000-0000-0000-000000000000",
	0,
	'WasRun::NotRun',
	"00000000-0000-0000-0000-000000000000");
INSERT INTO ACT_BLK
	VALUES ("c50e7a9c-1998-436d-a17f-d172c73c454f",
	0,
	0,
	0,
	'',
	'',
	'',
	0,
	0,
	0,
	0,
	0,
	0,
	0,
	0,
	0,
	0,
	0,
	0,
	0,
	"d8b61e7d-c570-43f3-a213-5fc06154c021",
	"00000000-0000-0000-0000-000000000000");
INSERT INTO SM_STATE
	VALUES ("d24df9e0-3253-4f70-b23e-7e64b87110f3",
	"06278cef-dd12-42f1-8f9f-f04b0371754f",
	"00000000-0000-0000-0000-000000000000",
	'Running',
	2,
	0);
INSERT INTO SM_CH
	VALUES ("d24df9e0-3253-4f70-b23e-7e64b87110f3",
	"9c5b5753-071d-4c6a-a894-8466a8ba651f",
	"06278cef-dd12-42f1-8f9f-f04b0371754f",
	"00000000-0000-0000-0000-000000000000",
	'');
INSERT INTO SM_SEME
	VALUES ("d24df9e0-3253-4f70-b23e-7e64b87110f3",
	"9c5b5753-071d-4c6a-a894-8466a8ba651f",
	"06278cef-dd12-42f1-8f9f-f04b0371754f",
	"00000000-0000-0000-0000-000000000000");
INSERT INTO SM_CH
	VALUES ("d24df9e0-3253-4f70-b23e-7e64b87110f3",
	"5b25a586-de1e-4786-99c8-3edd30a443a1",
	"06278cef-dd12-42f1-8f9f-f04b0371754f",
	"00000000-0000-0000-0000-000000000000",
	'');
INSERT INTO SM_SEME
	VALUES ("d24df9e0-3253-4f70-b23e-7e64b87110f3",
	"5b25a586-de1e-4786-99c8-3edd30a443a1",
	"06278cef-dd12-42f1-8f9f-f04b0371754f",
	"00000000-0000-0000-0000-000000000000");
INSERT INTO SM_SEME
	VALUES ("d24df9e0-3253-4f70-b23e-7e64b87110f3",
	"6ada8978-a512-468b-8c67-cd9105b1c64f",
	"06278cef-dd12-42f1-8f9f-f04b0371754f",
	"00000000-0000-0000-0000-000000000000");
INSERT INTO SM_SEME
	VALUES ("d24df9e0-3253-4f70-b23e-7e64b87110f3",
	"c9be63f6-ee71-47b5-9d49-9ec9492292d0",
	"06278cef-dd12-42f1-8f9f-f04b0371754f",
	"00000000-0000-0000-0000-000000000000");
INSERT INTO SM_MOAH
	VALUES ("05d5d0fe-017e-4d9f-ae71-f5be629e0403",
	"06278cef-dd12-42f1-8f9f-f04b0371754f",
	"d24df9e0-3253-4f70-b23e-7e64b87110f3");
INSERT INTO SM_AH
	VALUES ("05d5d0fe-017e-4d9f-ae71-f5be629e0403",
	"06278cef-dd12-42f1-8f9f-f04b0371754f");
INSERT INTO SM_ACT
	VALUES ("05d5d0fe-017e-4d9f-ae71-f5be629e0403",
	"06278cef-dd12-42f1-8f9f-f04b0371754f",
	1,
	'',
	'',
	0);
INSERT INTO ACT_SAB
	VALUES ("55154dc7-d0d0-4be3-993c-089950666f91",
	"06278cef-dd12-42f1-8f9f-f04b0371754f",
	"05d5d0fe-017e-4d9f-ae71-f5be629e0403");
INSERT INTO ACT_ACT
	VALUES ("55154dc7-d0d0-4be3-993c-089950666f91",
	'state',
	0,
	"d4b4a795-daec-4ee1-97cd-4e13db5efaca",
	"00000000-0000-0000-0000-000000000000",
	0,
	'WasRun::Running',
	"00000000-0000-0000-0000-000000000000");
INSERT INTO ACT_BLK
	VALUES ("d4b4a795-daec-4ee1-97cd-4e13db5efaca",
	0,
	0,
	0,
	'',
	'',
	'',
	0,
	0,
	0,
	0,
	0,
	0,
	0,
	0,
	0,
	0,
	0,
	0,
	0,
	"55154dc7-d0d0-4be3-993c-089950666f91",
	"00000000-0000-0000-0000-000000000000");
INSERT INTO SM_STATE
	VALUES ("55347d69-bf99-418b-92b0-f8f508ea193c",
	"06278cef-dd12-42f1-8f9f-f04b0371754f",
	"00000000-0000-0000-0000-000000000000",
	'Passed',
	3,
	1);
INSERT INTO SM_CH
	VALUES ("55347d69-bf99-418b-92b0-f8f508ea193c",
	"9c5b5753-071d-4c6a-a894-8466a8ba651f",
	"06278cef-dd12-42f1-8f9f-f04b0371754f",
	"00000000-0000-0000-0000-000000000000",
	'');
INSERT INTO SM_SEME
	VALUES ("55347d69-bf99-418b-92b0-f8f508ea193c",
	"9c5b5753-071d-4c6a-a894-8466a8ba651f",
	"06278cef-dd12-42f1-8f9f-f04b0371754f",
	"00000000-0000-0000-0000-000000000000");
INSERT INTO SM_CH
	VALUES ("55347d69-bf99-418b-92b0-f8f508ea193c",
	"5b25a586-de1e-4786-99c8-3edd30a443a1",
	"06278cef-dd12-42f1-8f9f-f04b0371754f",
	"00000000-0000-0000-0000-000000000000",
	'');
INSERT INTO SM_SEME
	VALUES ("55347d69-bf99-418b-92b0-f8f508ea193c",
	"5b25a586-de1e-4786-99c8-3edd30a443a1",
	"06278cef-dd12-42f1-8f9f-f04b0371754f",
	"00000000-0000-0000-0000-000000000000");
INSERT INTO SM_CH
	VALUES ("55347d69-bf99-418b-92b0-f8f508ea193c",
	"6ada8978-a512-468b-8c67-cd9105b1c64f",
	"06278cef-dd12-42f1-8f9f-f04b0371754f",
	"00000000-0000-0000-0000-000000000000",
	'');
INSERT INTO SM_SEME
	VALUES ("55347d69-bf99-418b-92b0-f8f508ea193c",
	"6ada8978-a512-468b-8c67-cd9105b1c64f",
	"06278cef-dd12-42f1-8f9f-f04b0371754f",
	"00000000-0000-0000-0000-000000000000");
INSERT INTO SM_CH
	VALUES ("55347d69-bf99-418b-92b0-f8f508ea193c",
	"c9be63f6-ee71-47b5-9d49-9ec9492292d0",
	"06278cef-dd12-42f1-8f9f-f04b0371754f",
	"00000000-0000-0000-0000-000000000000",
	'');
INSERT INTO SM_SEME
	VALUES ("55347d69-bf99-418b-92b0-f8f508ea193c",
	"c9be63f6-ee71-47b5-9d49-9ec9492292d0",
	"06278cef-dd12-42f1-8f9f-f04b0371754f",
	"00000000-0000-0000-0000-000000000000");
INSERT INTO SM_MOAH
	VALUES ("dc11118d-090a-4475-a909-cc5f244166ed",
	"06278cef-dd12-42f1-8f9f-f04b0371754f",
	"55347d69-bf99-418b-92b0-f8f508ea193c");
INSERT INTO SM_AH
	VALUES ("dc11118d-090a-4475-a909-cc5f244166ed",
	"06278cef-dd12-42f1-8f9f-f04b0371754f");
INSERT INTO SM_ACT
	VALUES ("dc11118d-090a-4475-a909-cc5f244166ed",
	"06278cef-dd12-42f1-8f9f-f04b0371754f",
	1,
	'',
	'',
	0);
INSERT INTO ACT_SAB
	VALUES ("1712605a-b2ba-4bab-b7e8-876dd31bfe58",
	"06278cef-dd12-42f1-8f9f-f04b0371754f",
	"dc11118d-090a-4475-a909-cc5f244166ed");
INSERT INTO ACT_ACT
	VALUES ("1712605a-b2ba-4bab-b7e8-876dd31bfe58",
	'state',
	0,
	"33af1b30-98b9-4517-8090-b89316aeafb1",
	"00000000-0000-0000-0000-000000000000",
	0,
	'WasRun::Passed',
	"00000000-0000-0000-0000-000000000000");
INSERT INTO ACT_BLK
	VALUES ("33af1b30-98b9-4517-8090-b89316aeafb1",
	0,
	0,
	0,
	'',
	'',
	'',
	0,
	0,
	0,
	0,
	0,
	0,
	0,
	0,
	0,
	0,
	0,
	0,
	0,
	"1712605a-b2ba-4bab-b7e8-876dd31bfe58",
	"00000000-0000-0000-0000-000000000000");
INSERT INTO SM_STATE
	VALUES ("6418b075-abfe-425c-9fdc-441daab971ec",
	"06278cef-dd12-42f1-8f9f-f04b0371754f",
	"00000000-0000-0000-0000-000000000000",
	'Failed',
	4,
	1);
INSERT INTO SM_CH
	VALUES ("6418b075-abfe-425c-9fdc-441daab971ec",
	"9c5b5753-071d-4c6a-a894-8466a8ba651f",
	"06278cef-dd12-42f1-8f9f-f04b0371754f",
	"00000000-0000-0000-0000-000000000000",
	'');
INSERT INTO SM_SEME
	VALUES ("6418b075-abfe-425c-9fdc-441daab971ec",
	"9c5b5753-071d-4c6a-a894-8466a8ba651f",
	"06278cef-dd12-42f1-8f9f-f04b0371754f",
	"00000000-0000-0000-0000-000000000000");
INSERT INTO SM_CH
	VALUES ("6418b075-abfe-425c-9fdc-441daab971ec",
	"5b25a586-de1e-4786-99c8-3edd30a443a1",
	"06278cef-dd12-42f1-8f9f-f04b0371754f",
	"00000000-0000-0000-0000-000000000000",
	'');
INSERT INTO SM_SEME
	VALUES ("6418b075-abfe-425c-9fdc-441daab971ec",
	"5b25a586-de1e-4786-99c8-3edd30a443a1",
	"06278cef-dd12-42f1-8f9f-f04b0371754f",
	"00000000-0000-0000-0000-000000000000");
INSERT INTO SM_CH
	VALUES ("6418b075-abfe-425c-9fdc-441daab971ec",
	"6ada8978-a512-468b-8c67-cd9105b1c64f",
	"06278cef-dd12-42f1-8f9f-f04b0371754f",
	"00000000-0000-0000-0000-000000000000",
	'');
INSERT INTO SM_SEME
	VALUES ("6418b075-abfe-425c-9fdc-441daab971ec",
	"6ada8978-a512-468b-8c67-cd9105b1c64f",
	"06278cef-dd12-42f1-8f9f-f04b0371754f",
	"00000000-0000-0000-0000-000000000000");
INSERT INTO SM_CH
	VALUES ("6418b075-abfe-425c-9fdc-441daab971ec",
	"c9be63f6-ee71-47b5-9d49-9ec9492292d0",
	"06278cef-dd12-42f1-8f9f-f04b0371754f",
	"00000000-0000-0000-0000-000000000000",
	'');
INSERT INTO SM_SEME
	VALUES ("6418b075-abfe-425c-9fdc-441daab971ec",
	"c9be63f6-ee71-47b5-9d49-9ec9492292d0",
	"06278cef-dd12-42f1-8f9f-f04b0371754f",
	"00000000-0000-0000-0000-000000000000");
INSERT INTO SM_MOAH
	VALUES ("31d47f39-9ded-4839-9852-871bcb846600",
	"06278cef-dd12-42f1-8f9f-f04b0371754f",
	"6418b075-abfe-425c-9fdc-441daab971ec");
INSERT INTO SM_AH
	VALUES ("31d47f39-9ded-4839-9852-871bcb846600",
	"06278cef-dd12-42f1-8f9f-f04b0371754f");
INSERT INTO SM_ACT
	VALUES ("31d47f39-9ded-4839-9852-871bcb846600",
	"06278cef-dd12-42f1-8f9f-f04b0371754f",
	1,
	'',
	'',
	0);
INSERT INTO ACT_SAB
	VALUES ("1da003e7-39f7-4645-a761-989c9c01af95",
	"06278cef-dd12-42f1-8f9f-f04b0371754f",
	"31d47f39-9ded-4839-9852-871bcb846600");
INSERT INTO ACT_ACT
	VALUES ("1da003e7-39f7-4645-a761-989c9c01af95",
	'state',
	0,
	"a9070ea3-986f-439f-ab4f-54cbed10039a",
	"00000000-0000-0000-0000-000000000000",
	0,
	'WasRun::Failed',
	"00000000-0000-0000-0000-000000000000");
INSERT INTO ACT_BLK
	VALUES ("a9070ea3-986f-439f-ab4f-54cbed10039a",
	0,
	0,
	0,
	'',
	'',
	'',
	0,
	0,
	0,
	0,
	0,
	0,
	0,
	0,
	0,
	0,
	0,
	0,
	0,
	"1da003e7-39f7-4645-a761-989c9c01af95",
	"00000000-0000-0000-0000-000000000000");
INSERT INTO SM_CRTXN
	VALUES ("bf9e0927-e28e-4fcf-8f45-1e35a3fa62ac",
	"06278cef-dd12-42f1-8f9f-f04b0371754f",
	"9c5b5753-071d-4c6a-a894-8466a8ba651f",
	"00000000-0000-0000-0000-000000000000");
INSERT INTO SM_TAH
	VALUES ("7bfa43ad-6054-42a9-83f6-564a06a2a947",
	"06278cef-dd12-42f1-8f9f-f04b0371754f",
	"bf9e0927-e28e-4fcf-8f45-1e35a3fa62ac");
INSERT INTO SM_AH
	VALUES ("7bfa43ad-6054-42a9-83f6-564a06a2a947",
	"06278cef-dd12-42f1-8f9f-f04b0371754f");
INSERT INTO SM_ACT
	VALUES ("7bfa43ad-6054-42a9-83f6-564a06a2a947",
	"06278cef-dd12-42f1-8f9f-f04b0371754f",
	1,
	'',
	'',
	0);
INSERT INTO ACT_TAB
	VALUES ("9d582fa8-5187-4554-93f6-af7a9a7ec3aa",
	"06278cef-dd12-42f1-8f9f-f04b0371754f",
	"7bfa43ad-6054-42a9-83f6-564a06a2a947");
INSERT INTO ACT_ACT
	VALUES ("9d582fa8-5187-4554-93f6-af7a9a7ec3aa",
	'transition',
	0,
	"559fff61-79af-473f-ae42-a795d7c35ef1",
	"00000000-0000-0000-0000-000000000000",
	0,
	'WasRun1: callConstructor',
	"00000000-0000-0000-0000-000000000000");
INSERT INTO ACT_BLK
	VALUES ("559fff61-79af-473f-ae42-a795d7c35ef1",
	0,
	0,
	0,
	'',
	'',
	'',
	0,
	0,
	0,
	0,
	0,
	0,
	0,
	0,
	0,
	0,
	0,
	0,
	0,
	"9d582fa8-5187-4554-93f6-af7a9a7ec3aa",
	"00000000-0000-0000-0000-000000000000");
INSERT INTO SM_TXN
	VALUES ("bf9e0927-e28e-4fcf-8f45-1e35a3fa62ac",
	"06278cef-dd12-42f1-8f9f-f04b0371754f",
	"c6a7f29a-3d39-4ddf-a39d-43b3c21719ea",
	"00000000-0000-0000-0000-000000000000");
INSERT INTO SM_NSTXN
	VALUES ("f4352c9f-3e2f-4f67-8b45-39909c743fbe",
	"06278cef-dd12-42f1-8f9f-f04b0371754f",
	"c6a7f29a-3d39-4ddf-a39d-43b3c21719ea",
	"5b25a586-de1e-4786-99c8-3edd30a443a1",
	"00000000-0000-0000-0000-000000000000");
INSERT INTO SM_TAH
	VALUES ("e4180da1-0a15-4afa-90b8-dc98d70ca620",
	"06278cef-dd12-42f1-8f9f-f04b0371754f",
	"f4352c9f-3e2f-4f67-8b45-39909c743fbe");
INSERT INTO SM_AH
	VALUES ("e4180da1-0a15-4afa-90b8-dc98d70ca620",
	"06278cef-dd12-42f1-8f9f-f04b0371754f");
INSERT INTO SM_ACT
	VALUES ("e4180da1-0a15-4afa-90b8-dc98d70ca620",
	"06278cef-dd12-42f1-8f9f-f04b0371754f",
	1,
	'',
	'',
	0);
INSERT INTO ACT_TAB
	VALUES ("9ffdb744-9615-46ae-8242-39c9e5fc46db",
	"06278cef-dd12-42f1-8f9f-f04b0371754f",
	"e4180da1-0a15-4afa-90b8-dc98d70ca620");
INSERT INTO ACT_ACT
	VALUES ("9ffdb744-9615-46ae-8242-39c9e5fc46db",
	'transition',
	0,
	"8600ba3b-53d1-4984-a9ed-22e6371c3dbc",
	"00000000-0000-0000-0000-000000000000",
	0,
	'WasRun2: run',
	"00000000-0000-0000-0000-000000000000");
INSERT INTO ACT_BLK
	VALUES ("8600ba3b-53d1-4984-a9ed-22e6371c3dbc",
	0,
	0,
	0,
	'',
	'',
	'',
	0,
	0,
	0,
	0,
	0,
	0,
	0,
	0,
	0,
	0,
	0,
	0,
	0,
	"9ffdb744-9615-46ae-8242-39c9e5fc46db",
	"00000000-0000-0000-0000-000000000000");
INSERT INTO SM_TXN
	VALUES ("f4352c9f-3e2f-4f67-8b45-39909c743fbe",
	"06278cef-dd12-42f1-8f9f-f04b0371754f",
	"d24df9e0-3253-4f70-b23e-7e64b87110f3",
	"00000000-0000-0000-0000-000000000000");
INSERT INTO SM_NSTXN
	VALUES ("087bc6b0-1fe2-4b87-9030-066ee43ff317",
	"06278cef-dd12-42f1-8f9f-f04b0371754f",
	"d24df9e0-3253-4f70-b23e-7e64b87110f3",
	"c9be63f6-ee71-47b5-9d49-9ec9492292d0",
	"00000000-0000-0000-0000-000000000000");
INSERT INTO SM_TAH
	VALUES ("c45bdf67-2cc5-420c-9068-00dd74d48000",
	"06278cef-dd12-42f1-8f9f-f04b0371754f",
	"087bc6b0-1fe2-4b87-9030-066ee43ff317");
INSERT INTO SM_AH
	VALUES ("c45bdf67-2cc5-420c-9068-00dd74d48000",
	"06278cef-dd12-42f1-8f9f-f04b0371754f");
INSERT INTO SM_ACT
	VALUES ("c45bdf67-2cc5-420c-9068-00dd74d48000",
	"06278cef-dd12-42f1-8f9f-f04b0371754f",
	1,
	'',
	'',
	0);
INSERT INTO ACT_TAB
	VALUES ("f8b71ef4-249b-478a-bb66-8fccf1a832ca",
	"06278cef-dd12-42f1-8f9f-f04b0371754f",
	"c45bdf67-2cc5-420c-9068-00dd74d48000");
INSERT INTO ACT_ACT
	VALUES ("f8b71ef4-249b-478a-bb66-8fccf1a832ca",
	'transition',
	0,
	"9b7114b5-788f-4e54-bc06-ececb703619c",
	"00000000-0000-0000-0000-000000000000",
	0,
	'WasRun4: pass',
	"00000000-0000-0000-0000-000000000000");
INSERT INTO ACT_BLK
	VALUES ("9b7114b5-788f-4e54-bc06-ececb703619c",
	0,
	0,
	0,
	'',
	'',
	'',
	0,
	0,
	0,
	0,
	0,
	0,
	0,
	0,
	0,
	0,
	0,
	0,
	0,
	"f8b71ef4-249b-478a-bb66-8fccf1a832ca",
	"00000000-0000-0000-0000-000000000000");
INSERT INTO SM_TXN
	VALUES ("087bc6b0-1fe2-4b87-9030-066ee43ff317",
	"06278cef-dd12-42f1-8f9f-f04b0371754f",
	"55347d69-bf99-418b-92b0-f8f508ea193c",
	"00000000-0000-0000-0000-000000000000");
INSERT INTO SM_NSTXN
	VALUES ("02d7a046-2449-4be0-a10b-b193d21e63f7",
	"06278cef-dd12-42f1-8f9f-f04b0371754f",
	"d24df9e0-3253-4f70-b23e-7e64b87110f3",
	"6ada8978-a512-468b-8c67-cd9105b1c64f",
	"00000000-0000-0000-0000-000000000000");
INSERT INTO SM_TAH
	VALUES ("63116fbc-566d-47d4-9709-cb24aa61dfac",
	"06278cef-dd12-42f1-8f9f-f04b0371754f",
	"02d7a046-2449-4be0-a10b-b193d21e63f7");
INSERT INTO SM_AH
	VALUES ("63116fbc-566d-47d4-9709-cb24aa61dfac",
	"06278cef-dd12-42f1-8f9f-f04b0371754f");
INSERT INTO SM_ACT
	VALUES ("63116fbc-566d-47d4-9709-cb24aa61dfac",
	"06278cef-dd12-42f1-8f9f-f04b0371754f",
	1,
	'',
	'',
	0);
INSERT INTO ACT_TAB
	VALUES ("a84093e8-5876-4145-a757-34c003197357",
	"06278cef-dd12-42f1-8f9f-f04b0371754f",
	"63116fbc-566d-47d4-9709-cb24aa61dfac");
INSERT INTO ACT_ACT
	VALUES ("a84093e8-5876-4145-a757-34c003197357",
	'transition',
	0,
	"82f61fd1-b17d-42eb-8001-1060b5c01738",
	"00000000-0000-0000-0000-000000000000",
	0,
	'WasRun3: fail',
	"00000000-0000-0000-0000-000000000000");
INSERT INTO ACT_BLK
	VALUES ("82f61fd1-b17d-42eb-8001-1060b5c01738",
	0,
	0,
	0,
	'',
	'',
	'',
	0,
	0,
	0,
	0,
	0,
	0,
	0,
	0,
	0,
	0,
	0,
	0,
	0,
	"a84093e8-5876-4145-a757-34c003197357",
	"00000000-0000-0000-0000-000000000000");
INSERT INTO SM_TXN
	VALUES ("02d7a046-2449-4be0-a10b-b193d21e63f7",
	"06278cef-dd12-42f1-8f9f-f04b0371754f",
	"6418b075-abfe-425c-9fdc-441daab971ec",
	"00000000-0000-0000-0000-000000000000");
INSERT INTO PE_PE
	VALUES ("c3cea6f2-6706-4c01-bd9f-cfb21428d08d",
	1,
	"78ec567f-1c2c-4c76-a0d8-279bfcd6f228",
	"00000000-0000-0000-0000-000000000000",
	4);
INSERT INTO O_OBJ
	VALUES ("c3cea6f2-6706-4c01-bd9f-cfb21428d08d",
	'TestCase',
	2,
	'TestCase',
	'',
	"00000000-0000-0000-0000-000000000000");
INSERT INTO O_TFR
	VALUES ("6f93012e-4cc1-407b-9b29-ac41bc60fdab",
	"c3cea6f2-6706-4c01-bd9f-cfb21428d08d",
	'run',
	'',
	"ba5eda7a-def5-0000-0000-000000000000",
	1,
	'result.testStarted();
self.setUp();
if (self.name == "testMethod") then
	self.testMethod();
elif (self.name == "brokenTestMethod") then
	self.brokenTestMethod();
end if;
self.tearDown();',
	1,
	'',
	"00000000-0000-0000-0000-000000000000",
	0,
	1);
INSERT INTO O_TPARM
	VALUES ("2bf216ed-1866-4963-b4ca-7096dcd65f4d",
	"6f93012e-4cc1-407b-9b29-ac41bc60fdab",
	'result',
	"ba5eda7a-def5-0000-0000-00000000000d",
	0,
	'',
	"00000000-0000-0000-0000-000000000000",
	'');
INSERT INTO ACT_OPB
	VALUES ("452dfbc5-a002-42ed-9e57-43f3a75edc09",
	"6f93012e-4cc1-407b-9b29-ac41bc60fdab");
INSERT INTO ACT_ACT
	VALUES ("452dfbc5-a002-42ed-9e57-43f3a75edc09",
	'operation',
	0,
	"fc4c5cea-4e99-4da6-8352-3d9221db3bc4",
	"00000000-0000-0000-0000-000000000000",
	0,
	'TestCase::run',
	"00000000-0000-0000-0000-000000000000");
INSERT INTO ACT_BLK
	VALUES ("fc4c5cea-4e99-4da6-8352-3d9221db3bc4",
	0,
	0,
	0,
	'',
	'',
	'',
	8,
	1,
	0,
	0,
	0,
	0,
	0,
	0,
	0,
	0,
	0,
	0,
	0,
	"452dfbc5-a002-42ed-9e57-43f3a75edc09",
	"00000000-0000-0000-0000-000000000000");
INSERT INTO ACT_SMT
	VALUES ("038c075c-4a33-42b4-887e-cd3dd7631df2",
	"fc4c5cea-4e99-4da6-8352-3d9221db3bc4",
	"95321175-23ea-4cc0-8e84-bd8bd28d14f1",
	2,
	1,
	'TestCase::run line: 2');
INSERT INTO ACT_TFM
	VALUES ("038c075c-4a33-42b4-887e-cd3dd7631df2",
	"13bd687d-bd84-4ad7-b985-79a6b67aecbc",
	"03531a6a-aba8-46f6-bc21-50f264d89ec5",
	2,
	6,
	0,
	0);
INSERT INTO ACT_SMT
	VALUES ("95321175-23ea-4cc0-8e84-bd8bd28d14f1",
	"fc4c5cea-4e99-4da6-8352-3d9221db3bc4",
	"2749d3a6-33b1-4875-87a6-d7163293c767",
	3,
	1,
	'TestCase::run line: 3');
INSERT INTO ACT_IF
	VALUES ("95321175-23ea-4cc0-8e84-bd8bd28d14f1",
	"af84b53b-4b14-4ec8-991f-19657406fd92",
	"88841538-ca14-450f-a030-01995299db0c",
	"00000000-0000-0000-0000-000000000000",
	"00000000-0000-0000-0000-000000000000");
INSERT INTO ACT_SMT
	VALUES ("e5c5fa1a-dd44-428e-b44b-fa4cea158d2e",
	"fc4c5cea-4e99-4da6-8352-3d9221db3bc4",
	"00000000-0000-0000-0000-000000000000",
	5,
	1,
	'TestCase::run line: 5');
INSERT INTO ACT_EL
	VALUES ("e5c5fa1a-dd44-428e-b44b-fa4cea158d2e",
	"b0d44a48-0e9d-4893-b4dd-8ff2c396d19e",
	"0b6bd358-f3db-48c0-b8e3-6bedd6df38a6",
	"95321175-23ea-4cc0-8e84-bd8bd28d14f1");
INSERT INTO ACT_SMT
	VALUES ("2749d3a6-33b1-4875-87a6-d7163293c767",
	"fc4c5cea-4e99-4da6-8352-3d9221db3bc4",
	"00000000-0000-0000-0000-000000000000",
	8,
	1,
	'TestCase::run line: 8');
INSERT INTO ACT_TFM
	VALUES ("2749d3a6-33b1-4875-87a6-d7163293c767",
	"8c80fe5a-6e53-4772-a30e-b2ed3745c5cd",
	"03531a6a-aba8-46f6-bc21-50f264d89ec5",
	8,
	6,
	0,
	0);
INSERT INTO V_VAL
	VALUES ("ec695654-3f6b-46a9-9bcf-2f708e7a40e1",
	0,
	0,
	3,
	5,
	8,
	0,
	0,
	0,
	0,
	"ba5eda7a-def5-0000-0000-000000000008",
	"fc4c5cea-4e99-4da6-8352-3d9221db3bc4");
INSERT INTO V_IRF
	VALUES ("ec695654-3f6b-46a9-9bcf-2f708e7a40e1",
	"03531a6a-aba8-46f6-bc21-50f264d89ec5");
INSERT INTO V_VAL
	VALUES ("7fc017d8-faec-44f5-85c1-610b34c642ed",
	0,
	0,
	3,
	10,
	13,
	0,
	0,
	0,
	0,
	"ba5eda7a-def5-0000-0000-000000000004",
	"fc4c5cea-4e99-4da6-8352-3d9221db3bc4");
INSERT INTO V_AVL
	VALUES ("7fc017d8-faec-44f5-85c1-610b34c642ed",
	"ec695654-3f6b-46a9-9bcf-2f708e7a40e1",
	"c3cea6f2-6706-4c01-bd9f-cfb21428d08d",
	"2ec18765-75cb-4f32-a5fc-504e65fe0d04");
INSERT INTO V_VAL
	VALUES ("88841538-ca14-450f-a030-01995299db0c",
	0,
	0,
	3,
	10,
	28,
	0,
	0,
	0,
	0,
	"ba5eda7a-def5-0000-0000-000000000001",
	"fc4c5cea-4e99-4da6-8352-3d9221db3bc4");
INSERT INTO V_BIN
	VALUES ("88841538-ca14-450f-a030-01995299db0c",
	"55d8e5ff-2b59-45aa-a753-12ad47ffd348",
	"7fc017d8-faec-44f5-85c1-610b34c642ed",
	'==');
INSERT INTO V_VAL
	VALUES ("55d8e5ff-2b59-45aa-a753-12ad47ffd348",
	0,
	0,
	3,
	18,
	28,
	0,
	0,
	0,
	0,
	"ba5eda7a-def5-0000-0000-000000000004",
	"fc4c5cea-4e99-4da6-8352-3d9221db3bc4");
INSERT INTO V_LST
	VALUES ("55d8e5ff-2b59-45aa-a753-12ad47ffd348",
	'testMethod');
INSERT INTO V_VAL
	VALUES ("ca6681be-80c5-4415-812d-2597942b519d",
	0,
	0,
	5,
	7,
	10,
	0,
	0,
	0,
	0,
	"ba5eda7a-def5-0000-0000-000000000008",
	"fc4c5cea-4e99-4da6-8352-3d9221db3bc4");
INSERT INTO V_IRF
	VALUES ("ca6681be-80c5-4415-812d-2597942b519d",
	"03531a6a-aba8-46f6-bc21-50f264d89ec5");
INSERT INTO V_VAL
	VALUES ("2d532cc0-331c-4176-b16c-640f35341074",
	0,
	0,
	5,
	12,
	15,
	0,
	0,
	0,
	0,
	"ba5eda7a-def5-0000-0000-000000000004",
	"fc4c5cea-4e99-4da6-8352-3d9221db3bc4");
INSERT INTO V_AVL
	VALUES ("2d532cc0-331c-4176-b16c-640f35341074",
	"ca6681be-80c5-4415-812d-2597942b519d",
	"c3cea6f2-6706-4c01-bd9f-cfb21428d08d",
	"2ec18765-75cb-4f32-a5fc-504e65fe0d04");
INSERT INTO V_VAL
	VALUES ("0b6bd358-f3db-48c0-b8e3-6bedd6df38a6",
	0,
	0,
	5,
	12,
	36,
	0,
	0,
	0,
	0,
	"ba5eda7a-def5-0000-0000-000000000001",
	"fc4c5cea-4e99-4da6-8352-3d9221db3bc4");
INSERT INTO V_BIN
	VALUES ("0b6bd358-f3db-48c0-b8e3-6bedd6df38a6",
	"cbd388cf-bda5-4a20-b3ac-a0c3ce9b5b14",
	"2d532cc0-331c-4176-b16c-640f35341074",
	'==');
INSERT INTO V_VAL
	VALUES ("cbd388cf-bda5-4a20-b3ac-a0c3ce9b5b14",
	0,
	0,
	5,
	20,
	36,
	0,
	0,
	0,
	0,
	"ba5eda7a-def5-0000-0000-000000000004",
	"fc4c5cea-4e99-4da6-8352-3d9221db3bc4");
INSERT INTO V_LST
	VALUES ("cbd388cf-bda5-4a20-b3ac-a0c3ce9b5b14",
	'brokenTestMethod');
INSERT INTO V_VAR
	VALUES ("03531a6a-aba8-46f6-bc21-50f264d89ec5",
	"fc4c5cea-4e99-4da6-8352-3d9221db3bc4",
	'self',
	1,
	"ba5eda7a-def5-0000-0000-000000000008");
INSERT INTO V_INT
	VALUES ("03531a6a-aba8-46f6-bc21-50f264d89ec5",
	0,
	"c3cea6f2-6706-4c01-bd9f-cfb21428d08d");
INSERT INTO ACT_BLK
	VALUES ("af84b53b-4b14-4ec8-991f-19657406fd92",
	0,
	0,
	0,
	'',
	'',
	'',
	4,
	19,
	0,
	0,
	0,
	0,
	0,
	0,
	0,
	0,
	0,
	0,
	0,
	"452dfbc5-a002-42ed-9e57-43f3a75edc09",
	"00000000-0000-0000-0000-000000000000");
INSERT INTO ACT_BLK
	VALUES ("b0d44a48-0e9d-4893-b4dd-8ff2c396d19e",
	0,
	0,
	0,
	'',
	'',
	'',
	6,
	25,
	0,
	0,
	0,
	0,
	0,
	0,
	0,
	0,
	0,
	0,
	0,
	"452dfbc5-a002-42ed-9e57-43f3a75edc09",
	"00000000-0000-0000-0000-000000000000");
INSERT INTO O_TFR
	VALUES ("13bd687d-bd84-4ad7-b985-79a6b67aecbc",
	"c3cea6f2-6706-4c01-bd9f-cfb21428d08d",
	'setUp',
	'',
	"ba5eda7a-def5-0000-0000-000000000000",
	1,
	'',
	1,
	'',
	"6f93012e-4cc1-407b-9b29-ac41bc60fdab",
	0,
	3);
INSERT INTO ACT_OPB
	VALUES ("f9708b9a-de47-41d1-8767-f34775b06961",
	"13bd687d-bd84-4ad7-b985-79a6b67aecbc");
INSERT INTO ACT_ACT
	VALUES ("f9708b9a-de47-41d1-8767-f34775b06961",
	'operation',
	0,
	"1a00cf90-2666-4d6e-9c66-8e1f67c4d8ff",
	"00000000-0000-0000-0000-000000000000",
	0,
	'TestCase::setUp',
	"00000000-0000-0000-0000-000000000000");
INSERT INTO ACT_BLK
	VALUES ("1a00cf90-2666-4d6e-9c66-8e1f67c4d8ff",
	0,
	0,
	0,
	'',
	'',
	'',
	0,
	0,
	0,
	0,
	0,
	0,
	0,
	0,
	0,
	0,
	0,
	0,
	0,
	"f9708b9a-de47-41d1-8767-f34775b06961",
	"00000000-0000-0000-0000-000000000000");
INSERT INTO O_TFR
	VALUES ("8c80fe5a-6e53-4772-a30e-b2ed3745c5cd",
	"c3cea6f2-6706-4c01-bd9f-cfb21428d08d",
	'tearDown',
	'',
	"ba5eda7a-def5-0000-0000-000000000000",
	1,
	'',
	1,
	'',
	"13bd687d-bd84-4ad7-b985-79a6b67aecbc",
	0,
	4);
INSERT INTO ACT_OPB
	VALUES ("41ca05c7-365f-4726-b8ae-b7e67ca563dc",
	"8c80fe5a-6e53-4772-a30e-b2ed3745c5cd");
INSERT INTO ACT_ACT
	VALUES ("41ca05c7-365f-4726-b8ae-b7e67ca563dc",
	'operation',
	0,
	"42e407de-b864-4c7e-8cf8-47da9eef8b03",
	"00000000-0000-0000-0000-000000000000",
	0,
	'TestCase::tearDown',
	"00000000-0000-0000-0000-000000000000");
INSERT INTO ACT_BLK
	VALUES ("42e407de-b864-4c7e-8cf8-47da9eef8b03",
	0,
	0,
	0,
	'',
	'',
	'',
	0,
	0,
	0,
	0,
	0,
	0,
	0,
	0,
	0,
	0,
	0,
	0,
	0,
	"41ca05c7-365f-4726-b8ae-b7e67ca563dc",
	"00000000-0000-0000-0000-000000000000");
INSERT INTO O_NBATTR
	VALUES ("2ec18765-75cb-4f32-a5fc-504e65fe0d04",
	"c3cea6f2-6706-4c01-bd9f-cfb21428d08d");
INSERT INTO O_BATTR
	VALUES ("2ec18765-75cb-4f32-a5fc-504e65fe0d04",
	"c3cea6f2-6706-4c01-bd9f-cfb21428d08d");
INSERT INTO O_ATTR
	VALUES ("2ec18765-75cb-4f32-a5fc-504e65fe0d04",
	"c3cea6f2-6706-4c01-bd9f-cfb21428d08d",
	"00000000-0000-0000-0000-000000000000",
	'name',
	'',
	'',
	'name',
	0,
	"ba5eda7a-def5-0000-0000-000000000004",
	'',
	'');
INSERT INTO O_NBATTR
	VALUES ("1b2d4116-7162-4f1f-a47a-887538c4a7cf",
	"c3cea6f2-6706-4c01-bd9f-cfb21428d08d");
INSERT INTO O_BATTR
	VALUES ("1b2d4116-7162-4f1f-a47a-887538c4a7cf",
	"c3cea6f2-6706-4c01-bd9f-cfb21428d08d");
INSERT INTO O_ATTR
	VALUES ("1b2d4116-7162-4f1f-a47a-887538c4a7cf",
	"c3cea6f2-6706-4c01-bd9f-cfb21428d08d",
	"2ec18765-75cb-4f32-a5fc-504e65fe0d04",
	'current_state',
	'',
	'',
	'current_state',
	0,
	"ba5eda7a-def5-0000-0000-000000000006",
	'',
	'');
INSERT INTO O_ID
	VALUES (0,
	"c3cea6f2-6706-4c01-bd9f-cfb21428d08d");
INSERT INTO O_ID
	VALUES (1,
	"c3cea6f2-6706-4c01-bd9f-cfb21428d08d");
INSERT INTO O_ID
	VALUES (2,
	"c3cea6f2-6706-4c01-bd9f-cfb21428d08d");
INSERT INTO SM_ISM
	VALUES ("a90ecb3a-6a5c-4a41-8c83-4a152c249ce3",
	"c3cea6f2-6706-4c01-bd9f-cfb21428d08d");
INSERT INTO SM_SM
	VALUES ("a90ecb3a-6a5c-4a41-8c83-4a152c249ce3",
	'',
	0);
INSERT INTO SM_MOORE
	VALUES ("a90ecb3a-6a5c-4a41-8c83-4a152c249ce3");
INSERT INTO SM_LEVT
	VALUES ("17d971ad-ec16-4eff-b3be-18d2defc45a0",
	"a90ecb3a-6a5c-4a41-8c83-4a152c249ce3",
	"00000000-0000-0000-0000-000000000000");
INSERT INTO SM_SEVT
	VALUES ("17d971ad-ec16-4eff-b3be-18d2defc45a0",
	"a90ecb3a-6a5c-4a41-8c83-4a152c249ce3",
	"00000000-0000-0000-0000-000000000000");
INSERT INTO SM_EVT
	VALUES ("17d971ad-ec16-4eff-b3be-18d2defc45a0",
	"a90ecb3a-6a5c-4a41-8c83-4a152c249ce3",
	"00000000-0000-0000-0000-000000000000",
	1,
	'execute',
	0,
	'',
	'TestCase1',
	'');
INSERT INTO SM_LEVT
	VALUES ("2fb3726f-2299-4270-93d6-e35d6e5458a6",
	"a90ecb3a-6a5c-4a41-8c83-4a152c249ce3",
	"00000000-0000-0000-0000-000000000000");
INSERT INTO SM_SEVT
	VALUES ("2fb3726f-2299-4270-93d6-e35d6e5458a6",
	"a90ecb3a-6a5c-4a41-8c83-4a152c249ce3",
	"00000000-0000-0000-0000-000000000000");
INSERT INTO SM_EVT
	VALUES ("2fb3726f-2299-4270-93d6-e35d6e5458a6",
	"a90ecb3a-6a5c-4a41-8c83-4a152c249ce3",
	"00000000-0000-0000-0000-000000000000",
	2,
	'finish',
	0,
	'',
	'TestCase2',
	'');
INSERT INTO SM_STATE
	VALUES ("e5302ef8-298e-45e1-a0b2-f572b4ce2d9f",
	"a90ecb3a-6a5c-4a41-8c83-4a152c249ce3",
	"00000000-0000-0000-0000-000000000000",
	'Idle',
	1,
	0);
INSERT INTO SM_SEME
	VALUES ("e5302ef8-298e-45e1-a0b2-f572b4ce2d9f",
	"17d971ad-ec16-4eff-b3be-18d2defc45a0",
	"a90ecb3a-6a5c-4a41-8c83-4a152c249ce3",
	"00000000-0000-0000-0000-000000000000");
INSERT INTO SM_CH
	VALUES ("e5302ef8-298e-45e1-a0b2-f572b4ce2d9f",
	"2fb3726f-2299-4270-93d6-e35d6e5458a6",
	"a90ecb3a-6a5c-4a41-8c83-4a152c249ce3",
	"00000000-0000-0000-0000-000000000000",
	'');
INSERT INTO SM_SEME
	VALUES ("e5302ef8-298e-45e1-a0b2-f572b4ce2d9f",
	"2fb3726f-2299-4270-93d6-e35d6e5458a6",
	"a90ecb3a-6a5c-4a41-8c83-4a152c249ce3",
	"00000000-0000-0000-0000-000000000000");
INSERT INTO SM_MOAH
	VALUES ("abed9325-9cef-4575-a820-5f0e266ad1e7",
	"a90ecb3a-6a5c-4a41-8c83-4a152c249ce3",
	"e5302ef8-298e-45e1-a0b2-f572b4ce2d9f");
INSERT INTO SM_AH
	VALUES ("abed9325-9cef-4575-a820-5f0e266ad1e7",
	"a90ecb3a-6a5c-4a41-8c83-4a152c249ce3");
INSERT INTO SM_ACT
	VALUES ("abed9325-9cef-4575-a820-5f0e266ad1e7",
	"a90ecb3a-6a5c-4a41-8c83-4a152c249ce3",
	1,
	'',
	'',
	0);
INSERT INTO ACT_SAB
	VALUES ("efc6980c-632a-47af-a757-13ec3083af93",
	"a90ecb3a-6a5c-4a41-8c83-4a152c249ce3",
	"abed9325-9cef-4575-a820-5f0e266ad1e7");
INSERT INTO ACT_ACT
	VALUES ("efc6980c-632a-47af-a757-13ec3083af93",
	'state',
	0,
	"40e114a3-9ad1-4251-8510-d20ee2e94f43",
	"00000000-0000-0000-0000-000000000000",
	0,
	'TestCase::Idle',
	"00000000-0000-0000-0000-000000000000");
INSERT INTO ACT_BLK
	VALUES ("40e114a3-9ad1-4251-8510-d20ee2e94f43",
	0,
	0,
	0,
	'',
	'',
	'',
	0,
	0,
	0,
	0,
	0,
	0,
	0,
	0,
	0,
	0,
	0,
	0,
	0,
	"efc6980c-632a-47af-a757-13ec3083af93",
	"00000000-0000-0000-0000-000000000000");
INSERT INTO SM_STATE
	VALUES ("32ccfb9a-0074-462a-aad7-e0951d4f6ced",
	"a90ecb3a-6a5c-4a41-8c83-4a152c249ce3",
	"00000000-0000-0000-0000-000000000000",
	'Running',
	2,
	0);
INSERT INTO SM_CH
	VALUES ("32ccfb9a-0074-462a-aad7-e0951d4f6ced",
	"17d971ad-ec16-4eff-b3be-18d2defc45a0",
	"a90ecb3a-6a5c-4a41-8c83-4a152c249ce3",
	"00000000-0000-0000-0000-000000000000",
	'');
INSERT INTO SM_SEME
	VALUES ("32ccfb9a-0074-462a-aad7-e0951d4f6ced",
	"17d971ad-ec16-4eff-b3be-18d2defc45a0",
	"a90ecb3a-6a5c-4a41-8c83-4a152c249ce3",
	"00000000-0000-0000-0000-000000000000");
INSERT INTO SM_SEME
	VALUES ("32ccfb9a-0074-462a-aad7-e0951d4f6ced",
	"2fb3726f-2299-4270-93d6-e35d6e5458a6",
	"a90ecb3a-6a5c-4a41-8c83-4a152c249ce3",
	"00000000-0000-0000-0000-000000000000");
INSERT INTO SM_MOAH
	VALUES ("a9f6d504-39e4-4017-87e0-e9abde8b7a0d",
	"a90ecb3a-6a5c-4a41-8c83-4a152c249ce3",
	"32ccfb9a-0074-462a-aad7-e0951d4f6ced");
INSERT INTO SM_AH
	VALUES ("a9f6d504-39e4-4017-87e0-e9abde8b7a0d",
	"a90ecb3a-6a5c-4a41-8c83-4a152c249ce3");
INSERT INTO SM_ACT
	VALUES ("a9f6d504-39e4-4017-87e0-e9abde8b7a0d",
	"a90ecb3a-6a5c-4a41-8c83-4a152c249ce3",
	1,
	'',
	'',
	0);
INSERT INTO ACT_SAB
	VALUES ("d5e6a8c4-2ca5-4867-85d6-7d8da1c0629f",
	"a90ecb3a-6a5c-4a41-8c83-4a152c249ce3",
	"a9f6d504-39e4-4017-87e0-e9abde8b7a0d");
INSERT INTO ACT_ACT
	VALUES ("d5e6a8c4-2ca5-4867-85d6-7d8da1c0629f",
	'state',
	0,
	"4d773c37-6f8a-474c-890b-57e035909b72",
	"00000000-0000-0000-0000-000000000000",
	0,
	'TestCase::Running',
	"00000000-0000-0000-0000-000000000000");
INSERT INTO ACT_BLK
	VALUES ("4d773c37-6f8a-474c-890b-57e035909b72",
	0,
	0,
	0,
	'',
	'',
	'',
	0,
	0,
	0,
	0,
	0,
	0,
	0,
	0,
	0,
	0,
	0,
	0,
	0,
	"d5e6a8c4-2ca5-4867-85d6-7d8da1c0629f",
	"00000000-0000-0000-0000-000000000000");
INSERT INTO SM_STATE
	VALUES ("c59bf844-50d0-4bb7-8f25-7bfc27260cd2",
	"a90ecb3a-6a5c-4a41-8c83-4a152c249ce3",
	"00000000-0000-0000-0000-000000000000",
	'Completed',
	3,
	0);
INSERT INTO SM_CH
	VALUES ("c59bf844-50d0-4bb7-8f25-7bfc27260cd2",
	"17d971ad-ec16-4eff-b3be-18d2defc45a0",
	"a90ecb3a-6a5c-4a41-8c83-4a152c249ce3",
	"00000000-0000-0000-0000-000000000000",
	'');
INSERT INTO SM_SEME
	VALUES ("c59bf844-50d0-4bb7-8f25-7bfc27260cd2",
	"17d971ad-ec16-4eff-b3be-18d2defc45a0",
	"a90ecb3a-6a5c-4a41-8c83-4a152c249ce3",
	"00000000-0000-0000-0000-000000000000");
INSERT INTO SM_CH
	VALUES ("c59bf844-50d0-4bb7-8f25-7bfc27260cd2",
	"2fb3726f-2299-4270-93d6-e35d6e5458a6",
	"a90ecb3a-6a5c-4a41-8c83-4a152c249ce3",
	"00000000-0000-0000-0000-000000000000",
	'');
INSERT INTO SM_SEME
	VALUES ("c59bf844-50d0-4bb7-8f25-7bfc27260cd2",
	"2fb3726f-2299-4270-93d6-e35d6e5458a6",
	"a90ecb3a-6a5c-4a41-8c83-4a152c249ce3",
	"00000000-0000-0000-0000-000000000000");
INSERT INTO SM_MOAH
	VALUES ("de68ad68-88c1-44c8-bd7f-a6c566fcbf64",
	"a90ecb3a-6a5c-4a41-8c83-4a152c249ce3",
	"c59bf844-50d0-4bb7-8f25-7bfc27260cd2");
INSERT INTO SM_AH
	VALUES ("de68ad68-88c1-44c8-bd7f-a6c566fcbf64",
	"a90ecb3a-6a5c-4a41-8c83-4a152c249ce3");
INSERT INTO SM_ACT
	VALUES ("de68ad68-88c1-44c8-bd7f-a6c566fcbf64",
	"a90ecb3a-6a5c-4a41-8c83-4a152c249ce3",
	1,
	'',
	'',
	0);
INSERT INTO ACT_SAB
	VALUES ("3ef40586-3fd3-42d4-84ad-fc0168821c9b",
	"a90ecb3a-6a5c-4a41-8c83-4a152c249ce3",
	"de68ad68-88c1-44c8-bd7f-a6c566fcbf64");
INSERT INTO ACT_ACT
	VALUES ("3ef40586-3fd3-42d4-84ad-fc0168821c9b",
	'state',
	0,
	"0c646245-c50c-4911-84cb-45899bba69ba",
	"00000000-0000-0000-0000-000000000000",
	0,
	'TestCase::Completed',
	"00000000-0000-0000-0000-000000000000");
INSERT INTO ACT_BLK
	VALUES ("0c646245-c50c-4911-84cb-45899bba69ba",
	0,
	0,
	0,
	'',
	'',
	'',
	0,
	0,
	0,
	0,
	0,
	0,
	0,
	0,
	0,
	0,
	0,
	0,
	0,
	"3ef40586-3fd3-42d4-84ad-fc0168821c9b",
	"00000000-0000-0000-0000-000000000000");
INSERT INTO SM_NSTXN
	VALUES ("4e735e08-568f-4c0a-88e6-51bb35bc74b2",
	"a90ecb3a-6a5c-4a41-8c83-4a152c249ce3",
	"e5302ef8-298e-45e1-a0b2-f572b4ce2d9f",
	"17d971ad-ec16-4eff-b3be-18d2defc45a0",
	"00000000-0000-0000-0000-000000000000");
INSERT INTO SM_TAH
	VALUES ("05af065a-0a93-46db-94e0-ac638064285e",
	"a90ecb3a-6a5c-4a41-8c83-4a152c249ce3",
	"4e735e08-568f-4c0a-88e6-51bb35bc74b2");
INSERT INTO SM_AH
	VALUES ("05af065a-0a93-46db-94e0-ac638064285e",
	"a90ecb3a-6a5c-4a41-8c83-4a152c249ce3");
INSERT INTO SM_ACT
	VALUES ("05af065a-0a93-46db-94e0-ac638064285e",
	"a90ecb3a-6a5c-4a41-8c83-4a152c249ce3",
	1,
	'',
	'',
	0);
INSERT INTO ACT_TAB
	VALUES ("e06542e1-70fa-4679-9f0a-3c7462167037",
	"a90ecb3a-6a5c-4a41-8c83-4a152c249ce3",
	"05af065a-0a93-46db-94e0-ac638064285e");
INSERT INTO ACT_ACT
	VALUES ("e06542e1-70fa-4679-9f0a-3c7462167037",
	'transition',
	0,
	"ff3c19e6-0981-4eb9-bc32-1c0e938a31dc",
	"00000000-0000-0000-0000-000000000000",
	0,
	'TestCase1: execute',
	"00000000-0000-0000-0000-000000000000");
INSERT INTO ACT_BLK
	VALUES ("ff3c19e6-0981-4eb9-bc32-1c0e938a31dc",
	0,
	0,
	0,
	'',
	'',
	'',
	0,
	0,
	0,
	0,
	0,
	0,
	0,
	0,
	0,
	0,
	0,
	0,
	0,
	"e06542e1-70fa-4679-9f0a-3c7462167037",
	"00000000-0000-0000-0000-000000000000");
INSERT INTO SM_TXN
	VALUES ("4e735e08-568f-4c0a-88e6-51bb35bc74b2",
	"a90ecb3a-6a5c-4a41-8c83-4a152c249ce3",
	"32ccfb9a-0074-462a-aad7-e0951d4f6ced",
	"00000000-0000-0000-0000-000000000000");
INSERT INTO SM_NSTXN
	VALUES ("1cfd963e-328d-448f-accc-2ea273c7f286",
	"a90ecb3a-6a5c-4a41-8c83-4a152c249ce3",
	"32ccfb9a-0074-462a-aad7-e0951d4f6ced",
	"2fb3726f-2299-4270-93d6-e35d6e5458a6",
	"00000000-0000-0000-0000-000000000000");
INSERT INTO SM_TAH
	VALUES ("877c1e38-4faa-45ac-b2f4-b29701e037b9",
	"a90ecb3a-6a5c-4a41-8c83-4a152c249ce3",
	"1cfd963e-328d-448f-accc-2ea273c7f286");
INSERT INTO SM_AH
	VALUES ("877c1e38-4faa-45ac-b2f4-b29701e037b9",
	"a90ecb3a-6a5c-4a41-8c83-4a152c249ce3");
INSERT INTO SM_ACT
	VALUES ("877c1e38-4faa-45ac-b2f4-b29701e037b9",
	"a90ecb3a-6a5c-4a41-8c83-4a152c249ce3",
	1,
	'',
	'',
	0);
INSERT INTO ACT_TAB
	VALUES ("0027937b-4791-4667-a9c7-6208e0fdd350",
	"a90ecb3a-6a5c-4a41-8c83-4a152c249ce3",
	"877c1e38-4faa-45ac-b2f4-b29701e037b9");
INSERT INTO ACT_ACT
	VALUES ("0027937b-4791-4667-a9c7-6208e0fdd350",
	'transition',
	0,
	"615ae77c-2b9c-4306-b3f6-e5b0afff99e0",
	"00000000-0000-0000-0000-000000000000",
	0,
	'TestCase2: finish',
	"00000000-0000-0000-0000-000000000000");
INSERT INTO ACT_BLK
	VALUES ("615ae77c-2b9c-4306-b3f6-e5b0afff99e0",
	0,
	0,
	0,
	'',
	'',
	'',
	0,
	0,
	0,
	0,
	0,
	0,
	0,
	0,
	0,
	0,
	0,
	0,
	0,
	"0027937b-4791-4667-a9c7-6208e0fdd350",
	"00000000-0000-0000-0000-000000000000");
INSERT INTO SM_TXN
	VALUES ("1cfd963e-328d-448f-accc-2ea273c7f286",
	"a90ecb3a-6a5c-4a41-8c83-4a152c249ce3",
	"c59bf844-50d0-4bb7-8f25-7bfc27260cd2",
	"00000000-0000-0000-0000-000000000000");
INSERT INTO PE_PE
	VALUES ("bb4060ca-60db-4b67-88b9-a767e88d5489",
	1,
	"00000000-0000-0000-0000-000000000000",
	"80f37f31-181e-47de-8187-9c0847723075",
	7);
INSERT INTO EP_PKG
	VALUES ("bb4060ca-60db-4b67-88b9-a767e88d5489",
	"00000000-0000-0000-0000-000000000000",
	"3fb1e19e-15ec-4cf6-b9cd-c12bb3584d02",
	'Functions',
	'',
	0);
INSERT INTO PE_PE
	VALUES ("516752ea-fd88-4bc0-88d1-6acd6a10e77e",
	1,
	"bb4060ca-60db-4b67-88b9-a767e88d5489",
	"00000000-0000-0000-0000-000000000000",
	1);
INSERT INTO S_SYNC
	VALUES ("516752ea-fd88-4bc0-88d1-6acd6a10e77e",
	"00000000-0000-0000-0000-000000000000",
	'createWasRun',
	'',
	'create object instance wr of WasRun;
wr.name = "temp";
wr.setUp();
wr.run();',
	"ba5eda7a-def5-0000-0000-000000000000",
	1,
	'',
	0,
	2);
INSERT INTO ACT_FNB
	VALUES ("3c321856-9323-4046-9cb2-39bdee25da2f",
	"516752ea-fd88-4bc0-88d1-6acd6a10e77e");
INSERT INTO ACT_ACT
	VALUES ("3c321856-9323-4046-9cb2-39bdee25da2f",
	'function',
	0,
	"791725df-0a54-42b4-9ed6-57bab6ecb959",
	"00000000-0000-0000-0000-000000000000",
	0,
	'createWasRun',
	"00000000-0000-0000-0000-000000000000");
INSERT INTO ACT_BLK
	VALUES ("791725df-0a54-42b4-9ed6-57bab6ecb959",
	0,
	0,
	0,
	'',
	'',
	'',
	4,
	1,
	1,
	30,
	0,
	0,
	0,
	0,
	0,
	0,
	0,
	0,
	0,
	"3c321856-9323-4046-9cb2-39bdee25da2f",
	"00000000-0000-0000-0000-000000000000");
INSERT INTO ACT_SMT
	VALUES ("80f6e957-c641-4966-b86f-8404f084c16d",
	"791725df-0a54-42b4-9ed6-57bab6ecb959",
	"8611f255-426a-471c-a6ca-61ed580deecd",
	1,
	1,
	'createWasRun line: 1');
INSERT INTO ACT_CR
	VALUES ("80f6e957-c641-4966-b86f-8404f084c16d",
	"af0c5e55-a8aa-4cf2-92af-a21ebff1f3f3",
	1,
	"eb13984d-bc2a-446d-9fc1-6c735620090d",
	1,
	30);
INSERT INTO ACT_SMT
	VALUES ("8611f255-426a-471c-a6ca-61ed580deecd",
	"791725df-0a54-42b4-9ed6-57bab6ecb959",
	"267a620d-adb3-4c95-8782-63d7be90326d",
	2,
	1,
	'createWasRun line: 2');
INSERT INTO ACT_AI
	VALUES ("8611f255-426a-471c-a6ca-61ed580deecd",
	"c85b0c47-4943-4fb0-89c9-16269e815508",
	"01e30d0d-b6da-44fa-b68c-46ad6e2a1d5f",
	0,
	0);
INSERT INTO ACT_SMT
	VALUES ("267a620d-adb3-4c95-8782-63d7be90326d",
	"791725df-0a54-42b4-9ed6-57bab6ecb959",
	"2399872b-72ac-478b-bfbb-7236130dbc37",
	3,
	1,
	'createWasRun line: 3');
INSERT INTO ACT_TFM
	VALUES ("267a620d-adb3-4c95-8782-63d7be90326d",
	"84e1ac75-fa7b-4fa3-bca7-436972c5f0ec",
	"af0c5e55-a8aa-4cf2-92af-a21ebff1f3f3",
	3,
	4,
	0,
	0);
INSERT INTO ACT_SMT
	VALUES ("2399872b-72ac-478b-bfbb-7236130dbc37",
	"791725df-0a54-42b4-9ed6-57bab6ecb959",
	"00000000-0000-0000-0000-000000000000",
	4,
	1,
	'createWasRun line: 4');
INSERT INTO ACT_TFM
	VALUES ("2399872b-72ac-478b-bfbb-7236130dbc37",
	"c6e2f158-db49-4246-ab09-8de4fb4b1e47",
	"af0c5e55-a8aa-4cf2-92af-a21ebff1f3f3",
	4,
	4,
	0,
	0);
INSERT INTO V_VAL
	VALUES ("ea90eecb-bba4-4796-a243-4aad5afbf94a",
	1,
	0,
	2,
	1,
	2,
	0,
	0,
	0,
	0,
	"ba5eda7a-def5-0000-0000-000000000008",
	"791725df-0a54-42b4-9ed6-57bab6ecb959");
INSERT INTO V_IRF
	VALUES ("ea90eecb-bba4-4796-a243-4aad5afbf94a",
	"af0c5e55-a8aa-4cf2-92af-a21ebff1f3f3");
INSERT INTO V_VAL
	VALUES ("01e30d0d-b6da-44fa-b68c-46ad6e2a1d5f",
	1,
	0,
	2,
	4,
	7,
	0,
	0,
	0,
	0,
	"ba5eda7a-def5-0000-0000-000000000004",
	"791725df-0a54-42b4-9ed6-57bab6ecb959");
INSERT INTO V_AVL
	VALUES ("01e30d0d-b6da-44fa-b68c-46ad6e2a1d5f",
	"ea90eecb-bba4-4796-a243-4aad5afbf94a",
	"eb13984d-bc2a-446d-9fc1-6c735620090d",
	"2035c17c-9bb3-4af8-92bf-8c6ebc844299");
INSERT INTO V_VAL
	VALUES ("c85b0c47-4943-4fb0-89c9-16269e815508",
	0,
	0,
	2,
	11,
	15,
	0,
	0,
	0,
	0,
	"ba5eda7a-def5-0000-0000-000000000004",
	"791725df-0a54-42b4-9ed6-57bab6ecb959");
INSERT INTO V_LST
	VALUES ("c85b0c47-4943-4fb0-89c9-16269e815508",
	'temp');
INSERT INTO V_VAR
	VALUES ("af0c5e55-a8aa-4cf2-92af-a21ebff1f3f3",
	"791725df-0a54-42b4-9ed6-57bab6ecb959",
	'wr',
	1,
	"ba5eda7a-def5-0000-0000-000000000008");
INSERT INTO V_INT
	VALUES ("af0c5e55-a8aa-4cf2-92af-a21ebff1f3f3",
	0,
	"eb13984d-bc2a-446d-9fc1-6c735620090d");
INSERT INTO PE_PE
	VALUES ("a071dfd3-aeb0-40c3-b3e0-20a3a8e3c6d8",
	1,
	"bb4060ca-60db-4b67-88b9-a767e88d5489",
	"00000000-0000-0000-0000-000000000000",
	1);
INSERT INTO S_SYNC
	VALUES ("a071dfd3-aeb0-40c3-b3e0-20a3a8e3c6d8",
	"00000000-0000-0000-0000-000000000000",
	'createTestCase',
	'',
	'create object instance tc of TestCase;
tc.name = "testMethod";
tc.setUp();
tc.run();',
	"ba5eda7a-def5-0000-0000-000000000000",
	1,
	'',
	0,
	3);
INSERT INTO ACT_FNB
	VALUES ("7d5eff30-21eb-4701-a8a1-636836af7eb6",
	"a071dfd3-aeb0-40c3-b3e0-20a3a8e3c6d8");
INSERT INTO ACT_ACT
	VALUES ("7d5eff30-21eb-4701-a8a1-636836af7eb6",
	'function',
	0,
	"9e298270-fe10-418a-84d3-9ab3dcef4bd0",
	"00000000-0000-0000-0000-000000000000",
	0,
	'createTestCase',
	"00000000-0000-0000-0000-000000000000");
INSERT INTO ACT_BLK
	VALUES ("9e298270-fe10-418a-84d3-9ab3dcef4bd0",
	0,
	0,
	0,
	'',
	'',
	'',
	4,
	1,
	1,
	30,
	0,
	0,
	0,
	0,
	0,
	0,
	0,
	0,
	0,
	"7d5eff30-21eb-4701-a8a1-636836af7eb6",
	"00000000-0000-0000-0000-000000000000");
INSERT INTO ACT_SMT
	VALUES ("0097b6aa-00b4-48ef-b6e1-bddba0d50625",
	"9e298270-fe10-418a-84d3-9ab3dcef4bd0",
	"d2fc66e7-08c0-4b3e-ad02-2ece09973365",
	1,
	1,
	'createTestCase line: 1');
INSERT INTO ACT_CR
	VALUES ("0097b6aa-00b4-48ef-b6e1-bddba0d50625",
	"85ee8322-3f3d-4ed7-9274-be826e7c72ed",
	1,
	"c3cea6f2-6706-4c01-bd9f-cfb21428d08d",
	1,
	30);
INSERT INTO ACT_SMT
	VALUES ("d2fc66e7-08c0-4b3e-ad02-2ece09973365",
	"9e298270-fe10-418a-84d3-9ab3dcef4bd0",
	"08ae3c59-20c5-4440-81c8-b0465d395865",
	2,
	1,
	'createTestCase line: 2');
INSERT INTO ACT_AI
	VALUES ("d2fc66e7-08c0-4b3e-ad02-2ece09973365",
	"8c22e644-dd26-40c7-8dc8-ff2fa8a1811e",
	"f51886f7-7d38-46ee-9939-7cf4eba932b2",
	0,
	0);
INSERT INTO ACT_SMT
	VALUES ("08ae3c59-20c5-4440-81c8-b0465d395865",
	"9e298270-fe10-418a-84d3-9ab3dcef4bd0",
	"00000000-0000-0000-0000-000000000000",
	3,
	1,
	'createTestCase line: 3');
INSERT INTO ACT_TFM
	VALUES ("08ae3c59-20c5-4440-81c8-b0465d395865",
	"13bd687d-bd84-4ad7-b985-79a6b67aecbc",
	"85ee8322-3f3d-4ed7-9274-be826e7c72ed",
	3,
	4,
	0,
	0);
INSERT INTO V_VAL
	VALUES ("3239d56f-f41d-452a-a7b9-c85c2065aeea",
	1,
	0,
	2,
	1,
	2,
	0,
	0,
	0,
	0,
	"ba5eda7a-def5-0000-0000-000000000008",
	"9e298270-fe10-418a-84d3-9ab3dcef4bd0");
INSERT INTO V_IRF
	VALUES ("3239d56f-f41d-452a-a7b9-c85c2065aeea",
	"85ee8322-3f3d-4ed7-9274-be826e7c72ed");
INSERT INTO V_VAL
	VALUES ("f51886f7-7d38-46ee-9939-7cf4eba932b2",
	1,
	0,
	2,
	4,
	7,
	0,
	0,
	0,
	0,
	"ba5eda7a-def5-0000-0000-000000000004",
	"9e298270-fe10-418a-84d3-9ab3dcef4bd0");
INSERT INTO V_AVL
	VALUES ("f51886f7-7d38-46ee-9939-7cf4eba932b2",
	"3239d56f-f41d-452a-a7b9-c85c2065aeea",
	"c3cea6f2-6706-4c01-bd9f-cfb21428d08d",
	"2ec18765-75cb-4f32-a5fc-504e65fe0d04");
INSERT INTO V_VAL
	VALUES ("8c22e644-dd26-40c7-8dc8-ff2fa8a1811e",
	0,
	0,
	2,
	11,
	21,
	0,
	0,
	0,
	0,
	"ba5eda7a-def5-0000-0000-000000000004",
	"9e298270-fe10-418a-84d3-9ab3dcef4bd0");
INSERT INTO V_LST
	VALUES ("8c22e644-dd26-40c7-8dc8-ff2fa8a1811e",
	'testMethod');
INSERT INTO V_VAR
	VALUES ("85ee8322-3f3d-4ed7-9274-be826e7c72ed",
	"9e298270-fe10-418a-84d3-9ab3dcef4bd0",
	'tc',
	1,
	"ba5eda7a-def5-0000-0000-000000000008");
INSERT INTO V_INT
	VALUES ("85ee8322-3f3d-4ed7-9274-be826e7c72ed",
	0,
	"c3cea6f2-6706-4c01-bd9f-cfb21428d08d");
INSERT INTO PE_PE
	VALUES ("ba5eda7a-def5-0000-0000-000000000000",
	1,
	"00000000-0000-0000-0000-000000000000",
	"00000000-0000-0000-0000-000000000000",
	3);
INSERT INTO S_DT
	VALUES ("ba5eda7a-def5-0000-0000-000000000000",
	"00000000-0000-0000-0000-000000000000",
	'void',
	'',
	'');
INSERT INTO S_CDT
	VALUES ("ba5eda7a-def5-0000-0000-000000000000",
	0);
INSERT INTO PE_PE
	VALUES ("ba5eda7a-def5-0000-0000-000000000001",
	1,
	"00000000-0000-0000-0000-000000000000",
	"00000000-0000-0000-0000-000000000000",
	3);
INSERT INTO S_DT
	VALUES ("ba5eda7a-def5-0000-0000-000000000001",
	"00000000-0000-0000-0000-000000000000",
	'boolean',
	'',
	'');
INSERT INTO S_CDT
	VALUES ("ba5eda7a-def5-0000-0000-000000000001",
	1);
INSERT INTO PE_PE
	VALUES ("ba5eda7a-def5-0000-0000-000000000002",
	1,
	"00000000-0000-0000-0000-000000000000",
	"00000000-0000-0000-0000-000000000000",
	3);
INSERT INTO S_DT
	VALUES ("ba5eda7a-def5-0000-0000-000000000002",
	"00000000-0000-0000-0000-000000000000",
	'integer',
	'',
	'');
INSERT INTO S_CDT
	VALUES ("ba5eda7a-def5-0000-0000-000000000002",
	2);
INSERT INTO PE_PE
	VALUES ("ba5eda7a-def5-0000-0000-000000000003",
	1,
	"00000000-0000-0000-0000-000000000000",
	"00000000-0000-0000-0000-000000000000",
	3);
INSERT INTO S_DT
	VALUES ("ba5eda7a-def5-0000-0000-000000000003",
	"00000000-0000-0000-0000-000000000000",
	'real',
	'',
	'');
INSERT INTO S_CDT
	VALUES ("ba5eda7a-def5-0000-0000-000000000003",
	3);
INSERT INTO PE_PE
	VALUES ("ba5eda7a-def5-0000-0000-000000000004",
	1,
	"00000000-0000-0000-0000-000000000000",
	"00000000-0000-0000-0000-000000000000",
	3);
INSERT INTO S_DT
	VALUES ("ba5eda7a-def5-0000-0000-000000000004",
	"00000000-0000-0000-0000-000000000000",
	'string',
	'',
	'');
INSERT INTO S_CDT
	VALUES ("ba5eda7a-def5-0000-0000-000000000004",
	4);
INSERT INTO PE_PE
	VALUES ("ba5eda7a-def5-0000-0000-000000000005",
	1,
	"00000000-0000-0000-0000-000000000000",
	"00000000-0000-0000-0000-000000000000",
	3);
INSERT INTO S_DT
	VALUES ("ba5eda7a-def5-0000-0000-000000000005",
	"00000000-0000-0000-0000-000000000000",
	'unique_id',
	'',
	'');
INSERT INTO S_CDT
	VALUES ("ba5eda7a-def5-0000-0000-000000000005",
	5);
INSERT INTO PE_PE
	VALUES ("ba5eda7a-def5-0000-0000-000000000006",
	1,
	"00000000-0000-0000-0000-000000000000",
	"00000000-0000-0000-0000-000000000000",
	3);
INSERT INTO S_DT
	VALUES ("ba5eda7a-def5-0000-0000-000000000006",
	"00000000-0000-0000-0000-000000000000",
	'state<State_Model>',
	'',
	'');
INSERT INTO S_CDT
	VALUES ("ba5eda7a-def5-0000-0000-000000000006",
	6);
INSERT INTO PE_PE
	VALUES ("ba5eda7a-def5-0000-0000-000000000007",
	1,
	"00000000-0000-0000-0000-000000000000",
	"00000000-0000-0000-0000-000000000000",
	3);
INSERT INTO S_DT
	VALUES ("ba5eda7a-def5-0000-0000-000000000007",
	"00000000-0000-0000-0000-000000000000",
	'same_as<Base_Attribute>',
	'',
	'');
INSERT INTO S_CDT
	VALUES ("ba5eda7a-def5-0000-0000-000000000007",
	7);
INSERT INTO PE_PE
	VALUES ("ba5eda7a-def5-0000-0000-000000000008",
	1,
	"00000000-0000-0000-0000-000000000000",
	"00000000-0000-0000-0000-000000000000",
	3);
INSERT INTO S_DT
	VALUES ("ba5eda7a-def5-0000-0000-000000000008",
	"00000000-0000-0000-0000-000000000000",
	'inst_ref<Object>',
	'',
	'');
INSERT INTO S_CDT
	VALUES ("ba5eda7a-def5-0000-0000-000000000008",
	8);
INSERT INTO PE_PE
	VALUES ("ba5eda7a-def5-0000-0000-000000000009",
	1,
	"00000000-0000-0000-0000-000000000000",
	"00000000-0000-0000-0000-000000000000",
	3);
INSERT INTO S_DT
	VALUES ("ba5eda7a-def5-0000-0000-000000000009",
	"00000000-0000-0000-0000-000000000000",
	'inst_ref_set<Object>',
	'',
	'');
INSERT INTO S_CDT
	VALUES ("ba5eda7a-def5-0000-0000-000000000009",
	9);
INSERT INTO PE_PE
	VALUES ("ba5eda7a-def5-0000-0000-00000000000a",
	1,
	"00000000-0000-0000-0000-000000000000",
	"00000000-0000-0000-0000-000000000000",
	3);
INSERT INTO S_DT
	VALUES ("ba5eda7a-def5-0000-0000-00000000000a",
	"00000000-0000-0000-0000-000000000000",
	'inst<Event>',
	'',
	'');
INSERT INTO S_CDT
	VALUES ("ba5eda7a-def5-0000-0000-00000000000a",
	10);
INSERT INTO PE_PE
	VALUES ("ba5eda7a-def5-0000-0000-00000000000b",
	1,
	"00000000-0000-0000-0000-000000000000",
	"00000000-0000-0000-0000-000000000000",
	3);
INSERT INTO S_DT
	VALUES ("ba5eda7a-def5-0000-0000-00000000000b",
	"00000000-0000-0000-0000-000000000000",
	'inst<Mapping>',
	'',
	'');
INSERT INTO S_CDT
	VALUES ("ba5eda7a-def5-0000-0000-00000000000b",
	11);
INSERT INTO PE_PE
	VALUES ("ba5eda7a-def5-0000-0000-00000000000c",
	1,
	"00000000-0000-0000-0000-000000000000",
	"00000000-0000-0000-0000-000000000000",
	3);
INSERT INTO S_DT
	VALUES ("ba5eda7a-def5-0000-0000-00000000000c",
	"00000000-0000-0000-0000-000000000000",
	'inst_ref<Mapping>',
	'',
	'');
INSERT INTO S_CDT
	VALUES ("ba5eda7a-def5-0000-0000-00000000000c",
	12);
INSERT INTO PE_PE
	VALUES ("ba5eda7a-def5-0000-0000-00000000000d",
	1,
	"00000000-0000-0000-0000-000000000000",
	"00000000-0000-0000-0000-000000000000",
	3);
INSERT INTO S_DT
	VALUES ("ba5eda7a-def5-0000-0000-00000000000d",
	"00000000-0000-0000-0000-000000000000",
	'component_ref',
	'',
	'');
INSERT INTO S_CDT
	VALUES ("ba5eda7a-def5-0000-0000-00000000000d",
	13);
INSERT INTO PE_PE
	VALUES ("ba5eda7a-def5-0000-0000-00000000000e",
	1,
	"00000000-0000-0000-0000-000000000000",
	"00000000-0000-0000-0000-000000000000",
	3);
INSERT INTO S_DT
	VALUES ("ba5eda7a-def5-0000-0000-00000000000e",
	"00000000-0000-0000-0000-000000000000",
	'date',
	'',
	'');
INSERT INTO S_UDT
	VALUES ("ba5eda7a-def5-0000-0000-00000000000e",
	"ba5eda7a-def5-0000-0000-00000000000b",
	1,
	'');
INSERT INTO PE_PE
	VALUES ("ba5eda7a-def5-0000-0000-00000000000f",
	1,
	"00000000-0000-0000-0000-000000000000",
	"00000000-0000-0000-0000-000000000000",
	3);
INSERT INTO S_DT
	VALUES ("ba5eda7a-def5-0000-0000-00000000000f",
	"00000000-0000-0000-0000-000000000000",
	'inst_ref<Timer>',
	'',
	'');
INSERT INTO S_UDT
	VALUES ("ba5eda7a-def5-0000-0000-00000000000f",
	"ba5eda7a-def5-0000-0000-00000000000c",
	3,
	'');
INSERT INTO PE_PE
	VALUES ("ba5eda7a-def5-0000-0000-000000000010",
	1,
	"00000000-0000-0000-0000-000000000000",
	"00000000-0000-0000-0000-000000000000",
	3);
INSERT INTO S_DT
	VALUES ("ba5eda7a-def5-0000-0000-000000000010",
	"00000000-0000-0000-0000-000000000000",
	'timestamp',
	'',
	'');
INSERT INTO S_UDT
	VALUES ("ba5eda7a-def5-0000-0000-000000000010",
	"ba5eda7a-def5-0000-0000-000000000002",
	2,
	'');
