-- root-types-contained: SystemModel_c,PackageableElement_c,DataType_c,CoreDataType_c,UserDataType_c
-- BP 7.1 content: StreamData syschar: 3 persistence-version: 7.1.6

INSERT INTO S_SYS
	VALUES ("3fb1e19e-15ec-4cf6-b9cd-c12bb3584d02",
	'TypeUnit',
	1);
INSERT INTO EP_PKG
	VALUES ("e3808f46-4a2b-4387-b4ff-5645037c201a",
	"3fb1e19e-15ec-4cf6-b9cd-c12bb3584d02",
	"3fb1e19e-15ec-4cf6-b9cd-c12bb3584d02",
	'TypeUnit',
	'',
	0);
INSERT INTO PE_PE
	VALUES ("4afeb522-f80e-4de1-85e0-30d1565ad106",
	1,
	"e3808f46-4a2b-4387-b4ff-5645037c201a",
	"00000000-0000-0000-0000-000000000000",
	4);
INSERT INTO O_OBJ
	VALUES ("4afeb522-f80e-4de1-85e0-30d1565ad106",
	'TestCase',
	2,
	'TestCase',
	'',
	"00000000-0000-0000-0000-000000000000");
INSERT INTO O_TFR
	VALUES ("b716d58b-f3b6-443d-8e7c-aa4ae3cc4415",
	"4afeb522-f80e-4de1-85e0-30d1565ad106",
	'run',
	'',
	"ba5eda7a-def5-0000-0000-000000000000",
	1,
	'',
	1,
	'',
	"00000000-0000-0000-0000-000000000000",
	0,
	1);
INSERT INTO ACT_OPB
	VALUES ("afddec20-5a62-47a2-b027-661c35822658",
	"b716d58b-f3b6-443d-8e7c-aa4ae3cc4415");
INSERT INTO ACT_ACT
	VALUES ("afddec20-5a62-47a2-b027-661c35822658",
	'operation',
	0,
	"e2d608f2-b438-4687-9a67-70f6ab6cab90",
	"00000000-0000-0000-0000-000000000000",
	0,
	'TestCase::run',
	"00000000-0000-0000-0000-000000000000");
INSERT INTO ACT_BLK
	VALUES ("e2d608f2-b438-4687-9a67-70f6ab6cab90",
	0,
	0,
	0,
	'',
	'',
	'',
	0,
	0,
	0,
	0,
	0,
	0,
	0,
	0,
	0,
	0,
	0,
	0,
	0,
	"afddec20-5a62-47a2-b027-661c35822658",
	"00000000-0000-0000-0000-000000000000");
INSERT INTO O_TFR
	VALUES ("94e70e23-c88f-42bb-9fa0-4e2491474f72",
	"4afeb522-f80e-4de1-85e0-30d1565ad106",
	'constructor',
	'',
	"ba5eda7a-def5-0000-0000-000000000000",
	1,
	'',
	1,
	'',
	"b716d58b-f3b6-443d-8e7c-aa4ae3cc4415",
	0,
	2);
INSERT INTO O_TPARM
	VALUES ("0fef66c2-d104-43ff-9556-d51d235810ac",
	"94e70e23-c88f-42bb-9fa0-4e2491474f72",
	'name',
	"ba5eda7a-def5-0000-0000-000000000004",
	0,
	'',
	"00000000-0000-0000-0000-000000000000",
	'');
INSERT INTO ACT_OPB
	VALUES ("77881240-0077-451e-a5cb-9ce64ed3be31",
	"94e70e23-c88f-42bb-9fa0-4e2491474f72");
INSERT INTO ACT_ACT
	VALUES ("77881240-0077-451e-a5cb-9ce64ed3be31",
	'operation',
	0,
	"8f633bdc-19c9-48ec-985e-3348d5553709",
	"00000000-0000-0000-0000-000000000000",
	0,
	'TestCase::constructor',
	"00000000-0000-0000-0000-000000000000");
INSERT INTO ACT_BLK
	VALUES ("8f633bdc-19c9-48ec-985e-3348d5553709",
	0,
	0,
	0,
	'',
	'',
	'',
	0,
	0,
	0,
	0,
	0,
	0,
	0,
	0,
	0,
	0,
	0,
	0,
	0,
	"77881240-0077-451e-a5cb-9ce64ed3be31",
	"00000000-0000-0000-0000-000000000000");
INSERT INTO O_NBATTR
	VALUES ("5fd5689d-4bae-4d8a-90f4-9acf5b090dc0",
	"4afeb522-f80e-4de1-85e0-30d1565ad106");
INSERT INTO O_BATTR
	VALUES ("5fd5689d-4bae-4d8a-90f4-9acf5b090dc0",
	"4afeb522-f80e-4de1-85e0-30d1565ad106");
INSERT INTO O_ATTR
	VALUES ("5fd5689d-4bae-4d8a-90f4-9acf5b090dc0",
	"4afeb522-f80e-4de1-85e0-30d1565ad106",
	"00000000-0000-0000-0000-000000000000",
	'name',
	'',
	'',
	'name',
	0,
	"ba5eda7a-def5-0000-0000-000000000004",
	'',
	'');
INSERT INTO O_NBATTR
	VALUES ("43c17a6b-70f2-4308-a391-2ce78614ba02",
	"4afeb522-f80e-4de1-85e0-30d1565ad106");
INSERT INTO O_BATTR
	VALUES ("43c17a6b-70f2-4308-a391-2ce78614ba02",
	"4afeb522-f80e-4de1-85e0-30d1565ad106");
INSERT INTO O_ATTR
	VALUES ("43c17a6b-70f2-4308-a391-2ce78614ba02",
	"4afeb522-f80e-4de1-85e0-30d1565ad106",
	"5fd5689d-4bae-4d8a-90f4-9acf5b090dc0",
	'current_state',
	'',
	'',
	'current_state',
	0,
	"ba5eda7a-def5-0000-0000-000000000006",
	'',
	'');
INSERT INTO O_ID
	VALUES (0,
	"4afeb522-f80e-4de1-85e0-30d1565ad106");
INSERT INTO O_ID
	VALUES (1,
	"4afeb522-f80e-4de1-85e0-30d1565ad106");
INSERT INTO O_ID
	VALUES (2,
	"4afeb522-f80e-4de1-85e0-30d1565ad106");
INSERT INTO SM_ISM
	VALUES ("b1e512a1-94d7-4d0a-9b14-1a8e3f32c2cc",
	"4afeb522-f80e-4de1-85e0-30d1565ad106");
INSERT INTO SM_SM
	VALUES ("b1e512a1-94d7-4d0a-9b14-1a8e3f32c2cc",
	'',
	0);
INSERT INTO SM_MOORE
	VALUES ("b1e512a1-94d7-4d0a-9b14-1a8e3f32c2cc");
INSERT INTO SM_LEVT
	VALUES ("6b16cde6-e8bc-470a-ab1e-8292753b7869",
	"b1e512a1-94d7-4d0a-9b14-1a8e3f32c2cc",
	"00000000-0000-0000-0000-000000000000");
INSERT INTO SM_SEVT
	VALUES ("6b16cde6-e8bc-470a-ab1e-8292753b7869",
	"b1e512a1-94d7-4d0a-9b14-1a8e3f32c2cc",
	"00000000-0000-0000-0000-000000000000");
INSERT INTO SM_EVT
	VALUES ("6b16cde6-e8bc-470a-ab1e-8292753b7869",
	"b1e512a1-94d7-4d0a-9b14-1a8e3f32c2cc",
	"00000000-0000-0000-0000-000000000000",
	1,
	'callConstructor',
	0,
	'',
	'TestCase1',
	'');
INSERT INTO SM_LEVT
	VALUES ("00cb3fdc-1fd2-45e6-a11d-babf9236290d",
	"b1e512a1-94d7-4d0a-9b14-1a8e3f32c2cc",
	"00000000-0000-0000-0000-000000000000");
INSERT INTO SM_SEVT
	VALUES ("00cb3fdc-1fd2-45e6-a11d-babf9236290d",
	"b1e512a1-94d7-4d0a-9b14-1a8e3f32c2cc",
	"00000000-0000-0000-0000-000000000000");
INSERT INTO SM_EVT
	VALUES ("00cb3fdc-1fd2-45e6-a11d-babf9236290d",
	"b1e512a1-94d7-4d0a-9b14-1a8e3f32c2cc",
	"00000000-0000-0000-0000-000000000000",
	2,
	'run',
	0,
	'',
	'TestCase2',
	'');
INSERT INTO SM_STATE
	VALUES ("b02893c9-b0e5-4319-a1de-867b300958ec",
	"b1e512a1-94d7-4d0a-9b14-1a8e3f32c2cc",
	"00000000-0000-0000-0000-000000000000",
	'NotRun',
	1,
	0);
INSERT INTO SM_CH
	VALUES ("b02893c9-b0e5-4319-a1de-867b300958ec",
	"6b16cde6-e8bc-470a-ab1e-8292753b7869",
	"b1e512a1-94d7-4d0a-9b14-1a8e3f32c2cc",
	"00000000-0000-0000-0000-000000000000",
	'');
INSERT INTO SM_SEME
	VALUES ("b02893c9-b0e5-4319-a1de-867b300958ec",
	"6b16cde6-e8bc-470a-ab1e-8292753b7869",
	"b1e512a1-94d7-4d0a-9b14-1a8e3f32c2cc",
	"00000000-0000-0000-0000-000000000000");
INSERT INTO SM_SEME
	VALUES ("b02893c9-b0e5-4319-a1de-867b300958ec",
	"00cb3fdc-1fd2-45e6-a11d-babf9236290d",
	"b1e512a1-94d7-4d0a-9b14-1a8e3f32c2cc",
	"00000000-0000-0000-0000-000000000000");
INSERT INTO SM_MOAH
	VALUES ("51f222f2-a3f2-4c1f-b0f5-b333424812c3",
	"b1e512a1-94d7-4d0a-9b14-1a8e3f32c2cc",
	"b02893c9-b0e5-4319-a1de-867b300958ec");
INSERT INTO SM_AH
	VALUES ("51f222f2-a3f2-4c1f-b0f5-b333424812c3",
	"b1e512a1-94d7-4d0a-9b14-1a8e3f32c2cc");
INSERT INTO SM_ACT
	VALUES ("51f222f2-a3f2-4c1f-b0f5-b333424812c3",
	"b1e512a1-94d7-4d0a-9b14-1a8e3f32c2cc",
	1,
	'',
	'',
	0);
INSERT INTO ACT_SAB
	VALUES ("adeedcda-9a57-45c6-b80a-de1315cc249b",
	"b1e512a1-94d7-4d0a-9b14-1a8e3f32c2cc",
	"51f222f2-a3f2-4c1f-b0f5-b333424812c3");
INSERT INTO ACT_ACT
	VALUES ("adeedcda-9a57-45c6-b80a-de1315cc249b",
	'state',
	0,
	"a55fc2c1-63fb-42cb-86b2-b0639a5c6f3b",
	"00000000-0000-0000-0000-000000000000",
	0,
	'TestCase::NotRun',
	"00000000-0000-0000-0000-000000000000");
INSERT INTO ACT_BLK
	VALUES ("a55fc2c1-63fb-42cb-86b2-b0639a5c6f3b",
	0,
	0,
	0,
	'',
	'',
	'',
	0,
	0,
	0,
	0,
	0,
	0,
	0,
	0,
	0,
	0,
	0,
	0,
	0,
	"adeedcda-9a57-45c6-b80a-de1315cc249b",
	"00000000-0000-0000-0000-000000000000");
INSERT INTO SM_STATE
	VALUES ("ba6016d8-f96b-4270-ac2d-a59678304d55",
	"b1e512a1-94d7-4d0a-9b14-1a8e3f32c2cc",
	"00000000-0000-0000-0000-000000000000",
	'Running',
	2,
	0);
INSERT INTO SM_CH
	VALUES ("ba6016d8-f96b-4270-ac2d-a59678304d55",
	"6b16cde6-e8bc-470a-ab1e-8292753b7869",
	"b1e512a1-94d7-4d0a-9b14-1a8e3f32c2cc",
	"00000000-0000-0000-0000-000000000000",
	'');
INSERT INTO SM_SEME
	VALUES ("ba6016d8-f96b-4270-ac2d-a59678304d55",
	"6b16cde6-e8bc-470a-ab1e-8292753b7869",
	"b1e512a1-94d7-4d0a-9b14-1a8e3f32c2cc",
	"00000000-0000-0000-0000-000000000000");
INSERT INTO SM_CH
	VALUES ("ba6016d8-f96b-4270-ac2d-a59678304d55",
	"00cb3fdc-1fd2-45e6-a11d-babf9236290d",
	"b1e512a1-94d7-4d0a-9b14-1a8e3f32c2cc",
	"00000000-0000-0000-0000-000000000000",
	'');
INSERT INTO SM_SEME
	VALUES ("ba6016d8-f96b-4270-ac2d-a59678304d55",
	"00cb3fdc-1fd2-45e6-a11d-babf9236290d",
	"b1e512a1-94d7-4d0a-9b14-1a8e3f32c2cc",
	"00000000-0000-0000-0000-000000000000");
INSERT INTO SM_MOAH
	VALUES ("bcbdbdcc-2130-40d4-8f14-f2eed98ef643",
	"b1e512a1-94d7-4d0a-9b14-1a8e3f32c2cc",
	"ba6016d8-f96b-4270-ac2d-a59678304d55");
INSERT INTO SM_AH
	VALUES ("bcbdbdcc-2130-40d4-8f14-f2eed98ef643",
	"b1e512a1-94d7-4d0a-9b14-1a8e3f32c2cc");
INSERT INTO SM_ACT
	VALUES ("bcbdbdcc-2130-40d4-8f14-f2eed98ef643",
	"b1e512a1-94d7-4d0a-9b14-1a8e3f32c2cc",
	1,
	'',
	'',
	0);
INSERT INTO ACT_SAB
	VALUES ("9c13e013-1dee-41a6-8fa2-c6e54d7f5f04",
	"b1e512a1-94d7-4d0a-9b14-1a8e3f32c2cc",
	"bcbdbdcc-2130-40d4-8f14-f2eed98ef643");
INSERT INTO ACT_ACT
	VALUES ("9c13e013-1dee-41a6-8fa2-c6e54d7f5f04",
	'state',
	0,
	"39f2866b-dca8-456c-a6e8-359e0dbcff45",
	"00000000-0000-0000-0000-000000000000",
	0,
	'TestCase::Running',
	"00000000-0000-0000-0000-000000000000");
INSERT INTO ACT_BLK
	VALUES ("39f2866b-dca8-456c-a6e8-359e0dbcff45",
	0,
	0,
	0,
	'',
	'',
	'',
	0,
	0,
	0,
	0,
	0,
	0,
	0,
	0,
	0,
	0,
	0,
	0,
	0,
	"9c13e013-1dee-41a6-8fa2-c6e54d7f5f04",
	"00000000-0000-0000-0000-000000000000");
INSERT INTO SM_CRTXN
	VALUES ("8a33b7c7-39b8-44a2-95a7-60d2c6d09e6a",
	"b1e512a1-94d7-4d0a-9b14-1a8e3f32c2cc",
	"6b16cde6-e8bc-470a-ab1e-8292753b7869",
	"00000000-0000-0000-0000-000000000000");
INSERT INTO SM_TAH
	VALUES ("ba675da4-1034-46fe-88c1-dd6a89c6cde9",
	"b1e512a1-94d7-4d0a-9b14-1a8e3f32c2cc",
	"8a33b7c7-39b8-44a2-95a7-60d2c6d09e6a");
INSERT INTO SM_AH
	VALUES ("ba675da4-1034-46fe-88c1-dd6a89c6cde9",
	"b1e512a1-94d7-4d0a-9b14-1a8e3f32c2cc");
INSERT INTO SM_ACT
	VALUES ("ba675da4-1034-46fe-88c1-dd6a89c6cde9",
	"b1e512a1-94d7-4d0a-9b14-1a8e3f32c2cc",
	1,
	'',
	'',
	0);
INSERT INTO ACT_TAB
	VALUES ("820feaad-aacb-47c8-8fb4-6cf8ea037768",
	"b1e512a1-94d7-4d0a-9b14-1a8e3f32c2cc",
	"ba675da4-1034-46fe-88c1-dd6a89c6cde9");
INSERT INTO ACT_ACT
	VALUES ("820feaad-aacb-47c8-8fb4-6cf8ea037768",
	'transition',
	0,
	"e3830418-1c72-4af1-9c3c-990032f70737",
	"00000000-0000-0000-0000-000000000000",
	0,
	'TestCase1: callConstructor',
	"00000000-0000-0000-0000-000000000000");
INSERT INTO ACT_BLK
	VALUES ("e3830418-1c72-4af1-9c3c-990032f70737",
	0,
	0,
	0,
	'',
	'',
	'',
	0,
	0,
	0,
	0,
	0,
	0,
	0,
	0,
	0,
	0,
	0,
	0,
	0,
	"820feaad-aacb-47c8-8fb4-6cf8ea037768",
	"00000000-0000-0000-0000-000000000000");
INSERT INTO SM_TXN
	VALUES ("8a33b7c7-39b8-44a2-95a7-60d2c6d09e6a",
	"b1e512a1-94d7-4d0a-9b14-1a8e3f32c2cc",
	"b02893c9-b0e5-4319-a1de-867b300958ec",
	"00000000-0000-0000-0000-000000000000");
INSERT INTO SM_NSTXN
	VALUES ("9fc902fd-1236-472c-ba3b-40d2f077db7a",
	"b1e512a1-94d7-4d0a-9b14-1a8e3f32c2cc",
	"b02893c9-b0e5-4319-a1de-867b300958ec",
	"00cb3fdc-1fd2-45e6-a11d-babf9236290d",
	"00000000-0000-0000-0000-000000000000");
INSERT INTO SM_TAH
	VALUES ("5ac7a0bf-59d4-4080-9188-3bcded08e824",
	"b1e512a1-94d7-4d0a-9b14-1a8e3f32c2cc",
	"9fc902fd-1236-472c-ba3b-40d2f077db7a");
INSERT INTO SM_AH
	VALUES ("5ac7a0bf-59d4-4080-9188-3bcded08e824",
	"b1e512a1-94d7-4d0a-9b14-1a8e3f32c2cc");
INSERT INTO SM_ACT
	VALUES ("5ac7a0bf-59d4-4080-9188-3bcded08e824",
	"b1e512a1-94d7-4d0a-9b14-1a8e3f32c2cc",
	1,
	'',
	'',
	0);
INSERT INTO ACT_TAB
	VALUES ("e8323ae4-a61a-4243-9da5-734cb3679faf",
	"b1e512a1-94d7-4d0a-9b14-1a8e3f32c2cc",
	"5ac7a0bf-59d4-4080-9188-3bcded08e824");
INSERT INTO ACT_ACT
	VALUES ("e8323ae4-a61a-4243-9da5-734cb3679faf",
	'transition',
	0,
	"2f8cbe9a-88c8-4b69-a378-d64991e136a5",
	"00000000-0000-0000-0000-000000000000",
	0,
	'TestCase2: run',
	"00000000-0000-0000-0000-000000000000");
INSERT INTO ACT_BLK
	VALUES ("2f8cbe9a-88c8-4b69-a378-d64991e136a5",
	0,
	0,
	0,
	'',
	'',
	'',
	0,
	0,
	0,
	0,
	0,
	0,
	0,
	0,
	0,
	0,
	0,
	0,
	0,
	"e8323ae4-a61a-4243-9da5-734cb3679faf",
	"00000000-0000-0000-0000-000000000000");
INSERT INTO SM_TXN
	VALUES ("9fc902fd-1236-472c-ba3b-40d2f077db7a",
	"b1e512a1-94d7-4d0a-9b14-1a8e3f32c2cc",
	"ba6016d8-f96b-4270-ac2d-a59678304d55",
	"00000000-0000-0000-0000-000000000000");
INSERT INTO PE_PE
	VALUES ("91039a10-1a15-4f39-99dd-acc16539e724",
	1,
	"e3808f46-4a2b-4387-b4ff-5645037c201a",
	"00000000-0000-0000-0000-000000000000",
	9);
INSERT INTO R_REL
	VALUES ("91039a10-1a15-4f39-99dd-acc16539e724",
	1,
	'',
	"00000000-0000-0000-0000-000000000000");
INSERT INTO R_SUBSUP
	VALUES ("91039a10-1a15-4f39-99dd-acc16539e724");
INSERT INTO R_SUPER
	VALUES ("4afeb522-f80e-4de1-85e0-30d1565ad106",
	"91039a10-1a15-4f39-99dd-acc16539e724",
	"eacb3f06-609c-4db5-9568-2c63e1b245b5");
INSERT INTO R_RTO
	VALUES ("4afeb522-f80e-4de1-85e0-30d1565ad106",
	"91039a10-1a15-4f39-99dd-acc16539e724",
	"eacb3f06-609c-4db5-9568-2c63e1b245b5",
	-1);
INSERT INTO R_OIR
	VALUES ("4afeb522-f80e-4de1-85e0-30d1565ad106",
	"91039a10-1a15-4f39-99dd-acc16539e724",
	"eacb3f06-609c-4db5-9568-2c63e1b245b5",
	"00000000-0000-0000-0000-000000000000");
INSERT INTO R_SUB
	VALUES ("87b1da00-506b-418c-a6c5-6eb76184e39e",
	"91039a10-1a15-4f39-99dd-acc16539e724",
	"d8fc3010-f5c9-4810-be62-e371ca18609b");
INSERT INTO R_RGO
	VALUES ("87b1da00-506b-418c-a6c5-6eb76184e39e",
	"91039a10-1a15-4f39-99dd-acc16539e724",
	"d8fc3010-f5c9-4810-be62-e371ca18609b");
INSERT INTO R_OIR
	VALUES ("87b1da00-506b-418c-a6c5-6eb76184e39e",
	"91039a10-1a15-4f39-99dd-acc16539e724",
	"d8fc3010-f5c9-4810-be62-e371ca18609b",
	"00000000-0000-0000-0000-000000000000");
INSERT INTO PE_PE
	VALUES ("87b1da00-506b-418c-a6c5-6eb76184e39e",
	1,
	"e3808f46-4a2b-4387-b4ff-5645037c201a",
	"00000000-0000-0000-0000-000000000000",
	4);
INSERT INTO O_OBJ
	VALUES ("87b1da00-506b-418c-a6c5-6eb76184e39e",
	'WasRun',
	1,
	'WasRun',
	'',
	"00000000-0000-0000-0000-000000000000");
INSERT INTO O_TFR
	VALUES ("a64c0ab9-d84d-4003-8d6e-b2284bdaef2a",
	"87b1da00-506b-418c-a6c5-6eb76184e39e",
	'run',
	'',
	"ba5eda7a-def5-0000-0000-000000000000",
	1,
	'',
	1,
	'',
	"00000000-0000-0000-0000-000000000000",
	0,
	1);
INSERT INTO ACT_OPB
	VALUES ("e3ae7c95-df5f-47f1-9f11-88ef0619e216",
	"a64c0ab9-d84d-4003-8d6e-b2284bdaef2a");
INSERT INTO ACT_ACT
	VALUES ("e3ae7c95-df5f-47f1-9f11-88ef0619e216",
	'operation',
	0,
	"8aaa7d37-64fb-4c0e-b9ae-b5d918072935",
	"00000000-0000-0000-0000-000000000000",
	0,
	'WasRun::run',
	"00000000-0000-0000-0000-000000000000");
INSERT INTO ACT_BLK
	VALUES ("8aaa7d37-64fb-4c0e-b9ae-b5d918072935",
	0,
	0,
	0,
	'',
	'',
	'',
	0,
	0,
	0,
	0,
	0,
	0,
	0,
	0,
	0,
	0,
	0,
	0,
	0,
	"e3ae7c95-df5f-47f1-9f11-88ef0619e216",
	"00000000-0000-0000-0000-000000000000");
INSERT INTO O_TFR
	VALUES ("eed28342-b98c-40b0-84e9-9ac0e380cb26",
	"87b1da00-506b-418c-a6c5-6eb76184e39e",
	'constructor',
	'',
	"ba5eda7a-def5-0000-0000-000000000000",
	1,
	'',
	1,
	'',
	"a64c0ab9-d84d-4003-8d6e-b2284bdaef2a",
	0,
	2);
INSERT INTO O_TPARM
	VALUES ("bd3eaa15-66a8-471b-91bc-358728b7c5a6",
	"eed28342-b98c-40b0-84e9-9ac0e380cb26",
	'name',
	"ba5eda7a-def5-0000-0000-000000000004",
	0,
	'',
	"00000000-0000-0000-0000-000000000000",
	'');
INSERT INTO ACT_OPB
	VALUES ("eb9dfeb4-7e64-48d6-8b52-6ed6264705fe",
	"eed28342-b98c-40b0-84e9-9ac0e380cb26");
INSERT INTO ACT_ACT
	VALUES ("eb9dfeb4-7e64-48d6-8b52-6ed6264705fe",
	'operation',
	0,
	"0fe74a97-0ef1-4a8d-98f1-6ba352d1fe1f",
	"00000000-0000-0000-0000-000000000000",
	0,
	'WasRun::constructor',
	"00000000-0000-0000-0000-000000000000");
INSERT INTO ACT_BLK
	VALUES ("0fe74a97-0ef1-4a8d-98f1-6ba352d1fe1f",
	0,
	0,
	0,
	'',
	'',
	'',
	0,
	0,
	0,
	0,
	0,
	0,
	0,
	0,
	0,
	0,
	0,
	0,
	0,
	"eb9dfeb4-7e64-48d6-8b52-6ed6264705fe",
	"00000000-0000-0000-0000-000000000000");
INSERT INTO O_NBATTR
	VALUES ("f28c9427-10b4-4cf3-ab5e-5b7f0969755c",
	"87b1da00-506b-418c-a6c5-6eb76184e39e");
INSERT INTO O_BATTR
	VALUES ("f28c9427-10b4-4cf3-ab5e-5b7f0969755c",
	"87b1da00-506b-418c-a6c5-6eb76184e39e");
INSERT INTO O_ATTR
	VALUES ("f28c9427-10b4-4cf3-ab5e-5b7f0969755c",
	"87b1da00-506b-418c-a6c5-6eb76184e39e",
	"00000000-0000-0000-0000-000000000000",
	'wasRun',
	'',
	'',
	'wasRun',
	0,
	"ba5eda7a-def5-0000-0000-000000000001",
	'',
	'');
INSERT INTO O_NBATTR
	VALUES ("fd5d54ba-b874-4754-81d0-3e400506b191",
	"87b1da00-506b-418c-a6c5-6eb76184e39e");
INSERT INTO O_BATTR
	VALUES ("fd5d54ba-b874-4754-81d0-3e400506b191",
	"87b1da00-506b-418c-a6c5-6eb76184e39e");
INSERT INTO O_ATTR
	VALUES ("fd5d54ba-b874-4754-81d0-3e400506b191",
	"87b1da00-506b-418c-a6c5-6eb76184e39e",
	"f28c9427-10b4-4cf3-ab5e-5b7f0969755c",
	'name',
	'',
	'',
	'name',
	0,
	"ba5eda7a-def5-0000-0000-000000000004",
	'',
	'');
INSERT INTO O_ID
	VALUES (0,
	"87b1da00-506b-418c-a6c5-6eb76184e39e");
INSERT INTO O_ID
	VALUES (1,
	"87b1da00-506b-418c-a6c5-6eb76184e39e");
INSERT INTO O_ID
	VALUES (2,
	"87b1da00-506b-418c-a6c5-6eb76184e39e");
INSERT INTO PE_PE
	VALUES ("2a12f60c-152f-4be0-be2b-4acef0156b51",
	1,
	"e3808f46-4a2b-4387-b4ff-5645037c201a",
	"00000000-0000-0000-0000-000000000000",
	2);
INSERT INTO C_C
	VALUES ("2a12f60c-152f-4be0-be2b-4acef0156b51",
	"00000000-0000-0000-0000-000000000000",
	"00000000-0000-0000-0000-000000000000",
	'Comp',
	'',
	0,
	"00000000-0000-0000-0000-000000000000",
	0,
	'',
	'');
INSERT INTO PE_PE
	VALUES ("28524857-03d4-4924-9cda-a63cdd4c89d8",
	1,
	"e3808f46-4a2b-4387-b4ff-5645037c201a",
	"00000000-0000-0000-0000-000000000000",
	4);
INSERT INTO O_OBJ
	VALUES ("28524857-03d4-4924-9cda-a63cdd4c89d8",
	'TestCaseTest',
	3,
	'TestCaseTest',
	'',
	"00000000-0000-0000-0000-000000000000");
INSERT INTO O_TFR
	VALUES ("914331c3-5876-437b-a10e-4783c9552324",
	"28524857-03d4-4924-9cda-a63cdd4c89d8",
	'testRunning',
	'',
	"ba5eda7a-def5-0000-0000-000000000000",
	1,
	'begin
  null;
end service;',
	1,
	'',
	"00000000-0000-0000-0000-000000000000",
	1,
	1);
INSERT INTO ACT_OPB
	VALUES ("d17b03c5-06fc-44e0-a04c-a597dd86432c",
	"914331c3-5876-437b-a10e-4783c9552324");
INSERT INTO ACT_ACT
	VALUES ("d17b03c5-06fc-44e0-a04c-a597dd86432c",
	'operation',
	0,
	"98e6ea07-5186-4a44-af1e-9997320bccc0",
	"00000000-0000-0000-0000-000000000000",
	0,
	'TestCaseTest::testRunning',
	"00000000-0000-0000-0000-000000000000");
INSERT INTO ACT_BLK
	VALUES ("98e6ea07-5186-4a44-af1e-9997320bccc0",
	0,
	0,
	0,
	'',
	'',
	'',
	2,
	7,
	0,
	0,
	0,
	0,
	0,
	0,
	0,
	0,
	0,
	0,
	0,
	"d17b03c5-06fc-44e0-a04c-a597dd86432c",
	"00000000-0000-0000-0000-000000000000");
INSERT INTO O_ID
	VALUES (0,
	"28524857-03d4-4924-9cda-a63cdd4c89d8");
INSERT INTO O_ID
	VALUES (1,
	"28524857-03d4-4924-9cda-a63cdd4c89d8");
INSERT INTO O_ID
	VALUES (2,
	"28524857-03d4-4924-9cda-a63cdd4c89d8");
INSERT INTO PE_PE
	VALUES ("47111b42-9094-4a7d-b56e-9e8f51e612f0",
	1,
	"e3808f46-4a2b-4387-b4ff-5645037c201a",
	"00000000-0000-0000-0000-000000000000",
	2);
INSERT INTO C_C
	VALUES ("47111b42-9094-4a7d-b56e-9e8f51e612f0",
	"00000000-0000-0000-0000-000000000000",
	"00000000-0000-0000-0000-000000000000",
	'TypeUnitComponent',
	'',
	0,
	"00000000-0000-0000-0000-000000000000",
	0,
	'',
	'');
INSERT INTO PE_PE
	VALUES ("fea556b8-96b1-475a-974b-9f49849059ca",
	1,
	"e3808f46-4a2b-4387-b4ff-5645037c201a",
	"00000000-0000-0000-0000-000000000000",
	2);
INSERT INTO C_C
	VALUES ("fea556b8-96b1-475a-974b-9f49849059ca",
	"00000000-0000-0000-0000-000000000000",
	"00000000-0000-0000-0000-000000000000",
	'TestRunner',
	'',
	0,
	"00000000-0000-0000-0000-000000000000",
	0,
	'',
	'');
INSERT INTO EP_PKG
	VALUES ("df3fa32d-4822-41c2-9f7d-ad001f8f7492",
	"3fb1e19e-15ec-4cf6-b9cd-c12bb3584d02",
	"3fb1e19e-15ec-4cf6-b9cd-c12bb3584d02",
	'Comp',
	'',
	0);
INSERT INTO PE_PE
	VALUES ("80f37f31-181e-47de-8187-9c0847723075",
	1,
	"df3fa32d-4822-41c2-9f7d-ad001f8f7492",
	"00000000-0000-0000-0000-000000000000",
	2);
INSERT INTO C_C
	VALUES ("80f37f31-181e-47de-8187-9c0847723075",
	"00000000-0000-0000-0000-000000000000",
	"00000000-0000-0000-0000-000000000000",
	'Component',
	'',
	0,
	"00000000-0000-0000-0000-000000000000",
	0,
	'',
	'');
INSERT INTO PE_PE
	VALUES ("bb4060ca-60db-4b67-88b9-a767e88d5489",
	1,
	"00000000-0000-0000-0000-000000000000",
	"80f37f31-181e-47de-8187-9c0847723075",
	7);
INSERT INTO EP_PKG
	VALUES ("bb4060ca-60db-4b67-88b9-a767e88d5489",
	"00000000-0000-0000-0000-000000000000",
	"3fb1e19e-15ec-4cf6-b9cd-c12bb3584d02",
	'Functions',
	'',
	0);
INSERT INTO PE_PE
	VALUES ("47c8f4ed-0331-4a1e-a9bb-5284053be5b5",
	1,
	"bb4060ca-60db-4b67-88b9-a767e88d5489",
	"00000000-0000-0000-0000-000000000000",
	1);
INSERT INTO S_SYNC
	VALUES ("47c8f4ed-0331-4a1e-a9bb-5284053be5b5",
	"00000000-0000-0000-0000-000000000000",
	'refineTest',
	'',
	'// Create instance of test
create object instance tc of TestCase;
tc.name = "temp";',
	"ba5eda7a-def5-0000-0000-000000000000",
	1,
	'',
	0,
	1);
INSERT INTO ACT_FNB
	VALUES ("e4fb5077-803b-4cdb-8472-57523c10ad21",
	"47c8f4ed-0331-4a1e-a9bb-5284053be5b5");
INSERT INTO ACT_ACT
	VALUES ("e4fb5077-803b-4cdb-8472-57523c10ad21",
	'function',
	0,
	"ec9597f5-752f-4637-beec-71c536e773a4",
	"00000000-0000-0000-0000-000000000000",
	0,
	'refineTest',
	"00000000-0000-0000-0000-000000000000");
INSERT INTO ACT_BLK
	VALUES ("ec9597f5-752f-4637-beec-71c536e773a4",
	0,
	0,
	0,
	'',
	'',
	'',
	2,
	1,
	2,
	30,
	0,
	0,
	0,
	0,
	0,
	0,
	0,
	0,
	0,
	"e4fb5077-803b-4cdb-8472-57523c10ad21",
	"00000000-0000-0000-0000-000000000000");
INSERT INTO V_VAR
	VALUES ("18e4a38b-bd90-49fc-b86d-e8b20e526968",
	"ec9597f5-752f-4637-beec-71c536e773a4",
	'tc',
	0,
	"00000000-0000-0000-0000-000000000000");
INSERT INTO V_TRN
	VALUES ("18e4a38b-bd90-49fc-b86d-e8b20e526968",
	"00000000-0000-0000-0000-000000000000",
	'');
INSERT INTO PE_PE
	VALUES ("287fa7b6-4789-4a0e-8fd6-bb1885c9b8ec",
	1,
	"bb4060ca-60db-4b67-88b9-a767e88d5489",
	"00000000-0000-0000-0000-000000000000",
	1);
INSERT INTO S_SYNC
	VALUES ("287fa7b6-4789-4a0e-8fd6-bb1885c9b8ec",
	"00000000-0000-0000-0000-000000000000",
	'wasRun',
	'',
	'create object instance wr of WasRun;
wr.name = "temp";
wr.wasRun = false;',
	"ba5eda7a-def5-0000-0000-000000000000",
	1,
	'',
	0,
	2);
INSERT INTO S_SPARM
	VALUES ("1095db89-54f1-4f72-808a-cefad8e6e749",
	"287fa7b6-4789-4a0e-8fd6-bb1885c9b8ec",
	'name',
	"ba5eda7a-def5-0000-0000-000000000004",
	0,
	'',
	"00000000-0000-0000-0000-000000000000",
	'');
INSERT INTO ACT_FNB
	VALUES ("796428de-0c2b-4cfa-80b5-9290b254953d",
	"287fa7b6-4789-4a0e-8fd6-bb1885c9b8ec");
INSERT INTO ACT_ACT
	VALUES ("796428de-0c2b-4cfa-80b5-9290b254953d",
	'function',
	0,
	"571fe3ef-cbeb-492a-9606-a12ff030e9ff",
	"00000000-0000-0000-0000-000000000000",
	0,
	'wasRun',
	"00000000-0000-0000-0000-000000000000");
INSERT INTO ACT_BLK
	VALUES ("571fe3ef-cbeb-492a-9606-a12ff030e9ff",
	0,
	0,
	0,
	'',
	'',
	'',
	3,
	1,
	1,
	30,
	0,
	0,
	0,
	0,
	0,
	0,
	0,
	0,
	0,
	"796428de-0c2b-4cfa-80b5-9290b254953d",
	"00000000-0000-0000-0000-000000000000");
INSERT INTO V_VAR
	VALUES ("d69b0322-6225-4b2a-9cd7-1e386b097534",
	"571fe3ef-cbeb-492a-9606-a12ff030e9ff",
	'wr',
	0,
	"00000000-0000-0000-0000-000000000000");
INSERT INTO V_TRN
	VALUES ("d69b0322-6225-4b2a-9cd7-1e386b097534",
	"00000000-0000-0000-0000-000000000000",
	'');
INSERT INTO PE_PE
	VALUES ("5e87e83f-9063-4bd0-87de-6b40b180aee1",
	1,
	"bb4060ca-60db-4b67-88b9-a767e88d5489",
	"00000000-0000-0000-0000-000000000000",
	1);
INSERT INTO S_SYNC
	VALUES ("5e87e83f-9063-4bd0-87de-6b40b180aee1",
	"00000000-0000-0000-0000-000000000000",
	'run',
	'',
	'select any wr from WasRun;
generate WasRun2:run() to wr;
wr.wasRun = true;',
	"ba5eda7a-def5-0000-0000-000000000000",
	1,
	'',
	0,
	3);
INSERT INTO ACT_FNB
	VALUES ("7a5da287-2d78-452a-a79d-138119e906d4",
	"5e87e83f-9063-4bd0-87de-6b40b180aee1");
INSERT INTO ACT_ACT
	VALUES ("7a5da287-2d78-452a-a79d-138119e906d4",
	'function',
	0,
	"6d0120bb-78ca-4ca0-ad05-9650e31c52b0",
	"00000000-0000-0000-0000-000000000000",
	0,
	'run',
	"00000000-0000-0000-0000-000000000000");
INSERT INTO ACT_BLK
	VALUES ("6d0120bb-78ca-4ca0-ad05-9650e31c52b0",
	1,
	0,
	0,
	'',
	'',
	'',
	3,
	1,
	1,
	20,
	0,
	0,
	0,
	0,
	0,
	0,
	0,
	0,
	0,
	"7a5da287-2d78-452a-a79d-138119e906d4",
	"00000000-0000-0000-0000-000000000000");
INSERT INTO V_VAR
	VALUES ("e4755c45-c4b1-4dd0-b2d3-f2158462e8cf",
	"6d0120bb-78ca-4ca0-ad05-9650e31c52b0",
	'wr',
	0,
	"00000000-0000-0000-0000-000000000000");
INSERT INTO V_TRN
	VALUES ("e4755c45-c4b1-4dd0-b2d3-f2158462e8cf",
	"00000000-0000-0000-0000-000000000000",
	'');
INSERT INTO PE_PE
	VALUES ("78ec567f-1c2c-4c76-a0d8-279bfcd6f228",
	1,
	"00000000-0000-0000-0000-000000000000",
	"80f37f31-181e-47de-8187-9c0847723075",
	7);
INSERT INTO EP_PKG
	VALUES ("78ec567f-1c2c-4c76-a0d8-279bfcd6f228",
	"00000000-0000-0000-0000-000000000000",
	"3fb1e19e-15ec-4cf6-b9cd-c12bb3584d02",
	'TypeUnit',
	'',
	0);
INSERT INTO PE_PE
	VALUES ("e4317c1b-3988-4146-8d53-79c77f94d387",
	1,
	"78ec567f-1c2c-4c76-a0d8-279bfcd6f228",
	"00000000-0000-0000-0000-000000000000",
	2);
INSERT INTO C_C
	VALUES ("e4317c1b-3988-4146-8d53-79c77f94d387",
	"00000000-0000-0000-0000-000000000000",
	"00000000-0000-0000-0000-000000000000",
	'Comp',
	'',
	0,
	"00000000-0000-0000-0000-000000000000",
	0,
	'',
	'');
INSERT INTO PE_PE
	VALUES ("eb13984d-bc2a-446d-9fc1-6c735620090d",
	1,
	"78ec567f-1c2c-4c76-a0d8-279bfcd6f228",
	"00000000-0000-0000-0000-000000000000",
	4);
INSERT INTO O_OBJ
	VALUES ("eb13984d-bc2a-446d-9fc1-6c735620090d",
	'WasRun',
	1,
	'WasRun',
	'',
	"00000000-0000-0000-0000-000000000000");
INSERT INTO O_TFR
	VALUES ("c6e2f158-db49-4246-ab09-8de4fb4b1e47",
	"eb13984d-bc2a-446d-9fc1-6c735620090d",
	'run',
	'',
	"ba5eda7a-def5-0000-0000-000000000000",
	1,
	'create object instance Test of WasRun;',
	1,
	'',
	"00000000-0000-0000-0000-000000000000",
	0,
	1);
INSERT INTO ACT_OPB
	VALUES ("3f600d27-9fd4-4e8c-b0c6-0612cf9365b5",
	"c6e2f158-db49-4246-ab09-8de4fb4b1e47");
INSERT INTO ACT_ACT
	VALUES ("3f600d27-9fd4-4e8c-b0c6-0612cf9365b5",
	'operation',
	0,
	"1317d024-7167-4472-836a-5c2d25697b0d",
	"00000000-0000-0000-0000-000000000000",
	0,
	'WasRun::run',
	"00000000-0000-0000-0000-000000000000");
INSERT INTO ACT_BLK
	VALUES ("1317d024-7167-4472-836a-5c2d25697b0d",
	0,
	0,
	0,
	'',
	'',
	'',
	1,
	1,
	1,
	32,
	0,
	0,
	0,
	0,
	0,
	0,
	0,
	0,
	0,
	"3f600d27-9fd4-4e8c-b0c6-0612cf9365b5",
	"00000000-0000-0000-0000-000000000000");
INSERT INTO V_VAR
	VALUES ("871291d1-90da-464a-a61b-e2bdac4873f8",
	"1317d024-7167-4472-836a-5c2d25697b0d",
	'Test',
	0,
	"00000000-0000-0000-0000-000000000000");
INSERT INTO V_TRN
	VALUES ("871291d1-90da-464a-a61b-e2bdac4873f8",
	"00000000-0000-0000-0000-000000000000",
	'');
INSERT INTO O_TFR
	VALUES ("84e1ac75-fa7b-4fa3-bca7-436972c5f0ec",
	"eb13984d-bc2a-446d-9fc1-6c735620090d",
	'setUp',
	'',
	"ba5eda7a-def5-0000-0000-000000000000",
	1,
	'',
	1,
	'',
	"c6e2f158-db49-4246-ab09-8de4fb4b1e47",
	0,
	3);
INSERT INTO ACT_OPB
	VALUES ("810fe369-5de3-4da5-89d3-c99cdf29d585",
	"84e1ac75-fa7b-4fa3-bca7-436972c5f0ec");
INSERT INTO ACT_ACT
	VALUES ("810fe369-5de3-4da5-89d3-c99cdf29d585",
	'operation',
	0,
	"51973367-250d-4a14-9c81-0d35e7a18029",
	"00000000-0000-0000-0000-000000000000",
	0,
	'WasRun::setUp',
	"00000000-0000-0000-0000-000000000000");
INSERT INTO ACT_BLK
	VALUES ("51973367-250d-4a14-9c81-0d35e7a18029",
	0,
	0,
	0,
	'',
	'',
	'',
	0,
	0,
	0,
	0,
	0,
	0,
	0,
	0,
	0,
	0,
	0,
	0,
	0,
	"810fe369-5de3-4da5-89d3-c99cdf29d585",
	"00000000-0000-0000-0000-000000000000");
INSERT INTO O_NBATTR
	VALUES ("6dcf4b7c-8e8f-402e-ab41-b368eb083510",
	"eb13984d-bc2a-446d-9fc1-6c735620090d");
INSERT INTO O_BATTR
	VALUES ("6dcf4b7c-8e8f-402e-ab41-b368eb083510",
	"eb13984d-bc2a-446d-9fc1-6c735620090d");
INSERT INTO O_ATTR
	VALUES ("6dcf4b7c-8e8f-402e-ab41-b368eb083510",
	"eb13984d-bc2a-446d-9fc1-6c735620090d",
	"00000000-0000-0000-0000-000000000000",
	'wasRun',
	'',
	'',
	'wasRun',
	0,
	"ba5eda7a-def5-0000-0000-000000000001",
	'',
	'');
INSERT INTO O_NBATTR
	VALUES ("2035c17c-9bb3-4af8-92bf-8c6ebc844299",
	"eb13984d-bc2a-446d-9fc1-6c735620090d");
INSERT INTO O_BATTR
	VALUES ("2035c17c-9bb3-4af8-92bf-8c6ebc844299",
	"eb13984d-bc2a-446d-9fc1-6c735620090d");
INSERT INTO O_ATTR
	VALUES ("2035c17c-9bb3-4af8-92bf-8c6ebc844299",
	"eb13984d-bc2a-446d-9fc1-6c735620090d",
	"6dcf4b7c-8e8f-402e-ab41-b368eb083510",
	'name',
	'',
	'',
	'name',
	0,
	"ba5eda7a-def5-0000-0000-000000000004",
	'',
	'');
INSERT INTO O_NBATTR
	VALUES ("b634fdb5-409c-4342-ad0a-9cb09f227d44",
	"eb13984d-bc2a-446d-9fc1-6c735620090d");
INSERT INTO O_BATTR
	VALUES ("b634fdb5-409c-4342-ad0a-9cb09f227d44",
	"eb13984d-bc2a-446d-9fc1-6c735620090d");
INSERT INTO O_ATTR
	VALUES ("b634fdb5-409c-4342-ad0a-9cb09f227d44",
	"eb13984d-bc2a-446d-9fc1-6c735620090d",
	"2035c17c-9bb3-4af8-92bf-8c6ebc844299",
	'current_state',
	'',
	'',
	'current_state',
	0,
	"ba5eda7a-def5-0000-0000-000000000006",
	'',
	'');
INSERT INTO O_ID
	VALUES (0,
	"eb13984d-bc2a-446d-9fc1-6c735620090d");
INSERT INTO O_ID
	VALUES (1,
	"eb13984d-bc2a-446d-9fc1-6c735620090d");
INSERT INTO O_ID
	VALUES (2,
	"eb13984d-bc2a-446d-9fc1-6c735620090d");
INSERT INTO SM_ISM
	VALUES ("06278cef-dd12-42f1-8f9f-f04b0371754f",
	"eb13984d-bc2a-446d-9fc1-6c735620090d");
INSERT INTO SM_SM
	VALUES ("06278cef-dd12-42f1-8f9f-f04b0371754f",
	'',
	0);
INSERT INTO SM_MOORE
	VALUES ("06278cef-dd12-42f1-8f9f-f04b0371754f");
INSERT INTO SM_LEVT
	VALUES ("9c5b5753-071d-4c6a-a894-8466a8ba651f",
	"06278cef-dd12-42f1-8f9f-f04b0371754f",
	"00000000-0000-0000-0000-000000000000");
INSERT INTO SM_SEVT
	VALUES ("9c5b5753-071d-4c6a-a894-8466a8ba651f",
	"06278cef-dd12-42f1-8f9f-f04b0371754f",
	"00000000-0000-0000-0000-000000000000");
INSERT INTO SM_EVT
	VALUES ("9c5b5753-071d-4c6a-a894-8466a8ba651f",
	"06278cef-dd12-42f1-8f9f-f04b0371754f",
	"00000000-0000-0000-0000-000000000000",
	1,
	'callConstructor',
	0,
	'',
	'WasRun1',
	'');
INSERT INTO SM_LEVT
	VALUES ("5b25a586-de1e-4786-99c8-3edd30a443a1",
	"06278cef-dd12-42f1-8f9f-f04b0371754f",
	"00000000-0000-0000-0000-000000000000");
INSERT INTO SM_SEVT
	VALUES ("5b25a586-de1e-4786-99c8-3edd30a443a1",
	"06278cef-dd12-42f1-8f9f-f04b0371754f",
	"00000000-0000-0000-0000-000000000000");
INSERT INTO SM_EVT
	VALUES ("5b25a586-de1e-4786-99c8-3edd30a443a1",
	"06278cef-dd12-42f1-8f9f-f04b0371754f",
	"00000000-0000-0000-0000-000000000000",
	2,
	'run',
	0,
	'',
	'WasRun2',
	'');
INSERT INTO SM_LEVT
	VALUES ("6ada8978-a512-468b-8c67-cd9105b1c64f",
	"06278cef-dd12-42f1-8f9f-f04b0371754f",
	"00000000-0000-0000-0000-000000000000");
INSERT INTO SM_SEVT
	VALUES ("6ada8978-a512-468b-8c67-cd9105b1c64f",
	"06278cef-dd12-42f1-8f9f-f04b0371754f",
	"00000000-0000-0000-0000-000000000000");
INSERT INTO SM_EVT
	VALUES ("6ada8978-a512-468b-8c67-cd9105b1c64f",
	"06278cef-dd12-42f1-8f9f-f04b0371754f",
	"00000000-0000-0000-0000-000000000000",
	3,
	'fail',
	0,
	'',
	'WasRun3',
	'');
INSERT INTO SM_LEVT
	VALUES ("c9be63f6-ee71-47b5-9d49-9ec9492292d0",
	"06278cef-dd12-42f1-8f9f-f04b0371754f",
	"00000000-0000-0000-0000-000000000000");
INSERT INTO SM_SEVT
	VALUES ("c9be63f6-ee71-47b5-9d49-9ec9492292d0",
	"06278cef-dd12-42f1-8f9f-f04b0371754f",
	"00000000-0000-0000-0000-000000000000");
INSERT INTO SM_EVT
	VALUES ("c9be63f6-ee71-47b5-9d49-9ec9492292d0",
	"06278cef-dd12-42f1-8f9f-f04b0371754f",
	"00000000-0000-0000-0000-000000000000",
	4,
	'pass',
	0,
	'',
	'WasRun4',
	'');
INSERT INTO SM_STATE
	VALUES ("c6a7f29a-3d39-4ddf-a39d-43b3c21719ea",
	"06278cef-dd12-42f1-8f9f-f04b0371754f",
	"00000000-0000-0000-0000-000000000000",
	'NotRun',
	1,
	0);
INSERT INTO SM_CH
	VALUES ("c6a7f29a-3d39-4ddf-a39d-43b3c21719ea",
	"9c5b5753-071d-4c6a-a894-8466a8ba651f",
	"06278cef-dd12-42f1-8f9f-f04b0371754f",
	"00000000-0000-0000-0000-000000000000",
	'');
INSERT INTO SM_SEME
	VALUES ("c6a7f29a-3d39-4ddf-a39d-43b3c21719ea",
	"9c5b5753-071d-4c6a-a894-8466a8ba651f",
	"06278cef-dd12-42f1-8f9f-f04b0371754f",
	"00000000-0000-0000-0000-000000000000");
INSERT INTO SM_SEME
	VALUES ("c6a7f29a-3d39-4ddf-a39d-43b3c21719ea",
	"5b25a586-de1e-4786-99c8-3edd30a443a1",
	"06278cef-dd12-42f1-8f9f-f04b0371754f",
	"00000000-0000-0000-0000-000000000000");
INSERT INTO SM_CH
	VALUES ("c6a7f29a-3d39-4ddf-a39d-43b3c21719ea",
	"6ada8978-a512-468b-8c67-cd9105b1c64f",
	"06278cef-dd12-42f1-8f9f-f04b0371754f",
	"00000000-0000-0000-0000-000000000000",
	'');
INSERT INTO SM_SEME
	VALUES ("c6a7f29a-3d39-4ddf-a39d-43b3c21719ea",
	"6ada8978-a512-468b-8c67-cd9105b1c64f",
	"06278cef-dd12-42f1-8f9f-f04b0371754f",
	"00000000-0000-0000-0000-000000000000");
INSERT INTO SM_CH
	VALUES ("c6a7f29a-3d39-4ddf-a39d-43b3c21719ea",
	"c9be63f6-ee71-47b5-9d49-9ec9492292d0",
	"06278cef-dd12-42f1-8f9f-f04b0371754f",
	"00000000-0000-0000-0000-000000000000",
	'');
INSERT INTO SM_SEME
	VALUES ("c6a7f29a-3d39-4ddf-a39d-43b3c21719ea",
	"c9be63f6-ee71-47b5-9d49-9ec9492292d0",
	"06278cef-dd12-42f1-8f9f-f04b0371754f",
	"00000000-0000-0000-0000-000000000000");
INSERT INTO SM_MOAH
	VALUES ("d5db8ef4-508c-4cb3-9b6b-090aac92a237",
	"06278cef-dd12-42f1-8f9f-f04b0371754f",
	"c6a7f29a-3d39-4ddf-a39d-43b3c21719ea");
INSERT INTO SM_AH
	VALUES ("d5db8ef4-508c-4cb3-9b6b-090aac92a237",
	"06278cef-dd12-42f1-8f9f-f04b0371754f");
INSERT INTO SM_ACT
	VALUES ("d5db8ef4-508c-4cb3-9b6b-090aac92a237",
	"06278cef-dd12-42f1-8f9f-f04b0371754f",
	1,
	'',
	'',
	0);
INSERT INTO ACT_SAB
	VALUES ("79dadb18-7acc-42ff-a939-a34aa98c1421",
	"06278cef-dd12-42f1-8f9f-f04b0371754f",
	"d5db8ef4-508c-4cb3-9b6b-090aac92a237");
INSERT INTO ACT_ACT
	VALUES ("79dadb18-7acc-42ff-a939-a34aa98c1421",
	'state',
	0,
	"1173b27d-e246-4238-a239-766737c9b188",
	"00000000-0000-0000-0000-000000000000",
	0,
	'WasRun::NotRun',
	"00000000-0000-0000-0000-000000000000");
INSERT INTO ACT_BLK
	VALUES ("1173b27d-e246-4238-a239-766737c9b188",
	0,
	0,
	0,
	'',
	'',
	'',
	0,
	0,
	0,
	0,
	0,
	0,
	0,
	0,
	0,
	0,
	0,
	0,
	0,
	"79dadb18-7acc-42ff-a939-a34aa98c1421",
	"00000000-0000-0000-0000-000000000000");
INSERT INTO SM_STATE
	VALUES ("d24df9e0-3253-4f70-b23e-7e64b87110f3",
	"06278cef-dd12-42f1-8f9f-f04b0371754f",
	"00000000-0000-0000-0000-000000000000",
	'Running',
	2,
	0);
INSERT INTO SM_CH
	VALUES ("d24df9e0-3253-4f70-b23e-7e64b87110f3",
	"9c5b5753-071d-4c6a-a894-8466a8ba651f",
	"06278cef-dd12-42f1-8f9f-f04b0371754f",
	"00000000-0000-0000-0000-000000000000",
	'');
INSERT INTO SM_SEME
	VALUES ("d24df9e0-3253-4f70-b23e-7e64b87110f3",
	"9c5b5753-071d-4c6a-a894-8466a8ba651f",
	"06278cef-dd12-42f1-8f9f-f04b0371754f",
	"00000000-0000-0000-0000-000000000000");
INSERT INTO SM_CH
	VALUES ("d24df9e0-3253-4f70-b23e-7e64b87110f3",
	"5b25a586-de1e-4786-99c8-3edd30a443a1",
	"06278cef-dd12-42f1-8f9f-f04b0371754f",
	"00000000-0000-0000-0000-000000000000",
	'');
INSERT INTO SM_SEME
	VALUES ("d24df9e0-3253-4f70-b23e-7e64b87110f3",
	"5b25a586-de1e-4786-99c8-3edd30a443a1",
	"06278cef-dd12-42f1-8f9f-f04b0371754f",
	"00000000-0000-0000-0000-000000000000");
INSERT INTO SM_SEME
	VALUES ("d24df9e0-3253-4f70-b23e-7e64b87110f3",
	"6ada8978-a512-468b-8c67-cd9105b1c64f",
	"06278cef-dd12-42f1-8f9f-f04b0371754f",
	"00000000-0000-0000-0000-000000000000");
INSERT INTO SM_SEME
	VALUES ("d24df9e0-3253-4f70-b23e-7e64b87110f3",
	"c9be63f6-ee71-47b5-9d49-9ec9492292d0",
	"06278cef-dd12-42f1-8f9f-f04b0371754f",
	"00000000-0000-0000-0000-000000000000");
INSERT INTO SM_MOAH
	VALUES ("05d5d0fe-017e-4d9f-ae71-f5be629e0403",
	"06278cef-dd12-42f1-8f9f-f04b0371754f",
	"d24df9e0-3253-4f70-b23e-7e64b87110f3");
INSERT INTO SM_AH
	VALUES ("05d5d0fe-017e-4d9f-ae71-f5be629e0403",
	"06278cef-dd12-42f1-8f9f-f04b0371754f");
INSERT INTO SM_ACT
	VALUES ("05d5d0fe-017e-4d9f-ae71-f5be629e0403",
	"06278cef-dd12-42f1-8f9f-f04b0371754f",
	1,
	'',
	'',
	0);
INSERT INTO ACT_SAB
	VALUES ("f29eb323-02bb-4e6e-ba5b-7802a114949b",
	"06278cef-dd12-42f1-8f9f-f04b0371754f",
	"05d5d0fe-017e-4d9f-ae71-f5be629e0403");
INSERT INTO ACT_ACT
	VALUES ("f29eb323-02bb-4e6e-ba5b-7802a114949b",
	'state',
	0,
	"d098cabf-34d4-42ee-b692-80914655b6e5",
	"00000000-0000-0000-0000-000000000000",
	0,
	'WasRun::Running',
	"00000000-0000-0000-0000-000000000000");
INSERT INTO ACT_BLK
	VALUES ("d098cabf-34d4-42ee-b692-80914655b6e5",
	0,
	0,
	0,
	'',
	'',
	'',
	0,
	0,
	0,
	0,
	0,
	0,
	0,
	0,
	0,
	0,
	0,
	0,
	0,
	"f29eb323-02bb-4e6e-ba5b-7802a114949b",
	"00000000-0000-0000-0000-000000000000");
INSERT INTO SM_STATE
	VALUES ("55347d69-bf99-418b-92b0-f8f508ea193c",
	"06278cef-dd12-42f1-8f9f-f04b0371754f",
	"00000000-0000-0000-0000-000000000000",
	'Passed',
	3,
	1);
INSERT INTO SM_CH
	VALUES ("55347d69-bf99-418b-92b0-f8f508ea193c",
	"9c5b5753-071d-4c6a-a894-8466a8ba651f",
	"06278cef-dd12-42f1-8f9f-f04b0371754f",
	"00000000-0000-0000-0000-000000000000",
	'');
INSERT INTO SM_SEME
	VALUES ("55347d69-bf99-418b-92b0-f8f508ea193c",
	"9c5b5753-071d-4c6a-a894-8466a8ba651f",
	"06278cef-dd12-42f1-8f9f-f04b0371754f",
	"00000000-0000-0000-0000-000000000000");
INSERT INTO SM_CH
	VALUES ("55347d69-bf99-418b-92b0-f8f508ea193c",
	"5b25a586-de1e-4786-99c8-3edd30a443a1",
	"06278cef-dd12-42f1-8f9f-f04b0371754f",
	"00000000-0000-0000-0000-000000000000",
	'');
INSERT INTO SM_SEME
	VALUES ("55347d69-bf99-418b-92b0-f8f508ea193c",
	"5b25a586-de1e-4786-99c8-3edd30a443a1",
	"06278cef-dd12-42f1-8f9f-f04b0371754f",
	"00000000-0000-0000-0000-000000000000");
INSERT INTO SM_CH
	VALUES ("55347d69-bf99-418b-92b0-f8f508ea193c",
	"6ada8978-a512-468b-8c67-cd9105b1c64f",
	"06278cef-dd12-42f1-8f9f-f04b0371754f",
	"00000000-0000-0000-0000-000000000000",
	'');
INSERT INTO SM_SEME
	VALUES ("55347d69-bf99-418b-92b0-f8f508ea193c",
	"6ada8978-a512-468b-8c67-cd9105b1c64f",
	"06278cef-dd12-42f1-8f9f-f04b0371754f",
	"00000000-0000-0000-0000-000000000000");
INSERT INTO SM_CH
	VALUES ("55347d69-bf99-418b-92b0-f8f508ea193c",
	"c9be63f6-ee71-47b5-9d49-9ec9492292d0",
	"06278cef-dd12-42f1-8f9f-f04b0371754f",
	"00000000-0000-0000-0000-000000000000",
	'');
INSERT INTO SM_SEME
	VALUES ("55347d69-bf99-418b-92b0-f8f508ea193c",
	"c9be63f6-ee71-47b5-9d49-9ec9492292d0",
	"06278cef-dd12-42f1-8f9f-f04b0371754f",
	"00000000-0000-0000-0000-000000000000");
INSERT INTO SM_MOAH
	VALUES ("dc11118d-090a-4475-a909-cc5f244166ed",
	"06278cef-dd12-42f1-8f9f-f04b0371754f",
	"55347d69-bf99-418b-92b0-f8f508ea193c");
INSERT INTO SM_AH
	VALUES ("dc11118d-090a-4475-a909-cc5f244166ed",
	"06278cef-dd12-42f1-8f9f-f04b0371754f");
INSERT INTO SM_ACT
	VALUES ("dc11118d-090a-4475-a909-cc5f244166ed",
	"06278cef-dd12-42f1-8f9f-f04b0371754f",
	1,
	'',
	'',
	0);
INSERT INTO ACT_SAB
	VALUES ("bcc3493a-b153-4b71-8f18-ac4bf8373b89",
	"06278cef-dd12-42f1-8f9f-f04b0371754f",
	"dc11118d-090a-4475-a909-cc5f244166ed");
INSERT INTO ACT_ACT
	VALUES ("bcc3493a-b153-4b71-8f18-ac4bf8373b89",
	'state',
	0,
	"3c277885-9072-4a1a-a68f-c275e689d399",
	"00000000-0000-0000-0000-000000000000",
	0,
	'WasRun::Passed',
	"00000000-0000-0000-0000-000000000000");
INSERT INTO ACT_BLK
	VALUES ("3c277885-9072-4a1a-a68f-c275e689d399",
	0,
	0,
	0,
	'',
	'',
	'',
	0,
	0,
	0,
	0,
	0,
	0,
	0,
	0,
	0,
	0,
	0,
	0,
	0,
	"bcc3493a-b153-4b71-8f18-ac4bf8373b89",
	"00000000-0000-0000-0000-000000000000");
INSERT INTO SM_STATE
	VALUES ("6418b075-abfe-425c-9fdc-441daab971ec",
	"06278cef-dd12-42f1-8f9f-f04b0371754f",
	"00000000-0000-0000-0000-000000000000",
	'Failed',
	4,
	1);
INSERT INTO SM_CH
	VALUES ("6418b075-abfe-425c-9fdc-441daab971ec",
	"9c5b5753-071d-4c6a-a894-8466a8ba651f",
	"06278cef-dd12-42f1-8f9f-f04b0371754f",
	"00000000-0000-0000-0000-000000000000",
	'');
INSERT INTO SM_SEME
	VALUES ("6418b075-abfe-425c-9fdc-441daab971ec",
	"9c5b5753-071d-4c6a-a894-8466a8ba651f",
	"06278cef-dd12-42f1-8f9f-f04b0371754f",
	"00000000-0000-0000-0000-000000000000");
INSERT INTO SM_CH
	VALUES ("6418b075-abfe-425c-9fdc-441daab971ec",
	"5b25a586-de1e-4786-99c8-3edd30a443a1",
	"06278cef-dd12-42f1-8f9f-f04b0371754f",
	"00000000-0000-0000-0000-000000000000",
	'');
INSERT INTO SM_SEME
	VALUES ("6418b075-abfe-425c-9fdc-441daab971ec",
	"5b25a586-de1e-4786-99c8-3edd30a443a1",
	"06278cef-dd12-42f1-8f9f-f04b0371754f",
	"00000000-0000-0000-0000-000000000000");
INSERT INTO SM_CH
	VALUES ("6418b075-abfe-425c-9fdc-441daab971ec",
	"6ada8978-a512-468b-8c67-cd9105b1c64f",
	"06278cef-dd12-42f1-8f9f-f04b0371754f",
	"00000000-0000-0000-0000-000000000000",
	'');
INSERT INTO SM_SEME
	VALUES ("6418b075-abfe-425c-9fdc-441daab971ec",
	"6ada8978-a512-468b-8c67-cd9105b1c64f",
	"06278cef-dd12-42f1-8f9f-f04b0371754f",
	"00000000-0000-0000-0000-000000000000");
INSERT INTO SM_CH
	VALUES ("6418b075-abfe-425c-9fdc-441daab971ec",
	"c9be63f6-ee71-47b5-9d49-9ec9492292d0",
	"06278cef-dd12-42f1-8f9f-f04b0371754f",
	"00000000-0000-0000-0000-000000000000",
	'');
INSERT INTO SM_SEME
	VALUES ("6418b075-abfe-425c-9fdc-441daab971ec",
	"c9be63f6-ee71-47b5-9d49-9ec9492292d0",
	"06278cef-dd12-42f1-8f9f-f04b0371754f",
	"00000000-0000-0000-0000-000000000000");
INSERT INTO SM_MOAH
	VALUES ("31d47f39-9ded-4839-9852-871bcb846600",
	"06278cef-dd12-42f1-8f9f-f04b0371754f",
	"6418b075-abfe-425c-9fdc-441daab971ec");
INSERT INTO SM_AH
	VALUES ("31d47f39-9ded-4839-9852-871bcb846600",
	"06278cef-dd12-42f1-8f9f-f04b0371754f");
INSERT INTO SM_ACT
	VALUES ("31d47f39-9ded-4839-9852-871bcb846600",
	"06278cef-dd12-42f1-8f9f-f04b0371754f",
	1,
	'',
	'',
	0);
INSERT INTO ACT_SAB
	VALUES ("60687dab-4598-42f6-b04e-69fac9f17761",
	"06278cef-dd12-42f1-8f9f-f04b0371754f",
	"31d47f39-9ded-4839-9852-871bcb846600");
INSERT INTO ACT_ACT
	VALUES ("60687dab-4598-42f6-b04e-69fac9f17761",
	'state',
	0,
	"ce1defff-4b2d-491a-a534-818f46b2d257",
	"00000000-0000-0000-0000-000000000000",
	0,
	'WasRun::Failed',
	"00000000-0000-0000-0000-000000000000");
INSERT INTO ACT_BLK
	VALUES ("ce1defff-4b2d-491a-a534-818f46b2d257",
	0,
	0,
	0,
	'',
	'',
	'',
	0,
	0,
	0,
	0,
	0,
	0,
	0,
	0,
	0,
	0,
	0,
	0,
	0,
	"60687dab-4598-42f6-b04e-69fac9f17761",
	"00000000-0000-0000-0000-000000000000");
INSERT INTO SM_CRTXN
	VALUES ("bf9e0927-e28e-4fcf-8f45-1e35a3fa62ac",
	"06278cef-dd12-42f1-8f9f-f04b0371754f",
	"9c5b5753-071d-4c6a-a894-8466a8ba651f",
	"00000000-0000-0000-0000-000000000000");
INSERT INTO SM_TAH
	VALUES ("7bfa43ad-6054-42a9-83f6-564a06a2a947",
	"06278cef-dd12-42f1-8f9f-f04b0371754f",
	"bf9e0927-e28e-4fcf-8f45-1e35a3fa62ac");
INSERT INTO SM_AH
	VALUES ("7bfa43ad-6054-42a9-83f6-564a06a2a947",
	"06278cef-dd12-42f1-8f9f-f04b0371754f");
INSERT INTO SM_ACT
	VALUES ("7bfa43ad-6054-42a9-83f6-564a06a2a947",
	"06278cef-dd12-42f1-8f9f-f04b0371754f",
	1,
	'',
	'',
	0);
INSERT INTO ACT_TAB
	VALUES ("81864d82-c8b6-4153-a9b9-003c679c74cb",
	"06278cef-dd12-42f1-8f9f-f04b0371754f",
	"7bfa43ad-6054-42a9-83f6-564a06a2a947");
INSERT INTO ACT_ACT
	VALUES ("81864d82-c8b6-4153-a9b9-003c679c74cb",
	'transition',
	0,
	"ecb5d549-d607-4f05-abc4-bf5367789e73",
	"00000000-0000-0000-0000-000000000000",
	0,
	'WasRun1: callConstructor',
	"00000000-0000-0000-0000-000000000000");
INSERT INTO ACT_BLK
	VALUES ("ecb5d549-d607-4f05-abc4-bf5367789e73",
	0,
	0,
	0,
	'',
	'',
	'',
	0,
	0,
	0,
	0,
	0,
	0,
	0,
	0,
	0,
	0,
	0,
	0,
	0,
	"81864d82-c8b6-4153-a9b9-003c679c74cb",
	"00000000-0000-0000-0000-000000000000");
INSERT INTO SM_TXN
	VALUES ("bf9e0927-e28e-4fcf-8f45-1e35a3fa62ac",
	"06278cef-dd12-42f1-8f9f-f04b0371754f",
	"c6a7f29a-3d39-4ddf-a39d-43b3c21719ea",
	"00000000-0000-0000-0000-000000000000");
INSERT INTO SM_NSTXN
	VALUES ("f4352c9f-3e2f-4f67-8b45-39909c743fbe",
	"06278cef-dd12-42f1-8f9f-f04b0371754f",
	"c6a7f29a-3d39-4ddf-a39d-43b3c21719ea",
	"5b25a586-de1e-4786-99c8-3edd30a443a1",
	"00000000-0000-0000-0000-000000000000");
INSERT INTO SM_TAH
	VALUES ("e4180da1-0a15-4afa-90b8-dc98d70ca620",
	"06278cef-dd12-42f1-8f9f-f04b0371754f",
	"f4352c9f-3e2f-4f67-8b45-39909c743fbe");
INSERT INTO SM_AH
	VALUES ("e4180da1-0a15-4afa-90b8-dc98d70ca620",
	"06278cef-dd12-42f1-8f9f-f04b0371754f");
INSERT INTO SM_ACT
	VALUES ("e4180da1-0a15-4afa-90b8-dc98d70ca620",
	"06278cef-dd12-42f1-8f9f-f04b0371754f",
	1,
	'',
	'',
	0);
INSERT INTO ACT_TAB
	VALUES ("a5aa604b-6dc9-4337-8321-64eecf24a166",
	"06278cef-dd12-42f1-8f9f-f04b0371754f",
	"e4180da1-0a15-4afa-90b8-dc98d70ca620");
INSERT INTO ACT_ACT
	VALUES ("a5aa604b-6dc9-4337-8321-64eecf24a166",
	'transition',
	0,
	"b01a449a-ad6f-455f-b423-459afd56cef0",
	"00000000-0000-0000-0000-000000000000",
	0,
	'WasRun2: run',
	"00000000-0000-0000-0000-000000000000");
INSERT INTO ACT_BLK
	VALUES ("b01a449a-ad6f-455f-b423-459afd56cef0",
	0,
	0,
	0,
	'',
	'',
	'',
	0,
	0,
	0,
	0,
	0,
	0,
	0,
	0,
	0,
	0,
	0,
	0,
	0,
	"a5aa604b-6dc9-4337-8321-64eecf24a166",
	"00000000-0000-0000-0000-000000000000");
INSERT INTO SM_TXN
	VALUES ("f4352c9f-3e2f-4f67-8b45-39909c743fbe",
	"06278cef-dd12-42f1-8f9f-f04b0371754f",
	"d24df9e0-3253-4f70-b23e-7e64b87110f3",
	"00000000-0000-0000-0000-000000000000");
INSERT INTO SM_NSTXN
	VALUES ("087bc6b0-1fe2-4b87-9030-066ee43ff317",
	"06278cef-dd12-42f1-8f9f-f04b0371754f",
	"d24df9e0-3253-4f70-b23e-7e64b87110f3",
	"c9be63f6-ee71-47b5-9d49-9ec9492292d0",
	"00000000-0000-0000-0000-000000000000");
INSERT INTO SM_TAH
	VALUES ("c45bdf67-2cc5-420c-9068-00dd74d48000",
	"06278cef-dd12-42f1-8f9f-f04b0371754f",
	"087bc6b0-1fe2-4b87-9030-066ee43ff317");
INSERT INTO SM_AH
	VALUES ("c45bdf67-2cc5-420c-9068-00dd74d48000",
	"06278cef-dd12-42f1-8f9f-f04b0371754f");
INSERT INTO SM_ACT
	VALUES ("c45bdf67-2cc5-420c-9068-00dd74d48000",
	"06278cef-dd12-42f1-8f9f-f04b0371754f",
	1,
	'',
	'',
	0);
INSERT INTO ACT_TAB
	VALUES ("75d0dc2f-9b20-4005-90dc-872a4e7f5902",
	"06278cef-dd12-42f1-8f9f-f04b0371754f",
	"c45bdf67-2cc5-420c-9068-00dd74d48000");
INSERT INTO ACT_ACT
	VALUES ("75d0dc2f-9b20-4005-90dc-872a4e7f5902",
	'transition',
	0,
	"a7dc06a6-1a51-44cf-9436-6a7257a9b6a4",
	"00000000-0000-0000-0000-000000000000",
	0,
	'WasRun4: pass',
	"00000000-0000-0000-0000-000000000000");
INSERT INTO ACT_BLK
	VALUES ("a7dc06a6-1a51-44cf-9436-6a7257a9b6a4",
	0,
	0,
	0,
	'',
	'',
	'',
	0,
	0,
	0,
	0,
	0,
	0,
	0,
	0,
	0,
	0,
	0,
	0,
	0,
	"75d0dc2f-9b20-4005-90dc-872a4e7f5902",
	"00000000-0000-0000-0000-000000000000");
INSERT INTO SM_TXN
	VALUES ("087bc6b0-1fe2-4b87-9030-066ee43ff317",
	"06278cef-dd12-42f1-8f9f-f04b0371754f",
	"55347d69-bf99-418b-92b0-f8f508ea193c",
	"00000000-0000-0000-0000-000000000000");
INSERT INTO SM_NSTXN
	VALUES ("02d7a046-2449-4be0-a10b-b193d21e63f7",
	"06278cef-dd12-42f1-8f9f-f04b0371754f",
	"d24df9e0-3253-4f70-b23e-7e64b87110f3",
	"6ada8978-a512-468b-8c67-cd9105b1c64f",
	"00000000-0000-0000-0000-000000000000");
INSERT INTO SM_TAH
	VALUES ("63116fbc-566d-47d4-9709-cb24aa61dfac",
	"06278cef-dd12-42f1-8f9f-f04b0371754f",
	"02d7a046-2449-4be0-a10b-b193d21e63f7");
INSERT INTO SM_AH
	VALUES ("63116fbc-566d-47d4-9709-cb24aa61dfac",
	"06278cef-dd12-42f1-8f9f-f04b0371754f");
INSERT INTO SM_ACT
	VALUES ("63116fbc-566d-47d4-9709-cb24aa61dfac",
	"06278cef-dd12-42f1-8f9f-f04b0371754f",
	1,
	'',
	'',
	0);
INSERT INTO ACT_TAB
	VALUES ("f9ce9efb-cf54-438b-90d4-3ad5033a26e5",
	"06278cef-dd12-42f1-8f9f-f04b0371754f",
	"63116fbc-566d-47d4-9709-cb24aa61dfac");
INSERT INTO ACT_ACT
	VALUES ("f9ce9efb-cf54-438b-90d4-3ad5033a26e5",
	'transition',
	0,
	"d27b268b-6215-4e85-bfd8-59ecee933b95",
	"00000000-0000-0000-0000-000000000000",
	0,
	'WasRun3: fail',
	"00000000-0000-0000-0000-000000000000");
INSERT INTO ACT_BLK
	VALUES ("d27b268b-6215-4e85-bfd8-59ecee933b95",
	0,
	0,
	0,
	'',
	'',
	'',
	0,
	0,
	0,
	0,
	0,
	0,
	0,
	0,
	0,
	0,
	0,
	0,
	0,
	"f9ce9efb-cf54-438b-90d4-3ad5033a26e5",
	"00000000-0000-0000-0000-000000000000");
INSERT INTO SM_TXN
	VALUES ("02d7a046-2449-4be0-a10b-b193d21e63f7",
	"06278cef-dd12-42f1-8f9f-f04b0371754f",
	"6418b075-abfe-425c-9fdc-441daab971ec",
	"00000000-0000-0000-0000-000000000000");
INSERT INTO PE_PE
	VALUES ("c3cea6f2-6706-4c01-bd9f-cfb21428d08d",
	1,
	"78ec567f-1c2c-4c76-a0d8-279bfcd6f228",
	"00000000-0000-0000-0000-000000000000",
	4);
INSERT INTO O_OBJ
	VALUES ("c3cea6f2-6706-4c01-bd9f-cfb21428d08d",
	'TestCase',
	2,
	'TestCase',
	'',
	"00000000-0000-0000-0000-000000000000");
INSERT INTO O_TFR
	VALUES ("6f93012e-4cc1-407b-9b29-ac41bc60fdab",
	"c3cea6f2-6706-4c01-bd9f-cfb21428d08d",
	'run',
	'',
	"ba5eda7a-def5-0000-0000-000000000000",
	1,
	'',
	1,
	'',
	"00000000-0000-0000-0000-000000000000",
	0,
	1);
INSERT INTO ACT_OPB
	VALUES ("4aa28c9a-eb0e-4055-ac18-ea0c043ecc56",
	"6f93012e-4cc1-407b-9b29-ac41bc60fdab");
INSERT INTO ACT_ACT
	VALUES ("4aa28c9a-eb0e-4055-ac18-ea0c043ecc56",
	'operation',
	0,
	"326d6a0a-f3c0-4bc5-8c12-87f505f0ecda",
	"00000000-0000-0000-0000-000000000000",
	0,
	'TestCase::run',
	"00000000-0000-0000-0000-000000000000");
INSERT INTO ACT_BLK
	VALUES ("326d6a0a-f3c0-4bc5-8c12-87f505f0ecda",
	0,
	0,
	0,
	'',
	'',
	'',
	0,
	0,
	0,
	0,
	0,
	0,
	0,
	0,
	0,
	0,
	0,
	0,
	0,
	"4aa28c9a-eb0e-4055-ac18-ea0c043ecc56",
	"00000000-0000-0000-0000-000000000000");
INSERT INTO O_TFR
	VALUES ("13bd687d-bd84-4ad7-b985-79a6b67aecbc",
	"c3cea6f2-6706-4c01-bd9f-cfb21428d08d",
	'setUp',
	'',
	"ba5eda7a-def5-0000-0000-000000000000",
	1,
	'',
	1,
	'',
	"6f93012e-4cc1-407b-9b29-ac41bc60fdab",
	0,
	3);
INSERT INTO ACT_OPB
	VALUES ("41ffd4fa-b4ad-4911-8b3e-99c6101fd6d7",
	"13bd687d-bd84-4ad7-b985-79a6b67aecbc");
INSERT INTO ACT_ACT
	VALUES ("41ffd4fa-b4ad-4911-8b3e-99c6101fd6d7",
	'operation',
	0,
	"e9be1b73-7456-4579-b5a0-44e423d80d70",
	"00000000-0000-0000-0000-000000000000",
	0,
	'TestCase::setUp',
	"00000000-0000-0000-0000-000000000000");
INSERT INTO ACT_BLK
	VALUES ("e9be1b73-7456-4579-b5a0-44e423d80d70",
	0,
	0,
	0,
	'',
	'',
	'',
	0,
	0,
	0,
	0,
	0,
	0,
	0,
	0,
	0,
	0,
	0,
	0,
	0,
	"41ffd4fa-b4ad-4911-8b3e-99c6101fd6d7",
	"00000000-0000-0000-0000-000000000000");
INSERT INTO O_NBATTR
	VALUES ("2ec18765-75cb-4f32-a5fc-504e65fe0d04",
	"c3cea6f2-6706-4c01-bd9f-cfb21428d08d");
INSERT INTO O_BATTR
	VALUES ("2ec18765-75cb-4f32-a5fc-504e65fe0d04",
	"c3cea6f2-6706-4c01-bd9f-cfb21428d08d");
INSERT INTO O_ATTR
	VALUES ("2ec18765-75cb-4f32-a5fc-504e65fe0d04",
	"c3cea6f2-6706-4c01-bd9f-cfb21428d08d",
	"00000000-0000-0000-0000-000000000000",
	'name',
	'',
	'',
	'name',
	0,
	"ba5eda7a-def5-0000-0000-000000000004",
	'',
	'');
INSERT INTO O_NBATTR
	VALUES ("1b2d4116-7162-4f1f-a47a-887538c4a7cf",
	"c3cea6f2-6706-4c01-bd9f-cfb21428d08d");
INSERT INTO O_BATTR
	VALUES ("1b2d4116-7162-4f1f-a47a-887538c4a7cf",
	"c3cea6f2-6706-4c01-bd9f-cfb21428d08d");
INSERT INTO O_ATTR
	VALUES ("1b2d4116-7162-4f1f-a47a-887538c4a7cf",
	"c3cea6f2-6706-4c01-bd9f-cfb21428d08d",
	"2ec18765-75cb-4f32-a5fc-504e65fe0d04",
	'current_state',
	'',
	'',
	'current_state',
	0,
	"ba5eda7a-def5-0000-0000-000000000006",
	'',
	'');
INSERT INTO O_ID
	VALUES (0,
	"c3cea6f2-6706-4c01-bd9f-cfb21428d08d");
INSERT INTO O_ID
	VALUES (1,
	"c3cea6f2-6706-4c01-bd9f-cfb21428d08d");
INSERT INTO O_ID
	VALUES (2,
	"c3cea6f2-6706-4c01-bd9f-cfb21428d08d");
INSERT INTO SM_ISM
	VALUES ("a90ecb3a-6a5c-4a41-8c83-4a152c249ce3",
	"c3cea6f2-6706-4c01-bd9f-cfb21428d08d");
INSERT INTO SM_SM
	VALUES ("a90ecb3a-6a5c-4a41-8c83-4a152c249ce3",
	'',
	0);
INSERT INTO SM_MOORE
	VALUES ("a90ecb3a-6a5c-4a41-8c83-4a152c249ce3");
INSERT INTO SM_LEVT
	VALUES ("17d971ad-ec16-4eff-b3be-18d2defc45a0",
	"a90ecb3a-6a5c-4a41-8c83-4a152c249ce3",
	"00000000-0000-0000-0000-000000000000");
INSERT INTO SM_SEVT
	VALUES ("17d971ad-ec16-4eff-b3be-18d2defc45a0",
	"a90ecb3a-6a5c-4a41-8c83-4a152c249ce3",
	"00000000-0000-0000-0000-000000000000");
INSERT INTO SM_EVT
	VALUES ("17d971ad-ec16-4eff-b3be-18d2defc45a0",
	"a90ecb3a-6a5c-4a41-8c83-4a152c249ce3",
	"00000000-0000-0000-0000-000000000000",
	1,
	'execute',
	0,
	'',
	'TestCase1',
	'');
INSERT INTO SM_LEVT
	VALUES ("2fb3726f-2299-4270-93d6-e35d6e5458a6",
	"a90ecb3a-6a5c-4a41-8c83-4a152c249ce3",
	"00000000-0000-0000-0000-000000000000");
INSERT INTO SM_SEVT
	VALUES ("2fb3726f-2299-4270-93d6-e35d6e5458a6",
	"a90ecb3a-6a5c-4a41-8c83-4a152c249ce3",
	"00000000-0000-0000-0000-000000000000");
INSERT INTO SM_EVT
	VALUES ("2fb3726f-2299-4270-93d6-e35d6e5458a6",
	"a90ecb3a-6a5c-4a41-8c83-4a152c249ce3",
	"00000000-0000-0000-0000-000000000000",
	2,
	'finish',
	0,
	'',
	'TestCase2',
	'');
INSERT INTO SM_STATE
	VALUES ("e5302ef8-298e-45e1-a0b2-f572b4ce2d9f",
	"a90ecb3a-6a5c-4a41-8c83-4a152c249ce3",
	"00000000-0000-0000-0000-000000000000",
	'Idle',
	1,
	0);
INSERT INTO SM_SEME
	VALUES ("e5302ef8-298e-45e1-a0b2-f572b4ce2d9f",
	"17d971ad-ec16-4eff-b3be-18d2defc45a0",
	"a90ecb3a-6a5c-4a41-8c83-4a152c249ce3",
	"00000000-0000-0000-0000-000000000000");
INSERT INTO SM_CH
	VALUES ("e5302ef8-298e-45e1-a0b2-f572b4ce2d9f",
	"2fb3726f-2299-4270-93d6-e35d6e5458a6",
	"a90ecb3a-6a5c-4a41-8c83-4a152c249ce3",
	"00000000-0000-0000-0000-000000000000",
	'');
INSERT INTO SM_SEME
	VALUES ("e5302ef8-298e-45e1-a0b2-f572b4ce2d9f",
	"2fb3726f-2299-4270-93d6-e35d6e5458a6",
	"a90ecb3a-6a5c-4a41-8c83-4a152c249ce3",
	"00000000-0000-0000-0000-000000000000");
INSERT INTO SM_MOAH
	VALUES ("abed9325-9cef-4575-a820-5f0e266ad1e7",
	"a90ecb3a-6a5c-4a41-8c83-4a152c249ce3",
	"e5302ef8-298e-45e1-a0b2-f572b4ce2d9f");
INSERT INTO SM_AH
	VALUES ("abed9325-9cef-4575-a820-5f0e266ad1e7",
	"a90ecb3a-6a5c-4a41-8c83-4a152c249ce3");
INSERT INTO SM_ACT
	VALUES ("abed9325-9cef-4575-a820-5f0e266ad1e7",
	"a90ecb3a-6a5c-4a41-8c83-4a152c249ce3",
	1,
	'',
	'',
	0);
INSERT INTO ACT_SAB
	VALUES ("83e3f0b3-672b-47ed-afc0-cb7d04c7cfc3",
	"a90ecb3a-6a5c-4a41-8c83-4a152c249ce3",
	"abed9325-9cef-4575-a820-5f0e266ad1e7");
INSERT INTO ACT_ACT
	VALUES ("83e3f0b3-672b-47ed-afc0-cb7d04c7cfc3",
	'state',
	0,
	"a57eab92-49ff-4e27-b5df-4f8ceba5df5f",
	"00000000-0000-0000-0000-000000000000",
	0,
	'TestCase::Idle',
	"00000000-0000-0000-0000-000000000000");
INSERT INTO ACT_BLK
	VALUES ("a57eab92-49ff-4e27-b5df-4f8ceba5df5f",
	0,
	0,
	0,
	'',
	'',
	'',
	0,
	0,
	0,
	0,
	0,
	0,
	0,
	0,
	0,
	0,
	0,
	0,
	0,
	"83e3f0b3-672b-47ed-afc0-cb7d04c7cfc3",
	"00000000-0000-0000-0000-000000000000");
INSERT INTO SM_STATE
	VALUES ("32ccfb9a-0074-462a-aad7-e0951d4f6ced",
	"a90ecb3a-6a5c-4a41-8c83-4a152c249ce3",
	"00000000-0000-0000-0000-000000000000",
	'Running',
	2,
	0);
INSERT INTO SM_CH
	VALUES ("32ccfb9a-0074-462a-aad7-e0951d4f6ced",
	"17d971ad-ec16-4eff-b3be-18d2defc45a0",
	"a90ecb3a-6a5c-4a41-8c83-4a152c249ce3",
	"00000000-0000-0000-0000-000000000000",
	'');
INSERT INTO SM_SEME
	VALUES ("32ccfb9a-0074-462a-aad7-e0951d4f6ced",
	"17d971ad-ec16-4eff-b3be-18d2defc45a0",
	"a90ecb3a-6a5c-4a41-8c83-4a152c249ce3",
	"00000000-0000-0000-0000-000000000000");
INSERT INTO SM_SEME
	VALUES ("32ccfb9a-0074-462a-aad7-e0951d4f6ced",
	"2fb3726f-2299-4270-93d6-e35d6e5458a6",
	"a90ecb3a-6a5c-4a41-8c83-4a152c249ce3",
	"00000000-0000-0000-0000-000000000000");
INSERT INTO SM_MOAH
	VALUES ("a9f6d504-39e4-4017-87e0-e9abde8b7a0d",
	"a90ecb3a-6a5c-4a41-8c83-4a152c249ce3",
	"32ccfb9a-0074-462a-aad7-e0951d4f6ced");
INSERT INTO SM_AH
	VALUES ("a9f6d504-39e4-4017-87e0-e9abde8b7a0d",
	"a90ecb3a-6a5c-4a41-8c83-4a152c249ce3");
INSERT INTO SM_ACT
	VALUES ("a9f6d504-39e4-4017-87e0-e9abde8b7a0d",
	"a90ecb3a-6a5c-4a41-8c83-4a152c249ce3",
	1,
	'',
	'',
	0);
INSERT INTO ACT_SAB
	VALUES ("93bcf8f6-f954-4419-b551-126826e56d42",
	"a90ecb3a-6a5c-4a41-8c83-4a152c249ce3",
	"a9f6d504-39e4-4017-87e0-e9abde8b7a0d");
INSERT INTO ACT_ACT
	VALUES ("93bcf8f6-f954-4419-b551-126826e56d42",
	'state',
	0,
	"dad2d6db-b8bd-42e6-98cf-53ac29325896",
	"00000000-0000-0000-0000-000000000000",
	0,
	'TestCase::Running',
	"00000000-0000-0000-0000-000000000000");
INSERT INTO ACT_BLK
	VALUES ("dad2d6db-b8bd-42e6-98cf-53ac29325896",
	0,
	0,
	0,
	'',
	'',
	'',
	0,
	0,
	0,
	0,
	0,
	0,
	0,
	0,
	0,
	0,
	0,
	0,
	0,
	"93bcf8f6-f954-4419-b551-126826e56d42",
	"00000000-0000-0000-0000-000000000000");
INSERT INTO SM_STATE
	VALUES ("c59bf844-50d0-4bb7-8f25-7bfc27260cd2",
	"a90ecb3a-6a5c-4a41-8c83-4a152c249ce3",
	"00000000-0000-0000-0000-000000000000",
	'Completed',
	3,
	0);
INSERT INTO SM_CH
	VALUES ("c59bf844-50d0-4bb7-8f25-7bfc27260cd2",
	"17d971ad-ec16-4eff-b3be-18d2defc45a0",
	"a90ecb3a-6a5c-4a41-8c83-4a152c249ce3",
	"00000000-0000-0000-0000-000000000000",
	'');
INSERT INTO SM_SEME
	VALUES ("c59bf844-50d0-4bb7-8f25-7bfc27260cd2",
	"17d971ad-ec16-4eff-b3be-18d2defc45a0",
	"a90ecb3a-6a5c-4a41-8c83-4a152c249ce3",
	"00000000-0000-0000-0000-000000000000");
INSERT INTO SM_CH
	VALUES ("c59bf844-50d0-4bb7-8f25-7bfc27260cd2",
	"2fb3726f-2299-4270-93d6-e35d6e5458a6",
	"a90ecb3a-6a5c-4a41-8c83-4a152c249ce3",
	"00000000-0000-0000-0000-000000000000",
	'');
INSERT INTO SM_SEME
	VALUES ("c59bf844-50d0-4bb7-8f25-7bfc27260cd2",
	"2fb3726f-2299-4270-93d6-e35d6e5458a6",
	"a90ecb3a-6a5c-4a41-8c83-4a152c249ce3",
	"00000000-0000-0000-0000-000000000000");
INSERT INTO SM_MOAH
	VALUES ("de68ad68-88c1-44c8-bd7f-a6c566fcbf64",
	"a90ecb3a-6a5c-4a41-8c83-4a152c249ce3",
	"c59bf844-50d0-4bb7-8f25-7bfc27260cd2");
INSERT INTO SM_AH
	VALUES ("de68ad68-88c1-44c8-bd7f-a6c566fcbf64",
	"a90ecb3a-6a5c-4a41-8c83-4a152c249ce3");
INSERT INTO SM_ACT
	VALUES ("de68ad68-88c1-44c8-bd7f-a6c566fcbf64",
	"a90ecb3a-6a5c-4a41-8c83-4a152c249ce3",
	1,
	'',
	'',
	0);
INSERT INTO ACT_SAB
	VALUES ("03b151de-993b-4c39-af87-39f1c62999bc",
	"a90ecb3a-6a5c-4a41-8c83-4a152c249ce3",
	"de68ad68-88c1-44c8-bd7f-a6c566fcbf64");
INSERT INTO ACT_ACT
	VALUES ("03b151de-993b-4c39-af87-39f1c62999bc",
	'state',
	0,
	"165868a5-a927-4121-8d3a-0d89e3ed41c9",
	"00000000-0000-0000-0000-000000000000",
	0,
	'TestCase::Completed',
	"00000000-0000-0000-0000-000000000000");
INSERT INTO ACT_BLK
	VALUES ("165868a5-a927-4121-8d3a-0d89e3ed41c9",
	0,
	0,
	0,
	'',
	'',
	'',
	0,
	0,
	0,
	0,
	0,
	0,
	0,
	0,
	0,
	0,
	0,
	0,
	0,
	"03b151de-993b-4c39-af87-39f1c62999bc",
	"00000000-0000-0000-0000-000000000000");
INSERT INTO SM_NSTXN
	VALUES ("4e735e08-568f-4c0a-88e6-51bb35bc74b2",
	"a90ecb3a-6a5c-4a41-8c83-4a152c249ce3",
	"e5302ef8-298e-45e1-a0b2-f572b4ce2d9f",
	"17d971ad-ec16-4eff-b3be-18d2defc45a0",
	"00000000-0000-0000-0000-000000000000");
INSERT INTO SM_TAH
	VALUES ("05af065a-0a93-46db-94e0-ac638064285e",
	"a90ecb3a-6a5c-4a41-8c83-4a152c249ce3",
	"4e735e08-568f-4c0a-88e6-51bb35bc74b2");
INSERT INTO SM_AH
	VALUES ("05af065a-0a93-46db-94e0-ac638064285e",
	"a90ecb3a-6a5c-4a41-8c83-4a152c249ce3");
INSERT INTO SM_ACT
	VALUES ("05af065a-0a93-46db-94e0-ac638064285e",
	"a90ecb3a-6a5c-4a41-8c83-4a152c249ce3",
	1,
	'',
	'',
	0);
INSERT INTO ACT_TAB
	VALUES ("64451920-5643-4e54-a3c8-ae001c3d67b7",
	"a90ecb3a-6a5c-4a41-8c83-4a152c249ce3",
	"05af065a-0a93-46db-94e0-ac638064285e");
INSERT INTO ACT_ACT
	VALUES ("64451920-5643-4e54-a3c8-ae001c3d67b7",
	'transition',
	0,
	"f552fe02-3ec7-481c-8e0d-eed1e647b2b7",
	"00000000-0000-0000-0000-000000000000",
	0,
	'TestCase1: execute',
	"00000000-0000-0000-0000-000000000000");
INSERT INTO ACT_BLK
	VALUES ("f552fe02-3ec7-481c-8e0d-eed1e647b2b7",
	0,
	0,
	0,
	'',
	'',
	'',
	0,
	0,
	0,
	0,
	0,
	0,
	0,
	0,
	0,
	0,
	0,
	0,
	0,
	"64451920-5643-4e54-a3c8-ae001c3d67b7",
	"00000000-0000-0000-0000-000000000000");
INSERT INTO SM_TXN
	VALUES ("4e735e08-568f-4c0a-88e6-51bb35bc74b2",
	"a90ecb3a-6a5c-4a41-8c83-4a152c249ce3",
	"32ccfb9a-0074-462a-aad7-e0951d4f6ced",
	"00000000-0000-0000-0000-000000000000");
INSERT INTO SM_NSTXN
	VALUES ("1cfd963e-328d-448f-accc-2ea273c7f286",
	"a90ecb3a-6a5c-4a41-8c83-4a152c249ce3",
	"32ccfb9a-0074-462a-aad7-e0951d4f6ced",
	"2fb3726f-2299-4270-93d6-e35d6e5458a6",
	"00000000-0000-0000-0000-000000000000");
INSERT INTO SM_TAH
	VALUES ("877c1e38-4faa-45ac-b2f4-b29701e037b9",
	"a90ecb3a-6a5c-4a41-8c83-4a152c249ce3",
	"1cfd963e-328d-448f-accc-2ea273c7f286");
INSERT INTO SM_AH
	VALUES ("877c1e38-4faa-45ac-b2f4-b29701e037b9",
	"a90ecb3a-6a5c-4a41-8c83-4a152c249ce3");
INSERT INTO SM_ACT
	VALUES ("877c1e38-4faa-45ac-b2f4-b29701e037b9",
	"a90ecb3a-6a5c-4a41-8c83-4a152c249ce3",
	1,
	'',
	'',
	0);
INSERT INTO ACT_TAB
	VALUES ("97fba60e-4c57-4259-bb8a-61a6574b8aaa",
	"a90ecb3a-6a5c-4a41-8c83-4a152c249ce3",
	"877c1e38-4faa-45ac-b2f4-b29701e037b9");
INSERT INTO ACT_ACT
	VALUES ("97fba60e-4c57-4259-bb8a-61a6574b8aaa",
	'transition',
	0,
	"a5f7bc0b-e7c3-467a-92c3-4e1093c25da3",
	"00000000-0000-0000-0000-000000000000",
	0,
	'TestCase2: finish',
	"00000000-0000-0000-0000-000000000000");
INSERT INTO ACT_BLK
	VALUES ("a5f7bc0b-e7c3-467a-92c3-4e1093c25da3",
	0,
	0,
	0,
	'',
	'',
	'',
	0,
	0,
	0,
	0,
	0,
	0,
	0,
	0,
	0,
	0,
	0,
	0,
	0,
	"97fba60e-4c57-4259-bb8a-61a6574b8aaa",
	"00000000-0000-0000-0000-000000000000");
INSERT INTO SM_TXN
	VALUES ("1cfd963e-328d-448f-accc-2ea273c7f286",
	"a90ecb3a-6a5c-4a41-8c83-4a152c249ce3",
	"c59bf844-50d0-4bb7-8f25-7bfc27260cd2",
	"00000000-0000-0000-0000-000000000000");
INSERT INTO PE_PE
	VALUES ("a421a75c-7f59-4cd4-96f4-c8accac9e84d",
	1,
	"78ec567f-1c2c-4c76-a0d8-279bfcd6f228",
	"00000000-0000-0000-0000-000000000000",
	4);
INSERT INTO O_OBJ
	VALUES ("a421a75c-7f59-4cd4-96f4-c8accac9e84d",
	'TestCaseTest',
	3,
	'TestCaseTest',
	'',
	"00000000-0000-0000-0000-000000000000");
INSERT INTO O_TFR
	VALUES ("a67aa2b4-a2f6-4fd5-b9e0-23d95741f627",
	"a421a75c-7f59-4cd4-96f4-c8accac9e84d",
	'testRunning',
	'',
	"ba5eda7a-def5-0000-0000-000000000000",
	1,
	'begin
  null;
end service;',
	1,
	'',
	"00000000-0000-0000-0000-000000000000",
	1,
	1);
INSERT INTO ACT_OPB
	VALUES ("768b4118-b88f-4260-a02f-847bfcd5ad87",
	"a67aa2b4-a2f6-4fd5-b9e0-23d95741f627");
INSERT INTO ACT_ACT
	VALUES ("768b4118-b88f-4260-a02f-847bfcd5ad87",
	'operation',
	0,
	"c45f78fd-a8be-439d-941d-1c2c89918bfc",
	"00000000-0000-0000-0000-000000000000",
	0,
	'TestCaseTest::testRunning',
	"00000000-0000-0000-0000-000000000000");
INSERT INTO ACT_BLK
	VALUES ("c45f78fd-a8be-439d-941d-1c2c89918bfc",
	0,
	0,
	0,
	'',
	'',
	'',
	2,
	7,
	0,
	0,
	0,
	0,
	0,
	0,
	0,
	0,
	0,
	0,
	0,
	"768b4118-b88f-4260-a02f-847bfcd5ad87",
	"00000000-0000-0000-0000-000000000000");
INSERT INTO O_ID
	VALUES (0,
	"a421a75c-7f59-4cd4-96f4-c8accac9e84d");
INSERT INTO O_ID
	VALUES (1,
	"a421a75c-7f59-4cd4-96f4-c8accac9e84d");
INSERT INTO O_ID
	VALUES (2,
	"a421a75c-7f59-4cd4-96f4-c8accac9e84d");
INSERT INTO PE_PE
	VALUES ("2bccef3c-8682-470d-83b4-757b6050a27b",
	1,
	"78ec567f-1c2c-4c76-a0d8-279bfcd6f228",
	"00000000-0000-0000-0000-000000000000",
	9);
INSERT INTO R_REL
	VALUES ("2bccef3c-8682-470d-83b4-757b6050a27b",
	1,
	'',
	"00000000-0000-0000-0000-000000000000");
INSERT INTO R_SIMP
	VALUES ("2bccef3c-8682-470d-83b4-757b6050a27b");
INSERT INTO R_PART
	VALUES ("eb13984d-bc2a-446d-9fc1-6c735620090d",
	"2bccef3c-8682-470d-83b4-757b6050a27b",
	"2bf5bebc-9eed-442a-a317-010761a596b9",
	0,
	0,
	'specializes_into');
INSERT INTO R_RTO
	VALUES ("eb13984d-bc2a-446d-9fc1-6c735620090d",
	"2bccef3c-8682-470d-83b4-757b6050a27b",
	"2bf5bebc-9eed-442a-a317-010761a596b9",
	-1);
INSERT INTO R_OIR
	VALUES ("eb13984d-bc2a-446d-9fc1-6c735620090d",
	"2bccef3c-8682-470d-83b4-757b6050a27b",
	"2bf5bebc-9eed-442a-a317-010761a596b9",
	"00000000-0000-0000-0000-000000000000");
INSERT INTO R_PART
	VALUES ("c3cea6f2-6706-4c01-bd9f-cfb21428d08d",
	"2bccef3c-8682-470d-83b4-757b6050a27b",
	"62a3b126-06e1-4d9d-a3a8-c98a10ff7289",
	0,
	1,
	'Is_a_type_of');
INSERT INTO R_RTO
	VALUES ("c3cea6f2-6706-4c01-bd9f-cfb21428d08d",
	"2bccef3c-8682-470d-83b4-757b6050a27b",
	"62a3b126-06e1-4d9d-a3a8-c98a10ff7289",
	-1);
INSERT INTO R_OIR
	VALUES ("c3cea6f2-6706-4c01-bd9f-cfb21428d08d",
	"2bccef3c-8682-470d-83b4-757b6050a27b",
	"62a3b126-06e1-4d9d-a3a8-c98a10ff7289",
	"00000000-0000-0000-0000-000000000000");
INSERT INTO PE_PE
	VALUES ("ba5eda7a-def5-0000-0000-000000000000",
	1,
	"00000000-0000-0000-0000-000000000000",
	"00000000-0000-0000-0000-000000000000",
	3);
INSERT INTO S_DT
	VALUES ("ba5eda7a-def5-0000-0000-000000000000",
	"00000000-0000-0000-0000-000000000000",
	'void',
	'',
	'');
INSERT INTO S_CDT
	VALUES ("ba5eda7a-def5-0000-0000-000000000000",
	0);
INSERT INTO PE_PE
	VALUES ("ba5eda7a-def5-0000-0000-000000000001",
	1,
	"00000000-0000-0000-0000-000000000000",
	"00000000-0000-0000-0000-000000000000",
	3);
INSERT INTO S_DT
	VALUES ("ba5eda7a-def5-0000-0000-000000000001",
	"00000000-0000-0000-0000-000000000000",
	'boolean',
	'',
	'');
INSERT INTO S_CDT
	VALUES ("ba5eda7a-def5-0000-0000-000000000001",
	1);
INSERT INTO PE_PE
	VALUES ("ba5eda7a-def5-0000-0000-000000000002",
	1,
	"00000000-0000-0000-0000-000000000000",
	"00000000-0000-0000-0000-000000000000",
	3);
INSERT INTO S_DT
	VALUES ("ba5eda7a-def5-0000-0000-000000000002",
	"00000000-0000-0000-0000-000000000000",
	'integer',
	'',
	'');
INSERT INTO S_CDT
	VALUES ("ba5eda7a-def5-0000-0000-000000000002",
	2);
INSERT INTO PE_PE
	VALUES ("ba5eda7a-def5-0000-0000-000000000003",
	1,
	"00000000-0000-0000-0000-000000000000",
	"00000000-0000-0000-0000-000000000000",
	3);
INSERT INTO S_DT
	VALUES ("ba5eda7a-def5-0000-0000-000000000003",
	"00000000-0000-0000-0000-000000000000",
	'real',
	'',
	'');
INSERT INTO S_CDT
	VALUES ("ba5eda7a-def5-0000-0000-000000000003",
	3);
INSERT INTO PE_PE
	VALUES ("ba5eda7a-def5-0000-0000-000000000004",
	1,
	"00000000-0000-0000-0000-000000000000",
	"00000000-0000-0000-0000-000000000000",
	3);
INSERT INTO S_DT
	VALUES ("ba5eda7a-def5-0000-0000-000000000004",
	"00000000-0000-0000-0000-000000000000",
	'string',
	'',
	'');
INSERT INTO S_CDT
	VALUES ("ba5eda7a-def5-0000-0000-000000000004",
	4);
INSERT INTO PE_PE
	VALUES ("ba5eda7a-def5-0000-0000-000000000005",
	1,
	"00000000-0000-0000-0000-000000000000",
	"00000000-0000-0000-0000-000000000000",
	3);
INSERT INTO S_DT
	VALUES ("ba5eda7a-def5-0000-0000-000000000005",
	"00000000-0000-0000-0000-000000000000",
	'unique_id',
	'',
	'');
INSERT INTO S_CDT
	VALUES ("ba5eda7a-def5-0000-0000-000000000005",
	5);
INSERT INTO PE_PE
	VALUES ("ba5eda7a-def5-0000-0000-000000000006",
	1,
	"00000000-0000-0000-0000-000000000000",
	"00000000-0000-0000-0000-000000000000",
	3);
INSERT INTO S_DT
	VALUES ("ba5eda7a-def5-0000-0000-000000000006",
	"00000000-0000-0000-0000-000000000000",
	'state<State_Model>',
	'',
	'');
INSERT INTO S_CDT
	VALUES ("ba5eda7a-def5-0000-0000-000000000006",
	6);
INSERT INTO PE_PE
	VALUES ("ba5eda7a-def5-0000-0000-000000000007",
	1,
	"00000000-0000-0000-0000-000000000000",
	"00000000-0000-0000-0000-000000000000",
	3);
INSERT INTO S_DT
	VALUES ("ba5eda7a-def5-0000-0000-000000000007",
	"00000000-0000-0000-0000-000000000000",
	'same_as<Base_Attribute>',
	'',
	'');
INSERT INTO S_CDT
	VALUES ("ba5eda7a-def5-0000-0000-000000000007",
	7);
INSERT INTO PE_PE
	VALUES ("ba5eda7a-def5-0000-0000-000000000008",
	1,
	"00000000-0000-0000-0000-000000000000",
	"00000000-0000-0000-0000-000000000000",
	3);
INSERT INTO S_DT
	VALUES ("ba5eda7a-def5-0000-0000-000000000008",
	"00000000-0000-0000-0000-000000000000",
	'inst_ref<Object>',
	'',
	'');
INSERT INTO S_CDT
	VALUES ("ba5eda7a-def5-0000-0000-000000000008",
	8);
INSERT INTO PE_PE
	VALUES ("ba5eda7a-def5-0000-0000-000000000009",
	1,
	"00000000-0000-0000-0000-000000000000",
	"00000000-0000-0000-0000-000000000000",
	3);
INSERT INTO S_DT
	VALUES ("ba5eda7a-def5-0000-0000-000000000009",
	"00000000-0000-0000-0000-000000000000",
	'inst_ref_set<Object>',
	'',
	'');
INSERT INTO S_CDT
	VALUES ("ba5eda7a-def5-0000-0000-000000000009",
	9);
INSERT INTO PE_PE
	VALUES ("ba5eda7a-def5-0000-0000-00000000000a",
	1,
	"00000000-0000-0000-0000-000000000000",
	"00000000-0000-0000-0000-000000000000",
	3);
INSERT INTO S_DT
	VALUES ("ba5eda7a-def5-0000-0000-00000000000a",
	"00000000-0000-0000-0000-000000000000",
	'inst<Event>',
	'',
	'');
INSERT INTO S_CDT
	VALUES ("ba5eda7a-def5-0000-0000-00000000000a",
	10);
INSERT INTO PE_PE
	VALUES ("ba5eda7a-def5-0000-0000-00000000000b",
	1,
	"00000000-0000-0000-0000-000000000000",
	"00000000-0000-0000-0000-000000000000",
	3);
INSERT INTO S_DT
	VALUES ("ba5eda7a-def5-0000-0000-00000000000b",
	"00000000-0000-0000-0000-000000000000",
	'inst<Mapping>',
	'',
	'');
INSERT INTO S_CDT
	VALUES ("ba5eda7a-def5-0000-0000-00000000000b",
	11);
INSERT INTO PE_PE
	VALUES ("ba5eda7a-def5-0000-0000-00000000000c",
	1,
	"00000000-0000-0000-0000-000000000000",
	"00000000-0000-0000-0000-000000000000",
	3);
INSERT INTO S_DT
	VALUES ("ba5eda7a-def5-0000-0000-00000000000c",
	"00000000-0000-0000-0000-000000000000",
	'inst_ref<Mapping>',
	'',
	'');
INSERT INTO S_CDT
	VALUES ("ba5eda7a-def5-0000-0000-00000000000c",
	12);
INSERT INTO PE_PE
	VALUES ("ba5eda7a-def5-0000-0000-00000000000d",
	1,
	"00000000-0000-0000-0000-000000000000",
	"00000000-0000-0000-0000-000000000000",
	3);
INSERT INTO S_DT
	VALUES ("ba5eda7a-def5-0000-0000-00000000000d",
	"00000000-0000-0000-0000-000000000000",
	'component_ref',
	'',
	'');
INSERT INTO S_CDT
	VALUES ("ba5eda7a-def5-0000-0000-00000000000d",
	13);
INSERT INTO PE_PE
	VALUES ("ba5eda7a-def5-0000-0000-00000000000e",
	1,
	"00000000-0000-0000-0000-000000000000",
	"00000000-0000-0000-0000-000000000000",
	3);
INSERT INTO S_DT
	VALUES ("ba5eda7a-def5-0000-0000-00000000000e",
	"00000000-0000-0000-0000-000000000000",
	'date',
	'',
	'');
INSERT INTO S_UDT
	VALUES ("ba5eda7a-def5-0000-0000-00000000000e",
	"ba5eda7a-def5-0000-0000-00000000000b",
	1,
	'');
INSERT INTO PE_PE
	VALUES ("ba5eda7a-def5-0000-0000-00000000000f",
	1,
	"00000000-0000-0000-0000-000000000000",
	"00000000-0000-0000-0000-000000000000",
	3);
INSERT INTO S_DT
	VALUES ("ba5eda7a-def5-0000-0000-00000000000f",
	"00000000-0000-0000-0000-000000000000",
	'inst_ref<Timer>',
	'',
	'');
INSERT INTO S_UDT
	VALUES ("ba5eda7a-def5-0000-0000-00000000000f",
	"ba5eda7a-def5-0000-0000-00000000000c",
	3,
	'');
INSERT INTO PE_PE
	VALUES ("ba5eda7a-def5-0000-0000-000000000010",
	1,
	"00000000-0000-0000-0000-000000000000",
	"00000000-0000-0000-0000-000000000000",
	3);
INSERT INTO S_DT
	VALUES ("ba5eda7a-def5-0000-0000-000000000010",
	"00000000-0000-0000-0000-000000000000",
	'timestamp',
	'',
	'');
INSERT INTO S_UDT
	VALUES ("ba5eda7a-def5-0000-0000-000000000010",
	"ba5eda7a-def5-0000-0000-000000000002",
	2,
	'');
