-- root-types-contained: SystemModel_c,PackageableElement_c,DataType_c,CoreDataType_c,UserDataType_c
-- BP 7.1 content: StreamData syschar: 3 persistence-version: 7.1.6

INSERT INTO S_SYS
	VALUES ("3fb1e19e-15ec-4cf6-b9cd-c12bb3584d02",
	'TypeUnit',
	1);
INSERT INTO EP_PKG
	VALUES ("df3fa32d-4822-41c2-9f7d-ad001f8f7492",
	"3fb1e19e-15ec-4cf6-b9cd-c12bb3584d02",
	"3fb1e19e-15ec-4cf6-b9cd-c12bb3584d02",
	'Comp',
	'',
	0);
INSERT INTO PE_PE
	VALUES ("80f37f31-181e-47de-8187-9c0847723075",
	1,
	"df3fa32d-4822-41c2-9f7d-ad001f8f7492",
	"00000000-0000-0000-0000-000000000000",
	2);
INSERT INTO C_C
	VALUES ("80f37f31-181e-47de-8187-9c0847723075",
	"00000000-0000-0000-0000-000000000000",
	"00000000-0000-0000-0000-000000000000",
	'Component',
	'',
	0,
	"00000000-0000-0000-0000-000000000000",
	0,
	'',
	'');
INSERT INTO PE_PE
	VALUES ("bb4060ca-60db-4b67-88b9-a767e88d5489",
	1,
	"00000000-0000-0000-0000-000000000000",
	"80f37f31-181e-47de-8187-9c0847723075",
	7);
INSERT INTO EP_PKG
	VALUES ("bb4060ca-60db-4b67-88b9-a767e88d5489",
	"00000000-0000-0000-0000-000000000000",
	"3fb1e19e-15ec-4cf6-b9cd-c12bb3584d02",
	'Functions',
	'',
	0);
INSERT INTO PE_PE
	VALUES ("47c8f4ed-0331-4a1e-a9bb-5284053be5b5",
	1,
	"bb4060ca-60db-4b67-88b9-a767e88d5489",
	"00000000-0000-0000-0000-000000000000",
	1);
INSERT INTO S_SYNC
	VALUES ("47c8f4ed-0331-4a1e-a9bb-5284053be5b5",
	"00000000-0000-0000-0000-000000000000",
	'refineTest',
	'',
	'// Create instance of test
create object instance tc of TestCase;
tc.name = "temp";',
	"ba5eda7a-def5-0000-0000-000000000000",
	1,
	'',
	0,
	1);
INSERT INTO ACT_FNB
	VALUES ("1a69710f-c4a1-48dc-9921-b06519d86f04",
	"47c8f4ed-0331-4a1e-a9bb-5284053be5b5");
INSERT INTO ACT_ACT
	VALUES ("1a69710f-c4a1-48dc-9921-b06519d86f04",
	'function',
	0,
	"aa37a0b0-c6c7-4ed1-853a-a42da3933322",
	"00000000-0000-0000-0000-000000000000",
	0,
	'refineTest',
	"00000000-0000-0000-0000-000000000000");
INSERT INTO ACT_BLK
	VALUES ("aa37a0b0-c6c7-4ed1-853a-a42da3933322",
	0,
	0,
	0,
	'',
	'',
	'',
	3,
	1,
	2,
	30,
	0,
	0,
	0,
	0,
	0,
	0,
	0,
	0,
	0,
	"1a69710f-c4a1-48dc-9921-b06519d86f04",
	"00000000-0000-0000-0000-000000000000");
INSERT INTO ACT_SMT
	VALUES ("b1897336-48e7-43c8-a552-4e46ffbbeab9",
	"aa37a0b0-c6c7-4ed1-853a-a42da3933322",
	"bcda71a5-ca6a-4346-ae81-904a79d84753",
	2,
	1,
	'refineTest line: 2');
INSERT INTO ACT_CR
	VALUES ("b1897336-48e7-43c8-a552-4e46ffbbeab9",
	"2e0fd72c-a248-4cd9-a170-e095d3519825",
	1,
	"c3cea6f2-6706-4c01-bd9f-cfb21428d08d",
	2,
	30);
INSERT INTO ACT_SMT
	VALUES ("bcda71a5-ca6a-4346-ae81-904a79d84753",
	"aa37a0b0-c6c7-4ed1-853a-a42da3933322",
	"00000000-0000-0000-0000-000000000000",
	3,
	1,
	'refineTest line: 3');
INSERT INTO ACT_AI
	VALUES ("bcda71a5-ca6a-4346-ae81-904a79d84753",
	"96bf0314-7715-4b1a-9911-582b39de1049",
	"aab1c482-fe03-4a18-9064-cca2e5aca46d",
	0,
	0);
INSERT INTO V_VAL
	VALUES ("3ff56016-9eae-4d0b-b04d-8e11eb3cae2a",
	1,
	0,
	3,
	1,
	2,
	0,
	0,
	0,
	0,
	"ba5eda7a-def5-0000-0000-000000000008",
	"aa37a0b0-c6c7-4ed1-853a-a42da3933322");
INSERT INTO V_IRF
	VALUES ("3ff56016-9eae-4d0b-b04d-8e11eb3cae2a",
	"2e0fd72c-a248-4cd9-a170-e095d3519825");
INSERT INTO V_VAL
	VALUES ("aab1c482-fe03-4a18-9064-cca2e5aca46d",
	1,
	0,
	3,
	4,
	7,
	0,
	0,
	0,
	0,
	"ba5eda7a-def5-0000-0000-000000000004",
	"aa37a0b0-c6c7-4ed1-853a-a42da3933322");
INSERT INTO V_AVL
	VALUES ("aab1c482-fe03-4a18-9064-cca2e5aca46d",
	"3ff56016-9eae-4d0b-b04d-8e11eb3cae2a",
	"c3cea6f2-6706-4c01-bd9f-cfb21428d08d",
	"2ec18765-75cb-4f32-a5fc-504e65fe0d04");
INSERT INTO V_VAL
	VALUES ("96bf0314-7715-4b1a-9911-582b39de1049",
	0,
	0,
	3,
	11,
	15,
	0,
	0,
	0,
	0,
	"ba5eda7a-def5-0000-0000-000000000004",
	"aa37a0b0-c6c7-4ed1-853a-a42da3933322");
INSERT INTO V_LST
	VALUES ("96bf0314-7715-4b1a-9911-582b39de1049",
	'temp');
INSERT INTO V_VAR
	VALUES ("2e0fd72c-a248-4cd9-a170-e095d3519825",
	"aa37a0b0-c6c7-4ed1-853a-a42da3933322",
	'tc',
	1,
	"ba5eda7a-def5-0000-0000-000000000008");
INSERT INTO V_INT
	VALUES ("2e0fd72c-a248-4cd9-a170-e095d3519825",
	0,
	"c3cea6f2-6706-4c01-bd9f-cfb21428d08d");
INSERT INTO PE_PE
	VALUES ("287fa7b6-4789-4a0e-8fd6-bb1885c9b8ec",
	1,
	"bb4060ca-60db-4b67-88b9-a767e88d5489",
	"00000000-0000-0000-0000-000000000000",
	1);
INSERT INTO S_SYNC
	VALUES ("287fa7b6-4789-4a0e-8fd6-bb1885c9b8ec",
	"00000000-0000-0000-0000-000000000000",
	'wasRun',
	'',
	'create object instance wr of WasRun;
wr.name = "temp";
wr.wasRun = false;',
	"ba5eda7a-def5-0000-0000-000000000000",
	1,
	'',
	0,
	2);
INSERT INTO S_SPARM
	VALUES ("1095db89-54f1-4f72-808a-cefad8e6e749",
	"287fa7b6-4789-4a0e-8fd6-bb1885c9b8ec",
	'name',
	"ba5eda7a-def5-0000-0000-000000000004",
	0,
	'',
	"00000000-0000-0000-0000-000000000000",
	'');
INSERT INTO ACT_FNB
	VALUES ("9dca2038-577a-4374-ac7b-50762676d1c9",
	"287fa7b6-4789-4a0e-8fd6-bb1885c9b8ec");
INSERT INTO ACT_ACT
	VALUES ("9dca2038-577a-4374-ac7b-50762676d1c9",
	'function',
	0,
	"5a8075bc-c5d0-45b1-8bf5-c5c9d8f27420",
	"00000000-0000-0000-0000-000000000000",
	0,
	'wasRun',
	"00000000-0000-0000-0000-000000000000");
INSERT INTO ACT_BLK
	VALUES ("5a8075bc-c5d0-45b1-8bf5-c5c9d8f27420",
	0,
	0,
	0,
	'',
	'',
	'',
	3,
	1,
	1,
	30,
	0,
	0,
	0,
	0,
	0,
	0,
	0,
	0,
	0,
	"9dca2038-577a-4374-ac7b-50762676d1c9",
	"00000000-0000-0000-0000-000000000000");
INSERT INTO ACT_SMT
	VALUES ("1591da87-3680-4eee-97a3-37dcdd69bc14",
	"5a8075bc-c5d0-45b1-8bf5-c5c9d8f27420",
	"c4b5e23a-8101-42f1-80aa-ec7c35edc36f",
	1,
	1,
	'wasRun line: 1');
INSERT INTO ACT_CR
	VALUES ("1591da87-3680-4eee-97a3-37dcdd69bc14",
	"191d5a85-173d-4a36-8472-6d3dfb3a0d7b",
	1,
	"eb13984d-bc2a-446d-9fc1-6c735620090d",
	1,
	30);
INSERT INTO ACT_SMT
	VALUES ("c4b5e23a-8101-42f1-80aa-ec7c35edc36f",
	"5a8075bc-c5d0-45b1-8bf5-c5c9d8f27420",
	"03069aa8-d9c2-4235-828b-9b76b799928d",
	2,
	1,
	'wasRun line: 2');
INSERT INTO ACT_AI
	VALUES ("c4b5e23a-8101-42f1-80aa-ec7c35edc36f",
	"260070e7-541e-46d8-94db-12b785fa3381",
	"d27bafca-d5a1-43d6-aca2-3e4ee46e96ad",
	0,
	0);
INSERT INTO ACT_SMT
	VALUES ("03069aa8-d9c2-4235-828b-9b76b799928d",
	"5a8075bc-c5d0-45b1-8bf5-c5c9d8f27420",
	"00000000-0000-0000-0000-000000000000",
	3,
	1,
	'wasRun line: 3');
INSERT INTO ACT_AI
	VALUES ("03069aa8-d9c2-4235-828b-9b76b799928d",
	"b0664734-6c33-40c2-bd3e-87a86fd63f1d",
	"250060d8-8a23-4804-97a3-a529a5e7f81d",
	0,
	0);
INSERT INTO V_VAL
	VALUES ("18ae2787-4099-45fb-be77-993f1fa141fc",
	1,
	0,
	2,
	1,
	2,
	0,
	0,
	0,
	0,
	"ba5eda7a-def5-0000-0000-000000000008",
	"5a8075bc-c5d0-45b1-8bf5-c5c9d8f27420");
INSERT INTO V_IRF
	VALUES ("18ae2787-4099-45fb-be77-993f1fa141fc",
	"191d5a85-173d-4a36-8472-6d3dfb3a0d7b");
INSERT INTO V_VAL
	VALUES ("d27bafca-d5a1-43d6-aca2-3e4ee46e96ad",
	1,
	0,
	2,
	4,
	7,
	0,
	0,
	0,
	0,
	"ba5eda7a-def5-0000-0000-000000000004",
	"5a8075bc-c5d0-45b1-8bf5-c5c9d8f27420");
INSERT INTO V_AVL
	VALUES ("d27bafca-d5a1-43d6-aca2-3e4ee46e96ad",
	"18ae2787-4099-45fb-be77-993f1fa141fc",
	"eb13984d-bc2a-446d-9fc1-6c735620090d",
	"2035c17c-9bb3-4af8-92bf-8c6ebc844299");
INSERT INTO V_VAL
	VALUES ("260070e7-541e-46d8-94db-12b785fa3381",
	0,
	0,
	2,
	11,
	15,
	0,
	0,
	0,
	0,
	"ba5eda7a-def5-0000-0000-000000000004",
	"5a8075bc-c5d0-45b1-8bf5-c5c9d8f27420");
INSERT INTO V_LST
	VALUES ("260070e7-541e-46d8-94db-12b785fa3381",
	'temp');
INSERT INTO V_VAL
	VALUES ("f47450b3-9264-4d01-8721-b96d160fcb1a",
	1,
	0,
	3,
	1,
	2,
	0,
	0,
	0,
	0,
	"ba5eda7a-def5-0000-0000-000000000008",
	"5a8075bc-c5d0-45b1-8bf5-c5c9d8f27420");
INSERT INTO V_IRF
	VALUES ("f47450b3-9264-4d01-8721-b96d160fcb1a",
	"191d5a85-173d-4a36-8472-6d3dfb3a0d7b");
INSERT INTO V_VAL
	VALUES ("250060d8-8a23-4804-97a3-a529a5e7f81d",
	1,
	0,
	3,
	4,
	9,
	0,
	0,
	0,
	0,
	"ba5eda7a-def5-0000-0000-000000000001",
	"5a8075bc-c5d0-45b1-8bf5-c5c9d8f27420");
INSERT INTO V_AVL
	VALUES ("250060d8-8a23-4804-97a3-a529a5e7f81d",
	"f47450b3-9264-4d01-8721-b96d160fcb1a",
	"eb13984d-bc2a-446d-9fc1-6c735620090d",
	"6dcf4b7c-8e8f-402e-ab41-b368eb083510");
INSERT INTO V_VAL
	VALUES ("b0664734-6c33-40c2-bd3e-87a86fd63f1d",
	0,
	0,
	-1,
	-1,
	-1,
	0,
	0,
	0,
	0,
	"ba5eda7a-def5-0000-0000-000000000001",
	"5a8075bc-c5d0-45b1-8bf5-c5c9d8f27420");
INSERT INTO V_LBO
	VALUES ("b0664734-6c33-40c2-bd3e-87a86fd63f1d",
	'FALSE');
INSERT INTO V_VAR
	VALUES ("191d5a85-173d-4a36-8472-6d3dfb3a0d7b",
	"5a8075bc-c5d0-45b1-8bf5-c5c9d8f27420",
	'wr',
	1,
	"ba5eda7a-def5-0000-0000-000000000008");
INSERT INTO V_INT
	VALUES ("191d5a85-173d-4a36-8472-6d3dfb3a0d7b",
	0,
	"eb13984d-bc2a-446d-9fc1-6c735620090d");
INSERT INTO PE_PE
	VALUES ("5e87e83f-9063-4bd0-87de-6b40b180aee1",
	1,
	"bb4060ca-60db-4b67-88b9-a767e88d5489",
	"00000000-0000-0000-0000-000000000000",
	1);
INSERT INTO S_SYNC
	VALUES ("5e87e83f-9063-4bd0-87de-6b40b180aee1",
	"00000000-0000-0000-0000-000000000000",
	'run',
	'',
	'select any wr from WasRun;
generate WasRun2:run() to wr;
wr.wasRun = true;',
	"ba5eda7a-def5-0000-0000-000000000000",
	1,
	'',
	0,
	3);
INSERT INTO ACT_FNB
	VALUES ("e5163ae7-5487-470c-ada9-55e51153e2d1",
	"5e87e83f-9063-4bd0-87de-6b40b180aee1");
INSERT INTO ACT_ACT
	VALUES ("e5163ae7-5487-470c-ada9-55e51153e2d1",
	'function',
	0,
	"920c6d87-7b17-4a54-8af4-d34638fe754f",
	"00000000-0000-0000-0000-000000000000",
	0,
	'run',
	"00000000-0000-0000-0000-000000000000");
INSERT INTO ACT_BLK
	VALUES ("920c6d87-7b17-4a54-8af4-d34638fe754f",
	1,
	0,
	0,
	'V_VAR.Var_ID',
	'',
	'',
	3,
	1,
	1,
	20,
	0,
	0,
	0,
	0,
	0,
	0,
	0,
	0,
	0,
	"e5163ae7-5487-470c-ada9-55e51153e2d1",
	"00000000-0000-0000-0000-000000000000");
INSERT INTO ACT_SMT
	VALUES ("9007ac52-62be-47c5-bf3b-5a834cf21f95",
	"920c6d87-7b17-4a54-8af4-d34638fe754f",
	"1939501c-11b4-4df0-aab1-7fac7c2cc91b",
	1,
	1,
	'run line: 1');
INSERT INTO ACT_FIO
	VALUES ("9007ac52-62be-47c5-bf3b-5a834cf21f95",
	"714f6a4a-8699-4bb1-8abf-c3aec9f0858c",
	1,
	'any',
	"eb13984d-bc2a-446d-9fc1-6c735620090d",
	1,
	20);
INSERT INTO ACT_SMT
	VALUES ("1939501c-11b4-4df0-aab1-7fac7c2cc91b",
	"920c6d87-7b17-4a54-8af4-d34638fe754f",
	"f9dd2ea3-9e97-453f-b6ef-890aaf083ecc",
	2,
	1,
	'run line: 2');
INSERT INTO E_ESS
	VALUES ("1939501c-11b4-4df0-aab1-7fac7c2cc91b",
	1,
	0,
	2,
	10,
	2,
	18,
	1,
	20,
	0,
	0,
	0,
	0);
INSERT INTO E_GES
	VALUES ("1939501c-11b4-4df0-aab1-7fac7c2cc91b");
INSERT INTO E_GSME
	VALUES ("1939501c-11b4-4df0-aab1-7fac7c2cc91b",
	"5b25a586-de1e-4786-99c8-3edd30a443a1");
INSERT INTO E_GEN
	VALUES ("1939501c-11b4-4df0-aab1-7fac7c2cc91b",
	"714f6a4a-8699-4bb1-8abf-c3aec9f0858c");
INSERT INTO ACT_SMT
	VALUES ("f9dd2ea3-9e97-453f-b6ef-890aaf083ecc",
	"920c6d87-7b17-4a54-8af4-d34638fe754f",
	"00000000-0000-0000-0000-000000000000",
	3,
	1,
	'run line: 3');
INSERT INTO ACT_AI
	VALUES ("f9dd2ea3-9e97-453f-b6ef-890aaf083ecc",
	"4a9ae982-d2c7-4324-b9db-ea94828f27c0",
	"2e2cedf5-9164-4bc0-9136-e65d5300be3c",
	0,
	0);
INSERT INTO V_VAL
	VALUES ("9e6dbea1-df44-4de9-a7fc-96a8c8b160e6",
	1,
	0,
	3,
	1,
	2,
	0,
	0,
	0,
	0,
	"ba5eda7a-def5-0000-0000-000000000008",
	"920c6d87-7b17-4a54-8af4-d34638fe754f");
INSERT INTO V_IRF
	VALUES ("9e6dbea1-df44-4de9-a7fc-96a8c8b160e6",
	"714f6a4a-8699-4bb1-8abf-c3aec9f0858c");
INSERT INTO V_VAL
	VALUES ("2e2cedf5-9164-4bc0-9136-e65d5300be3c",
	1,
	0,
	3,
	4,
	9,
	0,
	0,
	0,
	0,
	"ba5eda7a-def5-0000-0000-000000000001",
	"920c6d87-7b17-4a54-8af4-d34638fe754f");
INSERT INTO V_AVL
	VALUES ("2e2cedf5-9164-4bc0-9136-e65d5300be3c",
	"9e6dbea1-df44-4de9-a7fc-96a8c8b160e6",
	"eb13984d-bc2a-446d-9fc1-6c735620090d",
	"6dcf4b7c-8e8f-402e-ab41-b368eb083510");
INSERT INTO V_VAL
	VALUES ("4a9ae982-d2c7-4324-b9db-ea94828f27c0",
	0,
	0,
	-1,
	-1,
	-1,
	0,
	0,
	0,
	0,
	"ba5eda7a-def5-0000-0000-000000000001",
	"920c6d87-7b17-4a54-8af4-d34638fe754f");
INSERT INTO V_LBO
	VALUES ("4a9ae982-d2c7-4324-b9db-ea94828f27c0",
	'TRUE');
INSERT INTO V_VAR
	VALUES ("714f6a4a-8699-4bb1-8abf-c3aec9f0858c",
	"920c6d87-7b17-4a54-8af4-d34638fe754f",
	'wr',
	1,
	"ba5eda7a-def5-0000-0000-000000000008");
INSERT INTO V_INT
	VALUES ("714f6a4a-8699-4bb1-8abf-c3aec9f0858c",
	0,
	"eb13984d-bc2a-446d-9fc1-6c735620090d");
INSERT INTO PE_PE
	VALUES ("78ec567f-1c2c-4c76-a0d8-279bfcd6f228",
	1,
	"00000000-0000-0000-0000-000000000000",
	"80f37f31-181e-47de-8187-9c0847723075",
	7);
INSERT INTO EP_PKG
	VALUES ("78ec567f-1c2c-4c76-a0d8-279bfcd6f228",
	"00000000-0000-0000-0000-000000000000",
	"3fb1e19e-15ec-4cf6-b9cd-c12bb3584d02",
	'TypeUnit',
	'',
	0);
INSERT INTO PE_PE
	VALUES ("e4317c1b-3988-4146-8d53-79c77f94d387",
	1,
	"78ec567f-1c2c-4c76-a0d8-279bfcd6f228",
	"00000000-0000-0000-0000-000000000000",
	2);
INSERT INTO C_C
	VALUES ("e4317c1b-3988-4146-8d53-79c77f94d387",
	"00000000-0000-0000-0000-000000000000",
	"00000000-0000-0000-0000-000000000000",
	'Comp',
	'',
	0,
	"00000000-0000-0000-0000-000000000000",
	0,
	'',
	'');
INSERT INTO PE_PE
	VALUES ("a421a75c-7f59-4cd4-96f4-c8accac9e84d",
	1,
	"78ec567f-1c2c-4c76-a0d8-279bfcd6f228",
	"00000000-0000-0000-0000-000000000000",
	4);
INSERT INTO O_OBJ
	VALUES ("a421a75c-7f59-4cd4-96f4-c8accac9e84d",
	'TestCaseTest',
	3,
	'TestCaseTest',
	'',
	"00000000-0000-0000-0000-000000000000");
INSERT INTO O_TFR
	VALUES ("a67aa2b4-a2f6-4fd5-b9e0-23d95741f627",
	"a421a75c-7f59-4cd4-96f4-c8accac9e84d",
	'testRunning',
	'',
	"ba5eda7a-def5-0000-0000-000000000000",
	1,
	'begin
  null;
end service;',
	1,
	'',
	"00000000-0000-0000-0000-000000000000",
	1,
	1);
INSERT INTO ACT_OPB
	VALUES ("c05b5b8e-eed2-4430-a755-68af4fe1782f",
	"a67aa2b4-a2f6-4fd5-b9e0-23d95741f627");
INSERT INTO ACT_ACT
	VALUES ("c05b5b8e-eed2-4430-a755-68af4fe1782f",
	'operation',
	0,
	"75b5e6b2-4a97-4b17-af6e-501b447fabc0",
	"00000000-0000-0000-0000-000000000000",
	0,
	'TestCaseTest::testRunning',
	"00000000-0000-0000-0000-000000000000");
INSERT INTO ACT_BLK
	VALUES ("75b5e6b2-4a97-4b17-af6e-501b447fabc0",
	0,
	0,
	0,
	'',
	'',
	'',
	2,
	7,
	0,
	0,
	0,
	0,
	0,
	0,
	0,
	0,
	0,
	0,
	0,
	"c05b5b8e-eed2-4430-a755-68af4fe1782f",
	"00000000-0000-0000-0000-000000000000");
INSERT INTO O_ID
	VALUES (0,
	"a421a75c-7f59-4cd4-96f4-c8accac9e84d");
INSERT INTO O_ID
	VALUES (1,
	"a421a75c-7f59-4cd4-96f4-c8accac9e84d");
INSERT INTO O_ID
	VALUES (2,
	"a421a75c-7f59-4cd4-96f4-c8accac9e84d");
INSERT INTO PE_PE
	VALUES ("2bccef3c-8682-470d-83b4-757b6050a27b",
	1,
	"78ec567f-1c2c-4c76-a0d8-279bfcd6f228",
	"00000000-0000-0000-0000-000000000000",
	9);
INSERT INTO R_REL
	VALUES ("2bccef3c-8682-470d-83b4-757b6050a27b",
	1,
	'',
	"00000000-0000-0000-0000-000000000000");
INSERT INTO R_SIMP
	VALUES ("2bccef3c-8682-470d-83b4-757b6050a27b");
INSERT INTO R_PART
	VALUES ("eb13984d-bc2a-446d-9fc1-6c735620090d",
	"2bccef3c-8682-470d-83b4-757b6050a27b",
	"2bf5bebc-9eed-442a-a317-010761a596b9",
	0,
	0,
	'specializes_into');
INSERT INTO R_RTO
	VALUES ("eb13984d-bc2a-446d-9fc1-6c735620090d",
	"2bccef3c-8682-470d-83b4-757b6050a27b",
	"2bf5bebc-9eed-442a-a317-010761a596b9",
	-1);
INSERT INTO R_OIR
	VALUES ("eb13984d-bc2a-446d-9fc1-6c735620090d",
	"2bccef3c-8682-470d-83b4-757b6050a27b",
	"2bf5bebc-9eed-442a-a317-010761a596b9",
	"00000000-0000-0000-0000-000000000000");
INSERT INTO R_PART
	VALUES ("c3cea6f2-6706-4c01-bd9f-cfb21428d08d",
	"2bccef3c-8682-470d-83b4-757b6050a27b",
	"62a3b126-06e1-4d9d-a3a8-c98a10ff7289",
	0,
	1,
	'Is_a_type_of');
INSERT INTO R_RTO
	VALUES ("c3cea6f2-6706-4c01-bd9f-cfb21428d08d",
	"2bccef3c-8682-470d-83b4-757b6050a27b",
	"62a3b126-06e1-4d9d-a3a8-c98a10ff7289",
	-1);
INSERT INTO R_OIR
	VALUES ("c3cea6f2-6706-4c01-bd9f-cfb21428d08d",
	"2bccef3c-8682-470d-83b4-757b6050a27b",
	"62a3b126-06e1-4d9d-a3a8-c98a10ff7289",
	"00000000-0000-0000-0000-000000000000");
INSERT INTO PE_PE
	VALUES ("eb13984d-bc2a-446d-9fc1-6c735620090d",
	1,
	"78ec567f-1c2c-4c76-a0d8-279bfcd6f228",
	"00000000-0000-0000-0000-000000000000",
	4);
INSERT INTO O_OBJ
	VALUES ("eb13984d-bc2a-446d-9fc1-6c735620090d",
	'WasRun',
	1,
	'WasRun',
	'',
	"00000000-0000-0000-0000-000000000000");
INSERT INTO O_TFR
	VALUES ("c6e2f158-db49-4246-ab09-8de4fb4b1e47",
	"eb13984d-bc2a-446d-9fc1-6c735620090d",
	'run',
	'',
	"ba5eda7a-def5-0000-0000-000000000000",
	1,
	'create object instance Test of WasRun;',
	1,
	'',
	"00000000-0000-0000-0000-000000000000",
	0,
	1);
INSERT INTO ACT_OPB
	VALUES ("38e51236-892b-406f-98be-467da7935e69",
	"c6e2f158-db49-4246-ab09-8de4fb4b1e47");
INSERT INTO ACT_ACT
	VALUES ("38e51236-892b-406f-98be-467da7935e69",
	'operation',
	0,
	"014c636a-a8b3-4442-a41c-a905d5c7d957",
	"00000000-0000-0000-0000-000000000000",
	0,
	'WasRun::run',
	"00000000-0000-0000-0000-000000000000");
INSERT INTO ACT_BLK
	VALUES ("014c636a-a8b3-4442-a41c-a905d5c7d957",
	0,
	0,
	0,
	'',
	'',
	'',
	1,
	1,
	1,
	32,
	0,
	0,
	0,
	0,
	0,
	0,
	0,
	0,
	0,
	"38e51236-892b-406f-98be-467da7935e69",
	"00000000-0000-0000-0000-000000000000");
INSERT INTO ACT_SMT
	VALUES ("a0abdf26-9024-45c2-9a57-8856816b000c",
	"014c636a-a8b3-4442-a41c-a905d5c7d957",
	"00000000-0000-0000-0000-000000000000",
	1,
	1,
	'WasRun::run line: 1');
INSERT INTO ACT_CR
	VALUES ("a0abdf26-9024-45c2-9a57-8856816b000c",
	"27bc3268-06cf-4101-993a-1bf398f30396",
	1,
	"eb13984d-bc2a-446d-9fc1-6c735620090d",
	1,
	32);
INSERT INTO V_VAR
	VALUES ("27bc3268-06cf-4101-993a-1bf398f30396",
	"014c636a-a8b3-4442-a41c-a905d5c7d957",
	'Test',
	1,
	"ba5eda7a-def5-0000-0000-000000000008");
INSERT INTO V_INT
	VALUES ("27bc3268-06cf-4101-993a-1bf398f30396",
	0,
	"eb13984d-bc2a-446d-9fc1-6c735620090d");
INSERT INTO O_TFR
	VALUES ("84e1ac75-fa7b-4fa3-bca7-436972c5f0ec",
	"eb13984d-bc2a-446d-9fc1-6c735620090d",
	'setUp',
	'',
	"ba5eda7a-def5-0000-0000-000000000000",
	1,
	'',
	1,
	'',
	"c6e2f158-db49-4246-ab09-8de4fb4b1e47",
	0,
	3);
INSERT INTO ACT_OPB
	VALUES ("1673171c-f3cf-4111-ac8e-6f10d2921733",
	"84e1ac75-fa7b-4fa3-bca7-436972c5f0ec");
INSERT INTO ACT_ACT
	VALUES ("1673171c-f3cf-4111-ac8e-6f10d2921733",
	'operation',
	0,
	"4b084e2e-fa82-4cfe-908c-97b1c7a2d818",
	"00000000-0000-0000-0000-000000000000",
	0,
	'WasRun::setUp',
	"00000000-0000-0000-0000-000000000000");
INSERT INTO ACT_BLK
	VALUES ("4b084e2e-fa82-4cfe-908c-97b1c7a2d818",
	0,
	0,
	0,
	'',
	'',
	'',
	0,
	0,
	0,
	0,
	0,
	0,
	0,
	0,
	0,
	0,
	0,
	0,
	0,
	"1673171c-f3cf-4111-ac8e-6f10d2921733",
	"00000000-0000-0000-0000-000000000000");
INSERT INTO O_NBATTR
	VALUES ("6dcf4b7c-8e8f-402e-ab41-b368eb083510",
	"eb13984d-bc2a-446d-9fc1-6c735620090d");
INSERT INTO O_BATTR
	VALUES ("6dcf4b7c-8e8f-402e-ab41-b368eb083510",
	"eb13984d-bc2a-446d-9fc1-6c735620090d");
INSERT INTO O_ATTR
	VALUES ("6dcf4b7c-8e8f-402e-ab41-b368eb083510",
	"eb13984d-bc2a-446d-9fc1-6c735620090d",
	"00000000-0000-0000-0000-000000000000",
	'wasRun',
	'',
	'',
	'wasRun',
	0,
	"ba5eda7a-def5-0000-0000-000000000001",
	'',
	'');
INSERT INTO O_NBATTR
	VALUES ("2035c17c-9bb3-4af8-92bf-8c6ebc844299",
	"eb13984d-bc2a-446d-9fc1-6c735620090d");
INSERT INTO O_BATTR
	VALUES ("2035c17c-9bb3-4af8-92bf-8c6ebc844299",
	"eb13984d-bc2a-446d-9fc1-6c735620090d");
INSERT INTO O_ATTR
	VALUES ("2035c17c-9bb3-4af8-92bf-8c6ebc844299",
	"eb13984d-bc2a-446d-9fc1-6c735620090d",
	"6dcf4b7c-8e8f-402e-ab41-b368eb083510",
	'name',
	'',
	'',
	'name',
	0,
	"ba5eda7a-def5-0000-0000-000000000004",
	'',
	'');
INSERT INTO O_NBATTR
	VALUES ("b634fdb5-409c-4342-ad0a-9cb09f227d44",
	"eb13984d-bc2a-446d-9fc1-6c735620090d");
INSERT INTO O_BATTR
	VALUES ("b634fdb5-409c-4342-ad0a-9cb09f227d44",
	"eb13984d-bc2a-446d-9fc1-6c735620090d");
INSERT INTO O_ATTR
	VALUES ("b634fdb5-409c-4342-ad0a-9cb09f227d44",
	"eb13984d-bc2a-446d-9fc1-6c735620090d",
	"2035c17c-9bb3-4af8-92bf-8c6ebc844299",
	'current_state',
	'',
	'',
	'current_state',
	0,
	"ba5eda7a-def5-0000-0000-000000000006",
	'',
	'');
INSERT INTO O_ID
	VALUES (0,
	"eb13984d-bc2a-446d-9fc1-6c735620090d");
INSERT INTO O_ID
	VALUES (1,
	"eb13984d-bc2a-446d-9fc1-6c735620090d");
INSERT INTO O_ID
	VALUES (2,
	"eb13984d-bc2a-446d-9fc1-6c735620090d");
INSERT INTO SM_ISM
	VALUES ("06278cef-dd12-42f1-8f9f-f04b0371754f",
	"eb13984d-bc2a-446d-9fc1-6c735620090d");
INSERT INTO SM_SM
	VALUES ("06278cef-dd12-42f1-8f9f-f04b0371754f",
	'',
	0);
INSERT INTO SM_MOORE
	VALUES ("06278cef-dd12-42f1-8f9f-f04b0371754f");
INSERT INTO SM_LEVT
	VALUES ("9c5b5753-071d-4c6a-a894-8466a8ba651f",
	"06278cef-dd12-42f1-8f9f-f04b0371754f",
	"00000000-0000-0000-0000-000000000000");
INSERT INTO SM_SEVT
	VALUES ("9c5b5753-071d-4c6a-a894-8466a8ba651f",
	"06278cef-dd12-42f1-8f9f-f04b0371754f",
	"00000000-0000-0000-0000-000000000000");
INSERT INTO SM_EVT
	VALUES ("9c5b5753-071d-4c6a-a894-8466a8ba651f",
	"06278cef-dd12-42f1-8f9f-f04b0371754f",
	"00000000-0000-0000-0000-000000000000",
	1,
	'callConstructor',
	0,
	'',
	'WasRun1',
	'');
INSERT INTO SM_LEVT
	VALUES ("5b25a586-de1e-4786-99c8-3edd30a443a1",
	"06278cef-dd12-42f1-8f9f-f04b0371754f",
	"00000000-0000-0000-0000-000000000000");
INSERT INTO SM_SEVT
	VALUES ("5b25a586-de1e-4786-99c8-3edd30a443a1",
	"06278cef-dd12-42f1-8f9f-f04b0371754f",
	"00000000-0000-0000-0000-000000000000");
INSERT INTO SM_EVT
	VALUES ("5b25a586-de1e-4786-99c8-3edd30a443a1",
	"06278cef-dd12-42f1-8f9f-f04b0371754f",
	"00000000-0000-0000-0000-000000000000",
	2,
	'run',
	0,
	'',
	'WasRun2',
	'');
INSERT INTO SM_LEVT
	VALUES ("6ada8978-a512-468b-8c67-cd9105b1c64f",
	"06278cef-dd12-42f1-8f9f-f04b0371754f",
	"00000000-0000-0000-0000-000000000000");
INSERT INTO SM_SEVT
	VALUES ("6ada8978-a512-468b-8c67-cd9105b1c64f",
	"06278cef-dd12-42f1-8f9f-f04b0371754f",
	"00000000-0000-0000-0000-000000000000");
INSERT INTO SM_EVT
	VALUES ("6ada8978-a512-468b-8c67-cd9105b1c64f",
	"06278cef-dd12-42f1-8f9f-f04b0371754f",
	"00000000-0000-0000-0000-000000000000",
	3,
	'fail',
	0,
	'',
	'WasRun3',
	'');
INSERT INTO SM_LEVT
	VALUES ("c9be63f6-ee71-47b5-9d49-9ec9492292d0",
	"06278cef-dd12-42f1-8f9f-f04b0371754f",
	"00000000-0000-0000-0000-000000000000");
INSERT INTO SM_SEVT
	VALUES ("c9be63f6-ee71-47b5-9d49-9ec9492292d0",
	"06278cef-dd12-42f1-8f9f-f04b0371754f",
	"00000000-0000-0000-0000-000000000000");
INSERT INTO SM_EVT
	VALUES ("c9be63f6-ee71-47b5-9d49-9ec9492292d0",
	"06278cef-dd12-42f1-8f9f-f04b0371754f",
	"00000000-0000-0000-0000-000000000000",
	4,
	'pass',
	0,
	'',
	'WasRun4',
	'');
INSERT INTO SM_STATE
	VALUES ("c6a7f29a-3d39-4ddf-a39d-43b3c21719ea",
	"06278cef-dd12-42f1-8f9f-f04b0371754f",
	"00000000-0000-0000-0000-000000000000",
	'NotRun',
	1,
	0);
INSERT INTO SM_CH
	VALUES ("c6a7f29a-3d39-4ddf-a39d-43b3c21719ea",
	"9c5b5753-071d-4c6a-a894-8466a8ba651f",
	"06278cef-dd12-42f1-8f9f-f04b0371754f",
	"00000000-0000-0000-0000-000000000000",
	'');
INSERT INTO SM_SEME
	VALUES ("c6a7f29a-3d39-4ddf-a39d-43b3c21719ea",
	"9c5b5753-071d-4c6a-a894-8466a8ba651f",
	"06278cef-dd12-42f1-8f9f-f04b0371754f",
	"00000000-0000-0000-0000-000000000000");
INSERT INTO SM_SEME
	VALUES ("c6a7f29a-3d39-4ddf-a39d-43b3c21719ea",
	"5b25a586-de1e-4786-99c8-3edd30a443a1",
	"06278cef-dd12-42f1-8f9f-f04b0371754f",
	"00000000-0000-0000-0000-000000000000");
INSERT INTO SM_CH
	VALUES ("c6a7f29a-3d39-4ddf-a39d-43b3c21719ea",
	"6ada8978-a512-468b-8c67-cd9105b1c64f",
	"06278cef-dd12-42f1-8f9f-f04b0371754f",
	"00000000-0000-0000-0000-000000000000",
	'');
INSERT INTO SM_SEME
	VALUES ("c6a7f29a-3d39-4ddf-a39d-43b3c21719ea",
	"6ada8978-a512-468b-8c67-cd9105b1c64f",
	"06278cef-dd12-42f1-8f9f-f04b0371754f",
	"00000000-0000-0000-0000-000000000000");
INSERT INTO SM_CH
	VALUES ("c6a7f29a-3d39-4ddf-a39d-43b3c21719ea",
	"c9be63f6-ee71-47b5-9d49-9ec9492292d0",
	"06278cef-dd12-42f1-8f9f-f04b0371754f",
	"00000000-0000-0000-0000-000000000000",
	'');
INSERT INTO SM_SEME
	VALUES ("c6a7f29a-3d39-4ddf-a39d-43b3c21719ea",
	"c9be63f6-ee71-47b5-9d49-9ec9492292d0",
	"06278cef-dd12-42f1-8f9f-f04b0371754f",
	"00000000-0000-0000-0000-000000000000");
INSERT INTO SM_MOAH
	VALUES ("d5db8ef4-508c-4cb3-9b6b-090aac92a237",
	"06278cef-dd12-42f1-8f9f-f04b0371754f",
	"c6a7f29a-3d39-4ddf-a39d-43b3c21719ea");
INSERT INTO SM_AH
	VALUES ("d5db8ef4-508c-4cb3-9b6b-090aac92a237",
	"06278cef-dd12-42f1-8f9f-f04b0371754f");
INSERT INTO SM_ACT
	VALUES ("d5db8ef4-508c-4cb3-9b6b-090aac92a237",
	"06278cef-dd12-42f1-8f9f-f04b0371754f",
	1,
	'',
	'',
	0);
INSERT INTO ACT_SAB
	VALUES ("878a5be4-5c90-46a2-8e26-8b7608f416f0",
	"06278cef-dd12-42f1-8f9f-f04b0371754f",
	"d5db8ef4-508c-4cb3-9b6b-090aac92a237");
INSERT INTO ACT_ACT
	VALUES ("878a5be4-5c90-46a2-8e26-8b7608f416f0",
	'state',
	0,
	"bd7f3cd7-4e54-4f95-805d-1a9410bd3a48",
	"00000000-0000-0000-0000-000000000000",
	0,
	'WasRun::NotRun',
	"00000000-0000-0000-0000-000000000000");
INSERT INTO ACT_BLK
	VALUES ("bd7f3cd7-4e54-4f95-805d-1a9410bd3a48",
	0,
	0,
	0,
	'',
	'',
	'',
	0,
	0,
	0,
	0,
	0,
	0,
	0,
	0,
	0,
	0,
	0,
	0,
	0,
	"878a5be4-5c90-46a2-8e26-8b7608f416f0",
	"00000000-0000-0000-0000-000000000000");
INSERT INTO SM_STATE
	VALUES ("d24df9e0-3253-4f70-b23e-7e64b87110f3",
	"06278cef-dd12-42f1-8f9f-f04b0371754f",
	"00000000-0000-0000-0000-000000000000",
	'Running',
	2,
	0);
INSERT INTO SM_CH
	VALUES ("d24df9e0-3253-4f70-b23e-7e64b87110f3",
	"9c5b5753-071d-4c6a-a894-8466a8ba651f",
	"06278cef-dd12-42f1-8f9f-f04b0371754f",
	"00000000-0000-0000-0000-000000000000",
	'');
INSERT INTO SM_SEME
	VALUES ("d24df9e0-3253-4f70-b23e-7e64b87110f3",
	"9c5b5753-071d-4c6a-a894-8466a8ba651f",
	"06278cef-dd12-42f1-8f9f-f04b0371754f",
	"00000000-0000-0000-0000-000000000000");
INSERT INTO SM_CH
	VALUES ("d24df9e0-3253-4f70-b23e-7e64b87110f3",
	"5b25a586-de1e-4786-99c8-3edd30a443a1",
	"06278cef-dd12-42f1-8f9f-f04b0371754f",
	"00000000-0000-0000-0000-000000000000",
	'');
INSERT INTO SM_SEME
	VALUES ("d24df9e0-3253-4f70-b23e-7e64b87110f3",
	"5b25a586-de1e-4786-99c8-3edd30a443a1",
	"06278cef-dd12-42f1-8f9f-f04b0371754f",
	"00000000-0000-0000-0000-000000000000");
INSERT INTO SM_SEME
	VALUES ("d24df9e0-3253-4f70-b23e-7e64b87110f3",
	"6ada8978-a512-468b-8c67-cd9105b1c64f",
	"06278cef-dd12-42f1-8f9f-f04b0371754f",
	"00000000-0000-0000-0000-000000000000");
INSERT INTO SM_SEME
	VALUES ("d24df9e0-3253-4f70-b23e-7e64b87110f3",
	"c9be63f6-ee71-47b5-9d49-9ec9492292d0",
	"06278cef-dd12-42f1-8f9f-f04b0371754f",
	"00000000-0000-0000-0000-000000000000");
INSERT INTO SM_MOAH
	VALUES ("05d5d0fe-017e-4d9f-ae71-f5be629e0403",
	"06278cef-dd12-42f1-8f9f-f04b0371754f",
	"d24df9e0-3253-4f70-b23e-7e64b87110f3");
INSERT INTO SM_AH
	VALUES ("05d5d0fe-017e-4d9f-ae71-f5be629e0403",
	"06278cef-dd12-42f1-8f9f-f04b0371754f");
INSERT INTO SM_ACT
	VALUES ("05d5d0fe-017e-4d9f-ae71-f5be629e0403",
	"06278cef-dd12-42f1-8f9f-f04b0371754f",
	1,
	'',
	'',
	0);
INSERT INTO ACT_SAB
	VALUES ("f1ae7056-f3b2-4602-8448-478b38200c6a",
	"06278cef-dd12-42f1-8f9f-f04b0371754f",
	"05d5d0fe-017e-4d9f-ae71-f5be629e0403");
INSERT INTO ACT_ACT
	VALUES ("f1ae7056-f3b2-4602-8448-478b38200c6a",
	'state',
	0,
	"e2d18425-30a5-467f-b7d7-c7770737471c",
	"00000000-0000-0000-0000-000000000000",
	0,
	'WasRun::Running',
	"00000000-0000-0000-0000-000000000000");
INSERT INTO ACT_BLK
	VALUES ("e2d18425-30a5-467f-b7d7-c7770737471c",
	0,
	0,
	0,
	'',
	'',
	'',
	0,
	0,
	0,
	0,
	0,
	0,
	0,
	0,
	0,
	0,
	0,
	0,
	0,
	"f1ae7056-f3b2-4602-8448-478b38200c6a",
	"00000000-0000-0000-0000-000000000000");
INSERT INTO SM_STATE
	VALUES ("55347d69-bf99-418b-92b0-f8f508ea193c",
	"06278cef-dd12-42f1-8f9f-f04b0371754f",
	"00000000-0000-0000-0000-000000000000",
	'Passed',
	3,
	1);
INSERT INTO SM_CH
	VALUES ("55347d69-bf99-418b-92b0-f8f508ea193c",
	"9c5b5753-071d-4c6a-a894-8466a8ba651f",
	"06278cef-dd12-42f1-8f9f-f04b0371754f",
	"00000000-0000-0000-0000-000000000000",
	'');
INSERT INTO SM_SEME
	VALUES ("55347d69-bf99-418b-92b0-f8f508ea193c",
	"9c5b5753-071d-4c6a-a894-8466a8ba651f",
	"06278cef-dd12-42f1-8f9f-f04b0371754f",
	"00000000-0000-0000-0000-000000000000");
INSERT INTO SM_CH
	VALUES ("55347d69-bf99-418b-92b0-f8f508ea193c",
	"5b25a586-de1e-4786-99c8-3edd30a443a1",
	"06278cef-dd12-42f1-8f9f-f04b0371754f",
	"00000000-0000-0000-0000-000000000000",
	'');
INSERT INTO SM_SEME
	VALUES ("55347d69-bf99-418b-92b0-f8f508ea193c",
	"5b25a586-de1e-4786-99c8-3edd30a443a1",
	"06278cef-dd12-42f1-8f9f-f04b0371754f",
	"00000000-0000-0000-0000-000000000000");
INSERT INTO SM_CH
	VALUES ("55347d69-bf99-418b-92b0-f8f508ea193c",
	"6ada8978-a512-468b-8c67-cd9105b1c64f",
	"06278cef-dd12-42f1-8f9f-f04b0371754f",
	"00000000-0000-0000-0000-000000000000",
	'');
INSERT INTO SM_SEME
	VALUES ("55347d69-bf99-418b-92b0-f8f508ea193c",
	"6ada8978-a512-468b-8c67-cd9105b1c64f",
	"06278cef-dd12-42f1-8f9f-f04b0371754f",
	"00000000-0000-0000-0000-000000000000");
INSERT INTO SM_CH
	VALUES ("55347d69-bf99-418b-92b0-f8f508ea193c",
	"c9be63f6-ee71-47b5-9d49-9ec9492292d0",
	"06278cef-dd12-42f1-8f9f-f04b0371754f",
	"00000000-0000-0000-0000-000000000000",
	'');
INSERT INTO SM_SEME
	VALUES ("55347d69-bf99-418b-92b0-f8f508ea193c",
	"c9be63f6-ee71-47b5-9d49-9ec9492292d0",
	"06278cef-dd12-42f1-8f9f-f04b0371754f",
	"00000000-0000-0000-0000-000000000000");
INSERT INTO SM_MOAH
	VALUES ("dc11118d-090a-4475-a909-cc5f244166ed",
	"06278cef-dd12-42f1-8f9f-f04b0371754f",
	"55347d69-bf99-418b-92b0-f8f508ea193c");
INSERT INTO SM_AH
	VALUES ("dc11118d-090a-4475-a909-cc5f244166ed",
	"06278cef-dd12-42f1-8f9f-f04b0371754f");
INSERT INTO SM_ACT
	VALUES ("dc11118d-090a-4475-a909-cc5f244166ed",
	"06278cef-dd12-42f1-8f9f-f04b0371754f",
	1,
	'',
	'',
	0);
INSERT INTO ACT_SAB
	VALUES ("29d98dc6-3ef3-418f-ba3c-331d0c8ed8a9",
	"06278cef-dd12-42f1-8f9f-f04b0371754f",
	"dc11118d-090a-4475-a909-cc5f244166ed");
INSERT INTO ACT_ACT
	VALUES ("29d98dc6-3ef3-418f-ba3c-331d0c8ed8a9",
	'state',
	0,
	"dd6b6aa2-d85f-4da8-a603-043f6f9110fc",
	"00000000-0000-0000-0000-000000000000",
	0,
	'WasRun::Passed',
	"00000000-0000-0000-0000-000000000000");
INSERT INTO ACT_BLK
	VALUES ("dd6b6aa2-d85f-4da8-a603-043f6f9110fc",
	0,
	0,
	0,
	'',
	'',
	'',
	0,
	0,
	0,
	0,
	0,
	0,
	0,
	0,
	0,
	0,
	0,
	0,
	0,
	"29d98dc6-3ef3-418f-ba3c-331d0c8ed8a9",
	"00000000-0000-0000-0000-000000000000");
INSERT INTO SM_STATE
	VALUES ("6418b075-abfe-425c-9fdc-441daab971ec",
	"06278cef-dd12-42f1-8f9f-f04b0371754f",
	"00000000-0000-0000-0000-000000000000",
	'Failed',
	4,
	1);
INSERT INTO SM_CH
	VALUES ("6418b075-abfe-425c-9fdc-441daab971ec",
	"9c5b5753-071d-4c6a-a894-8466a8ba651f",
	"06278cef-dd12-42f1-8f9f-f04b0371754f",
	"00000000-0000-0000-0000-000000000000",
	'');
INSERT INTO SM_SEME
	VALUES ("6418b075-abfe-425c-9fdc-441daab971ec",
	"9c5b5753-071d-4c6a-a894-8466a8ba651f",
	"06278cef-dd12-42f1-8f9f-f04b0371754f",
	"00000000-0000-0000-0000-000000000000");
INSERT INTO SM_CH
	VALUES ("6418b075-abfe-425c-9fdc-441daab971ec",
	"5b25a586-de1e-4786-99c8-3edd30a443a1",
	"06278cef-dd12-42f1-8f9f-f04b0371754f",
	"00000000-0000-0000-0000-000000000000",
	'');
INSERT INTO SM_SEME
	VALUES ("6418b075-abfe-425c-9fdc-441daab971ec",
	"5b25a586-de1e-4786-99c8-3edd30a443a1",
	"06278cef-dd12-42f1-8f9f-f04b0371754f",
	"00000000-0000-0000-0000-000000000000");
INSERT INTO SM_CH
	VALUES ("6418b075-abfe-425c-9fdc-441daab971ec",
	"6ada8978-a512-468b-8c67-cd9105b1c64f",
	"06278cef-dd12-42f1-8f9f-f04b0371754f",
	"00000000-0000-0000-0000-000000000000",
	'');
INSERT INTO SM_SEME
	VALUES ("6418b075-abfe-425c-9fdc-441daab971ec",
	"6ada8978-a512-468b-8c67-cd9105b1c64f",
	"06278cef-dd12-42f1-8f9f-f04b0371754f",
	"00000000-0000-0000-0000-000000000000");
INSERT INTO SM_CH
	VALUES ("6418b075-abfe-425c-9fdc-441daab971ec",
	"c9be63f6-ee71-47b5-9d49-9ec9492292d0",
	"06278cef-dd12-42f1-8f9f-f04b0371754f",
	"00000000-0000-0000-0000-000000000000",
	'');
INSERT INTO SM_SEME
	VALUES ("6418b075-abfe-425c-9fdc-441daab971ec",
	"c9be63f6-ee71-47b5-9d49-9ec9492292d0",
	"06278cef-dd12-42f1-8f9f-f04b0371754f",
	"00000000-0000-0000-0000-000000000000");
INSERT INTO SM_MOAH
	VALUES ("31d47f39-9ded-4839-9852-871bcb846600",
	"06278cef-dd12-42f1-8f9f-f04b0371754f",
	"6418b075-abfe-425c-9fdc-441daab971ec");
INSERT INTO SM_AH
	VALUES ("31d47f39-9ded-4839-9852-871bcb846600",
	"06278cef-dd12-42f1-8f9f-f04b0371754f");
INSERT INTO SM_ACT
	VALUES ("31d47f39-9ded-4839-9852-871bcb846600",
	"06278cef-dd12-42f1-8f9f-f04b0371754f",
	1,
	'',
	'',
	0);
INSERT INTO ACT_SAB
	VALUES ("a4902e37-8178-4808-bb8b-5ccac670d8a3",
	"06278cef-dd12-42f1-8f9f-f04b0371754f",
	"31d47f39-9ded-4839-9852-871bcb846600");
INSERT INTO ACT_ACT
	VALUES ("a4902e37-8178-4808-bb8b-5ccac670d8a3",
	'state',
	0,
	"7490f627-2385-4912-8e4f-743b0d590deb",
	"00000000-0000-0000-0000-000000000000",
	0,
	'WasRun::Failed',
	"00000000-0000-0000-0000-000000000000");
INSERT INTO ACT_BLK
	VALUES ("7490f627-2385-4912-8e4f-743b0d590deb",
	0,
	0,
	0,
	'',
	'',
	'',
	0,
	0,
	0,
	0,
	0,
	0,
	0,
	0,
	0,
	0,
	0,
	0,
	0,
	"a4902e37-8178-4808-bb8b-5ccac670d8a3",
	"00000000-0000-0000-0000-000000000000");
INSERT INTO SM_CRTXN
	VALUES ("bf9e0927-e28e-4fcf-8f45-1e35a3fa62ac",
	"06278cef-dd12-42f1-8f9f-f04b0371754f",
	"9c5b5753-071d-4c6a-a894-8466a8ba651f",
	"00000000-0000-0000-0000-000000000000");
INSERT INTO SM_TAH
	VALUES ("7bfa43ad-6054-42a9-83f6-564a06a2a947",
	"06278cef-dd12-42f1-8f9f-f04b0371754f",
	"bf9e0927-e28e-4fcf-8f45-1e35a3fa62ac");
INSERT INTO SM_AH
	VALUES ("7bfa43ad-6054-42a9-83f6-564a06a2a947",
	"06278cef-dd12-42f1-8f9f-f04b0371754f");
INSERT INTO SM_ACT
	VALUES ("7bfa43ad-6054-42a9-83f6-564a06a2a947",
	"06278cef-dd12-42f1-8f9f-f04b0371754f",
	1,
	'',
	'',
	0);
INSERT INTO ACT_TAB
	VALUES ("4464ee36-77ea-4daa-8934-3945692d7384",
	"06278cef-dd12-42f1-8f9f-f04b0371754f",
	"7bfa43ad-6054-42a9-83f6-564a06a2a947");
INSERT INTO ACT_ACT
	VALUES ("4464ee36-77ea-4daa-8934-3945692d7384",
	'transition',
	0,
	"b7f2350e-ba54-4c69-9405-13c7dc102745",
	"00000000-0000-0000-0000-000000000000",
	0,
	'WasRun1: callConstructor',
	"00000000-0000-0000-0000-000000000000");
INSERT INTO ACT_BLK
	VALUES ("b7f2350e-ba54-4c69-9405-13c7dc102745",
	0,
	0,
	0,
	'',
	'',
	'',
	0,
	0,
	0,
	0,
	0,
	0,
	0,
	0,
	0,
	0,
	0,
	0,
	0,
	"4464ee36-77ea-4daa-8934-3945692d7384",
	"00000000-0000-0000-0000-000000000000");
INSERT INTO SM_TXN
	VALUES ("bf9e0927-e28e-4fcf-8f45-1e35a3fa62ac",
	"06278cef-dd12-42f1-8f9f-f04b0371754f",
	"c6a7f29a-3d39-4ddf-a39d-43b3c21719ea",
	"00000000-0000-0000-0000-000000000000");
INSERT INTO SM_NSTXN
	VALUES ("f4352c9f-3e2f-4f67-8b45-39909c743fbe",
	"06278cef-dd12-42f1-8f9f-f04b0371754f",
	"c6a7f29a-3d39-4ddf-a39d-43b3c21719ea",
	"5b25a586-de1e-4786-99c8-3edd30a443a1",
	"00000000-0000-0000-0000-000000000000");
INSERT INTO SM_TAH
	VALUES ("e4180da1-0a15-4afa-90b8-dc98d70ca620",
	"06278cef-dd12-42f1-8f9f-f04b0371754f",
	"f4352c9f-3e2f-4f67-8b45-39909c743fbe");
INSERT INTO SM_AH
	VALUES ("e4180da1-0a15-4afa-90b8-dc98d70ca620",
	"06278cef-dd12-42f1-8f9f-f04b0371754f");
INSERT INTO SM_ACT
	VALUES ("e4180da1-0a15-4afa-90b8-dc98d70ca620",
	"06278cef-dd12-42f1-8f9f-f04b0371754f",
	1,
	'',
	'',
	0);
INSERT INTO ACT_TAB
	VALUES ("81d0ee8b-5490-41ae-be49-0ea046ace506",
	"06278cef-dd12-42f1-8f9f-f04b0371754f",
	"e4180da1-0a15-4afa-90b8-dc98d70ca620");
INSERT INTO ACT_ACT
	VALUES ("81d0ee8b-5490-41ae-be49-0ea046ace506",
	'transition',
	0,
	"8fc97f8b-049f-4fa5-a82f-b049ca437efd",
	"00000000-0000-0000-0000-000000000000",
	0,
	'WasRun2: run',
	"00000000-0000-0000-0000-000000000000");
INSERT INTO ACT_BLK
	VALUES ("8fc97f8b-049f-4fa5-a82f-b049ca437efd",
	0,
	0,
	0,
	'',
	'',
	'',
	0,
	0,
	0,
	0,
	0,
	0,
	0,
	0,
	0,
	0,
	0,
	0,
	0,
	"81d0ee8b-5490-41ae-be49-0ea046ace506",
	"00000000-0000-0000-0000-000000000000");
INSERT INTO SM_TXN
	VALUES ("f4352c9f-3e2f-4f67-8b45-39909c743fbe",
	"06278cef-dd12-42f1-8f9f-f04b0371754f",
	"d24df9e0-3253-4f70-b23e-7e64b87110f3",
	"00000000-0000-0000-0000-000000000000");
INSERT INTO SM_NSTXN
	VALUES ("087bc6b0-1fe2-4b87-9030-066ee43ff317",
	"06278cef-dd12-42f1-8f9f-f04b0371754f",
	"d24df9e0-3253-4f70-b23e-7e64b87110f3",
	"c9be63f6-ee71-47b5-9d49-9ec9492292d0",
	"00000000-0000-0000-0000-000000000000");
INSERT INTO SM_TAH
	VALUES ("c45bdf67-2cc5-420c-9068-00dd74d48000",
	"06278cef-dd12-42f1-8f9f-f04b0371754f",
	"087bc6b0-1fe2-4b87-9030-066ee43ff317");
INSERT INTO SM_AH
	VALUES ("c45bdf67-2cc5-420c-9068-00dd74d48000",
	"06278cef-dd12-42f1-8f9f-f04b0371754f");
INSERT INTO SM_ACT
	VALUES ("c45bdf67-2cc5-420c-9068-00dd74d48000",
	"06278cef-dd12-42f1-8f9f-f04b0371754f",
	1,
	'',
	'',
	0);
INSERT INTO ACT_TAB
	VALUES ("336c5a34-138e-454b-aeac-d1046556bc83",
	"06278cef-dd12-42f1-8f9f-f04b0371754f",
	"c45bdf67-2cc5-420c-9068-00dd74d48000");
INSERT INTO ACT_ACT
	VALUES ("336c5a34-138e-454b-aeac-d1046556bc83",
	'transition',
	0,
	"8c5ab20f-0de9-4d95-b540-cc32a2ebcf98",
	"00000000-0000-0000-0000-000000000000",
	0,
	'WasRun4: pass',
	"00000000-0000-0000-0000-000000000000");
INSERT INTO ACT_BLK
	VALUES ("8c5ab20f-0de9-4d95-b540-cc32a2ebcf98",
	0,
	0,
	0,
	'',
	'',
	'',
	0,
	0,
	0,
	0,
	0,
	0,
	0,
	0,
	0,
	0,
	0,
	0,
	0,
	"336c5a34-138e-454b-aeac-d1046556bc83",
	"00000000-0000-0000-0000-000000000000");
INSERT INTO SM_TXN
	VALUES ("087bc6b0-1fe2-4b87-9030-066ee43ff317",
	"06278cef-dd12-42f1-8f9f-f04b0371754f",
	"55347d69-bf99-418b-92b0-f8f508ea193c",
	"00000000-0000-0000-0000-000000000000");
INSERT INTO SM_NSTXN
	VALUES ("02d7a046-2449-4be0-a10b-b193d21e63f7",
	"06278cef-dd12-42f1-8f9f-f04b0371754f",
	"d24df9e0-3253-4f70-b23e-7e64b87110f3",
	"6ada8978-a512-468b-8c67-cd9105b1c64f",
	"00000000-0000-0000-0000-000000000000");
INSERT INTO SM_TAH
	VALUES ("63116fbc-566d-47d4-9709-cb24aa61dfac",
	"06278cef-dd12-42f1-8f9f-f04b0371754f",
	"02d7a046-2449-4be0-a10b-b193d21e63f7");
INSERT INTO SM_AH
	VALUES ("63116fbc-566d-47d4-9709-cb24aa61dfac",
	"06278cef-dd12-42f1-8f9f-f04b0371754f");
INSERT INTO SM_ACT
	VALUES ("63116fbc-566d-47d4-9709-cb24aa61dfac",
	"06278cef-dd12-42f1-8f9f-f04b0371754f",
	1,
	'',
	'',
	0);
INSERT INTO ACT_TAB
	VALUES ("1578cbe4-1369-4a42-8f07-e8667225ffed",
	"06278cef-dd12-42f1-8f9f-f04b0371754f",
	"63116fbc-566d-47d4-9709-cb24aa61dfac");
INSERT INTO ACT_ACT
	VALUES ("1578cbe4-1369-4a42-8f07-e8667225ffed",
	'transition',
	0,
	"7d005051-b2ab-41e6-9995-f0c193335add",
	"00000000-0000-0000-0000-000000000000",
	0,
	'WasRun3: fail',
	"00000000-0000-0000-0000-000000000000");
INSERT INTO ACT_BLK
	VALUES ("7d005051-b2ab-41e6-9995-f0c193335add",
	0,
	0,
	0,
	'',
	'',
	'',
	0,
	0,
	0,
	0,
	0,
	0,
	0,
	0,
	0,
	0,
	0,
	0,
	0,
	"1578cbe4-1369-4a42-8f07-e8667225ffed",
	"00000000-0000-0000-0000-000000000000");
INSERT INTO SM_TXN
	VALUES ("02d7a046-2449-4be0-a10b-b193d21e63f7",
	"06278cef-dd12-42f1-8f9f-f04b0371754f",
	"6418b075-abfe-425c-9fdc-441daab971ec",
	"00000000-0000-0000-0000-000000000000");
INSERT INTO PE_PE
	VALUES ("c3cea6f2-6706-4c01-bd9f-cfb21428d08d",
	1,
	"78ec567f-1c2c-4c76-a0d8-279bfcd6f228",
	"00000000-0000-0000-0000-000000000000",
	4);
INSERT INTO O_OBJ
	VALUES ("c3cea6f2-6706-4c01-bd9f-cfb21428d08d",
	'TestCase',
	2,
	'TestCase',
	'',
	"00000000-0000-0000-0000-000000000000");
INSERT INTO O_TFR
	VALUES ("6f93012e-4cc1-407b-9b29-ac41bc60fdab",
	"c3cea6f2-6706-4c01-bd9f-cfb21428d08d",
	'run',
	'',
	"ba5eda7a-def5-0000-0000-000000000000",
	1,
	'',
	1,
	'',
	"00000000-0000-0000-0000-000000000000",
	0,
	1);
INSERT INTO ACT_OPB
	VALUES ("e7200aa4-71b4-4454-8094-9c71c1168054",
	"6f93012e-4cc1-407b-9b29-ac41bc60fdab");
INSERT INTO ACT_ACT
	VALUES ("e7200aa4-71b4-4454-8094-9c71c1168054",
	'operation',
	0,
	"31be203f-a106-47a4-a162-6e318e6b2886",
	"00000000-0000-0000-0000-000000000000",
	0,
	'TestCase::run',
	"00000000-0000-0000-0000-000000000000");
INSERT INTO ACT_BLK
	VALUES ("31be203f-a106-47a4-a162-6e318e6b2886",
	0,
	0,
	0,
	'',
	'',
	'',
	0,
	0,
	0,
	0,
	0,
	0,
	0,
	0,
	0,
	0,
	0,
	0,
	0,
	"e7200aa4-71b4-4454-8094-9c71c1168054",
	"00000000-0000-0000-0000-000000000000");
INSERT INTO O_TFR
	VALUES ("13bd687d-bd84-4ad7-b985-79a6b67aecbc",
	"c3cea6f2-6706-4c01-bd9f-cfb21428d08d",
	'setUp',
	'',
	"ba5eda7a-def5-0000-0000-000000000000",
	1,
	'',
	1,
	'',
	"6f93012e-4cc1-407b-9b29-ac41bc60fdab",
	0,
	3);
INSERT INTO ACT_OPB
	VALUES ("c975eb22-ecdb-4801-9c72-099ee5252cc4",
	"13bd687d-bd84-4ad7-b985-79a6b67aecbc");
INSERT INTO ACT_ACT
	VALUES ("c975eb22-ecdb-4801-9c72-099ee5252cc4",
	'operation',
	0,
	"e5104f8f-784b-4427-897a-e0a99e849472",
	"00000000-0000-0000-0000-000000000000",
	0,
	'TestCase::setUp',
	"00000000-0000-0000-0000-000000000000");
INSERT INTO ACT_BLK
	VALUES ("e5104f8f-784b-4427-897a-e0a99e849472",
	0,
	0,
	0,
	'',
	'',
	'',
	0,
	0,
	0,
	0,
	0,
	0,
	0,
	0,
	0,
	0,
	0,
	0,
	0,
	"c975eb22-ecdb-4801-9c72-099ee5252cc4",
	"00000000-0000-0000-0000-000000000000");
INSERT INTO O_NBATTR
	VALUES ("2ec18765-75cb-4f32-a5fc-504e65fe0d04",
	"c3cea6f2-6706-4c01-bd9f-cfb21428d08d");
INSERT INTO O_BATTR
	VALUES ("2ec18765-75cb-4f32-a5fc-504e65fe0d04",
	"c3cea6f2-6706-4c01-bd9f-cfb21428d08d");
INSERT INTO O_ATTR
	VALUES ("2ec18765-75cb-4f32-a5fc-504e65fe0d04",
	"c3cea6f2-6706-4c01-bd9f-cfb21428d08d",
	"00000000-0000-0000-0000-000000000000",
	'name',
	'',
	'',
	'name',
	0,
	"ba5eda7a-def5-0000-0000-000000000004",
	'',
	'');
INSERT INTO O_NBATTR
	VALUES ("1b2d4116-7162-4f1f-a47a-887538c4a7cf",
	"c3cea6f2-6706-4c01-bd9f-cfb21428d08d");
INSERT INTO O_BATTR
	VALUES ("1b2d4116-7162-4f1f-a47a-887538c4a7cf",
	"c3cea6f2-6706-4c01-bd9f-cfb21428d08d");
INSERT INTO O_ATTR
	VALUES ("1b2d4116-7162-4f1f-a47a-887538c4a7cf",
	"c3cea6f2-6706-4c01-bd9f-cfb21428d08d",
	"2ec18765-75cb-4f32-a5fc-504e65fe0d04",
	'current_state',
	'',
	'',
	'current_state',
	0,
	"ba5eda7a-def5-0000-0000-000000000006",
	'',
	'');
INSERT INTO O_ID
	VALUES (0,
	"c3cea6f2-6706-4c01-bd9f-cfb21428d08d");
INSERT INTO O_ID
	VALUES (1,
	"c3cea6f2-6706-4c01-bd9f-cfb21428d08d");
INSERT INTO O_ID
	VALUES (2,
	"c3cea6f2-6706-4c01-bd9f-cfb21428d08d");
INSERT INTO SM_ISM
	VALUES ("a90ecb3a-6a5c-4a41-8c83-4a152c249ce3",
	"c3cea6f2-6706-4c01-bd9f-cfb21428d08d");
INSERT INTO SM_SM
	VALUES ("a90ecb3a-6a5c-4a41-8c83-4a152c249ce3",
	'',
	0);
INSERT INTO SM_MOORE
	VALUES ("a90ecb3a-6a5c-4a41-8c83-4a152c249ce3");
INSERT INTO SM_LEVT
	VALUES ("17d971ad-ec16-4eff-b3be-18d2defc45a0",
	"a90ecb3a-6a5c-4a41-8c83-4a152c249ce3",
	"00000000-0000-0000-0000-000000000000");
INSERT INTO SM_SEVT
	VALUES ("17d971ad-ec16-4eff-b3be-18d2defc45a0",
	"a90ecb3a-6a5c-4a41-8c83-4a152c249ce3",
	"00000000-0000-0000-0000-000000000000");
INSERT INTO SM_EVT
	VALUES ("17d971ad-ec16-4eff-b3be-18d2defc45a0",
	"a90ecb3a-6a5c-4a41-8c83-4a152c249ce3",
	"00000000-0000-0000-0000-000000000000",
	1,
	'execute',
	0,
	'',
	'TestCase1',
	'');
INSERT INTO SM_LEVT
	VALUES ("2fb3726f-2299-4270-93d6-e35d6e5458a6",
	"a90ecb3a-6a5c-4a41-8c83-4a152c249ce3",
	"00000000-0000-0000-0000-000000000000");
INSERT INTO SM_SEVT
	VALUES ("2fb3726f-2299-4270-93d6-e35d6e5458a6",
	"a90ecb3a-6a5c-4a41-8c83-4a152c249ce3",
	"00000000-0000-0000-0000-000000000000");
INSERT INTO SM_EVT
	VALUES ("2fb3726f-2299-4270-93d6-e35d6e5458a6",
	"a90ecb3a-6a5c-4a41-8c83-4a152c249ce3",
	"00000000-0000-0000-0000-000000000000",
	2,
	'finish',
	0,
	'',
	'TestCase2',
	'');
INSERT INTO SM_STATE
	VALUES ("e5302ef8-298e-45e1-a0b2-f572b4ce2d9f",
	"a90ecb3a-6a5c-4a41-8c83-4a152c249ce3",
	"00000000-0000-0000-0000-000000000000",
	'Idle',
	1,
	0);
INSERT INTO SM_SEME
	VALUES ("e5302ef8-298e-45e1-a0b2-f572b4ce2d9f",
	"17d971ad-ec16-4eff-b3be-18d2defc45a0",
	"a90ecb3a-6a5c-4a41-8c83-4a152c249ce3",
	"00000000-0000-0000-0000-000000000000");
INSERT INTO SM_CH
	VALUES ("e5302ef8-298e-45e1-a0b2-f572b4ce2d9f",
	"2fb3726f-2299-4270-93d6-e35d6e5458a6",
	"a90ecb3a-6a5c-4a41-8c83-4a152c249ce3",
	"00000000-0000-0000-0000-000000000000",
	'');
INSERT INTO SM_SEME
	VALUES ("e5302ef8-298e-45e1-a0b2-f572b4ce2d9f",
	"2fb3726f-2299-4270-93d6-e35d6e5458a6",
	"a90ecb3a-6a5c-4a41-8c83-4a152c249ce3",
	"00000000-0000-0000-0000-000000000000");
INSERT INTO SM_MOAH
	VALUES ("abed9325-9cef-4575-a820-5f0e266ad1e7",
	"a90ecb3a-6a5c-4a41-8c83-4a152c249ce3",
	"e5302ef8-298e-45e1-a0b2-f572b4ce2d9f");
INSERT INTO SM_AH
	VALUES ("abed9325-9cef-4575-a820-5f0e266ad1e7",
	"a90ecb3a-6a5c-4a41-8c83-4a152c249ce3");
INSERT INTO SM_ACT
	VALUES ("abed9325-9cef-4575-a820-5f0e266ad1e7",
	"a90ecb3a-6a5c-4a41-8c83-4a152c249ce3",
	1,
	'',
	'',
	0);
INSERT INTO ACT_SAB
	VALUES ("a11eeed8-0f92-4df4-a35a-0d1f12aa9a16",
	"a90ecb3a-6a5c-4a41-8c83-4a152c249ce3",
	"abed9325-9cef-4575-a820-5f0e266ad1e7");
INSERT INTO ACT_ACT
	VALUES ("a11eeed8-0f92-4df4-a35a-0d1f12aa9a16",
	'state',
	0,
	"6996a4b5-2816-47de-9da3-7e5f3b806557",
	"00000000-0000-0000-0000-000000000000",
	0,
	'TestCase::Idle',
	"00000000-0000-0000-0000-000000000000");
INSERT INTO ACT_BLK
	VALUES ("6996a4b5-2816-47de-9da3-7e5f3b806557",
	0,
	0,
	0,
	'',
	'',
	'',
	0,
	0,
	0,
	0,
	0,
	0,
	0,
	0,
	0,
	0,
	0,
	0,
	0,
	"a11eeed8-0f92-4df4-a35a-0d1f12aa9a16",
	"00000000-0000-0000-0000-000000000000");
INSERT INTO SM_STATE
	VALUES ("32ccfb9a-0074-462a-aad7-e0951d4f6ced",
	"a90ecb3a-6a5c-4a41-8c83-4a152c249ce3",
	"00000000-0000-0000-0000-000000000000",
	'Running',
	2,
	0);
INSERT INTO SM_CH
	VALUES ("32ccfb9a-0074-462a-aad7-e0951d4f6ced",
	"17d971ad-ec16-4eff-b3be-18d2defc45a0",
	"a90ecb3a-6a5c-4a41-8c83-4a152c249ce3",
	"00000000-0000-0000-0000-000000000000",
	'');
INSERT INTO SM_SEME
	VALUES ("32ccfb9a-0074-462a-aad7-e0951d4f6ced",
	"17d971ad-ec16-4eff-b3be-18d2defc45a0",
	"a90ecb3a-6a5c-4a41-8c83-4a152c249ce3",
	"00000000-0000-0000-0000-000000000000");
INSERT INTO SM_SEME
	VALUES ("32ccfb9a-0074-462a-aad7-e0951d4f6ced",
	"2fb3726f-2299-4270-93d6-e35d6e5458a6",
	"a90ecb3a-6a5c-4a41-8c83-4a152c249ce3",
	"00000000-0000-0000-0000-000000000000");
INSERT INTO SM_MOAH
	VALUES ("a9f6d504-39e4-4017-87e0-e9abde8b7a0d",
	"a90ecb3a-6a5c-4a41-8c83-4a152c249ce3",
	"32ccfb9a-0074-462a-aad7-e0951d4f6ced");
INSERT INTO SM_AH
	VALUES ("a9f6d504-39e4-4017-87e0-e9abde8b7a0d",
	"a90ecb3a-6a5c-4a41-8c83-4a152c249ce3");
INSERT INTO SM_ACT
	VALUES ("a9f6d504-39e4-4017-87e0-e9abde8b7a0d",
	"a90ecb3a-6a5c-4a41-8c83-4a152c249ce3",
	1,
	'',
	'',
	0);
INSERT INTO ACT_SAB
	VALUES ("8500ebf8-1823-4092-9136-3626ba698ccd",
	"a90ecb3a-6a5c-4a41-8c83-4a152c249ce3",
	"a9f6d504-39e4-4017-87e0-e9abde8b7a0d");
INSERT INTO ACT_ACT
	VALUES ("8500ebf8-1823-4092-9136-3626ba698ccd",
	'state',
	0,
	"f8fce5a8-5d05-4581-b1b9-8bb65d27a371",
	"00000000-0000-0000-0000-000000000000",
	0,
	'TestCase::Running',
	"00000000-0000-0000-0000-000000000000");
INSERT INTO ACT_BLK
	VALUES ("f8fce5a8-5d05-4581-b1b9-8bb65d27a371",
	0,
	0,
	0,
	'',
	'',
	'',
	0,
	0,
	0,
	0,
	0,
	0,
	0,
	0,
	0,
	0,
	0,
	0,
	0,
	"8500ebf8-1823-4092-9136-3626ba698ccd",
	"00000000-0000-0000-0000-000000000000");
INSERT INTO SM_STATE
	VALUES ("c59bf844-50d0-4bb7-8f25-7bfc27260cd2",
	"a90ecb3a-6a5c-4a41-8c83-4a152c249ce3",
	"00000000-0000-0000-0000-000000000000",
	'Completed',
	3,
	0);
INSERT INTO SM_CH
	VALUES ("c59bf844-50d0-4bb7-8f25-7bfc27260cd2",
	"17d971ad-ec16-4eff-b3be-18d2defc45a0",
	"a90ecb3a-6a5c-4a41-8c83-4a152c249ce3",
	"00000000-0000-0000-0000-000000000000",
	'');
INSERT INTO SM_SEME
	VALUES ("c59bf844-50d0-4bb7-8f25-7bfc27260cd2",
	"17d971ad-ec16-4eff-b3be-18d2defc45a0",
	"a90ecb3a-6a5c-4a41-8c83-4a152c249ce3",
	"00000000-0000-0000-0000-000000000000");
INSERT INTO SM_CH
	VALUES ("c59bf844-50d0-4bb7-8f25-7bfc27260cd2",
	"2fb3726f-2299-4270-93d6-e35d6e5458a6",
	"a90ecb3a-6a5c-4a41-8c83-4a152c249ce3",
	"00000000-0000-0000-0000-000000000000",
	'');
INSERT INTO SM_SEME
	VALUES ("c59bf844-50d0-4bb7-8f25-7bfc27260cd2",
	"2fb3726f-2299-4270-93d6-e35d6e5458a6",
	"a90ecb3a-6a5c-4a41-8c83-4a152c249ce3",
	"00000000-0000-0000-0000-000000000000");
INSERT INTO SM_MOAH
	VALUES ("de68ad68-88c1-44c8-bd7f-a6c566fcbf64",
	"a90ecb3a-6a5c-4a41-8c83-4a152c249ce3",
	"c59bf844-50d0-4bb7-8f25-7bfc27260cd2");
INSERT INTO SM_AH
	VALUES ("de68ad68-88c1-44c8-bd7f-a6c566fcbf64",
	"a90ecb3a-6a5c-4a41-8c83-4a152c249ce3");
INSERT INTO SM_ACT
	VALUES ("de68ad68-88c1-44c8-bd7f-a6c566fcbf64",
	"a90ecb3a-6a5c-4a41-8c83-4a152c249ce3",
	1,
	'',
	'',
	0);
INSERT INTO ACT_SAB
	VALUES ("350ce003-439e-4c65-a1cb-3c55fe688477",
	"a90ecb3a-6a5c-4a41-8c83-4a152c249ce3",
	"de68ad68-88c1-44c8-bd7f-a6c566fcbf64");
INSERT INTO ACT_ACT
	VALUES ("350ce003-439e-4c65-a1cb-3c55fe688477",
	'state',
	0,
	"07a8dfe0-5689-486f-ac17-c7af3e34458e",
	"00000000-0000-0000-0000-000000000000",
	0,
	'TestCase::Completed',
	"00000000-0000-0000-0000-000000000000");
INSERT INTO ACT_BLK
	VALUES ("07a8dfe0-5689-486f-ac17-c7af3e34458e",
	0,
	0,
	0,
	'',
	'',
	'',
	0,
	0,
	0,
	0,
	0,
	0,
	0,
	0,
	0,
	0,
	0,
	0,
	0,
	"350ce003-439e-4c65-a1cb-3c55fe688477",
	"00000000-0000-0000-0000-000000000000");
INSERT INTO SM_NSTXN
	VALUES ("4e735e08-568f-4c0a-88e6-51bb35bc74b2",
	"a90ecb3a-6a5c-4a41-8c83-4a152c249ce3",
	"e5302ef8-298e-45e1-a0b2-f572b4ce2d9f",
	"17d971ad-ec16-4eff-b3be-18d2defc45a0",
	"00000000-0000-0000-0000-000000000000");
INSERT INTO SM_TAH
	VALUES ("05af065a-0a93-46db-94e0-ac638064285e",
	"a90ecb3a-6a5c-4a41-8c83-4a152c249ce3",
	"4e735e08-568f-4c0a-88e6-51bb35bc74b2");
INSERT INTO SM_AH
	VALUES ("05af065a-0a93-46db-94e0-ac638064285e",
	"a90ecb3a-6a5c-4a41-8c83-4a152c249ce3");
INSERT INTO SM_ACT
	VALUES ("05af065a-0a93-46db-94e0-ac638064285e",
	"a90ecb3a-6a5c-4a41-8c83-4a152c249ce3",
	1,
	'',
	'',
	0);
INSERT INTO ACT_TAB
	VALUES ("3152d20f-c707-4971-96dd-57a0178e4b10",
	"a90ecb3a-6a5c-4a41-8c83-4a152c249ce3",
	"05af065a-0a93-46db-94e0-ac638064285e");
INSERT INTO ACT_ACT
	VALUES ("3152d20f-c707-4971-96dd-57a0178e4b10",
	'transition',
	0,
	"c0711dfb-b3c4-4960-8ffd-c96ebd3312ef",
	"00000000-0000-0000-0000-000000000000",
	0,
	'TestCase1: execute',
	"00000000-0000-0000-0000-000000000000");
INSERT INTO ACT_BLK
	VALUES ("c0711dfb-b3c4-4960-8ffd-c96ebd3312ef",
	0,
	0,
	0,
	'',
	'',
	'',
	0,
	0,
	0,
	0,
	0,
	0,
	0,
	0,
	0,
	0,
	0,
	0,
	0,
	"3152d20f-c707-4971-96dd-57a0178e4b10",
	"00000000-0000-0000-0000-000000000000");
INSERT INTO SM_TXN
	VALUES ("4e735e08-568f-4c0a-88e6-51bb35bc74b2",
	"a90ecb3a-6a5c-4a41-8c83-4a152c249ce3",
	"32ccfb9a-0074-462a-aad7-e0951d4f6ced",
	"00000000-0000-0000-0000-000000000000");
INSERT INTO SM_NSTXN
	VALUES ("1cfd963e-328d-448f-accc-2ea273c7f286",
	"a90ecb3a-6a5c-4a41-8c83-4a152c249ce3",
	"32ccfb9a-0074-462a-aad7-e0951d4f6ced",
	"2fb3726f-2299-4270-93d6-e35d6e5458a6",
	"00000000-0000-0000-0000-000000000000");
INSERT INTO SM_TAH
	VALUES ("877c1e38-4faa-45ac-b2f4-b29701e037b9",
	"a90ecb3a-6a5c-4a41-8c83-4a152c249ce3",
	"1cfd963e-328d-448f-accc-2ea273c7f286");
INSERT INTO SM_AH
	VALUES ("877c1e38-4faa-45ac-b2f4-b29701e037b9",
	"a90ecb3a-6a5c-4a41-8c83-4a152c249ce3");
INSERT INTO SM_ACT
	VALUES ("877c1e38-4faa-45ac-b2f4-b29701e037b9",
	"a90ecb3a-6a5c-4a41-8c83-4a152c249ce3",
	1,
	'',
	'',
	0);
INSERT INTO ACT_TAB
	VALUES ("aba23695-9dde-4f93-b516-07f4e4bcfce2",
	"a90ecb3a-6a5c-4a41-8c83-4a152c249ce3",
	"877c1e38-4faa-45ac-b2f4-b29701e037b9");
INSERT INTO ACT_ACT
	VALUES ("aba23695-9dde-4f93-b516-07f4e4bcfce2",
	'transition',
	0,
	"9071c612-ce43-42f6-b790-b8eca911cab5",
	"00000000-0000-0000-0000-000000000000",
	0,
	'TestCase2: finish',
	"00000000-0000-0000-0000-000000000000");
INSERT INTO ACT_BLK
	VALUES ("9071c612-ce43-42f6-b790-b8eca911cab5",
	0,
	0,
	0,
	'',
	'',
	'',
	0,
	0,
	0,
	0,
	0,
	0,
	0,
	0,
	0,
	0,
	0,
	0,
	0,
	"aba23695-9dde-4f93-b516-07f4e4bcfce2",
	"00000000-0000-0000-0000-000000000000");
INSERT INTO SM_TXN
	VALUES ("1cfd963e-328d-448f-accc-2ea273c7f286",
	"a90ecb3a-6a5c-4a41-8c83-4a152c249ce3",
	"c59bf844-50d0-4bb7-8f25-7bfc27260cd2",
	"00000000-0000-0000-0000-000000000000");
INSERT INTO PE_PE
	VALUES ("ba5eda7a-def5-0000-0000-000000000000",
	1,
	"00000000-0000-0000-0000-000000000000",
	"00000000-0000-0000-0000-000000000000",
	3);
INSERT INTO S_DT
	VALUES ("ba5eda7a-def5-0000-0000-000000000000",
	"00000000-0000-0000-0000-000000000000",
	'void',
	'',
	'');
INSERT INTO S_CDT
	VALUES ("ba5eda7a-def5-0000-0000-000000000000",
	0);
INSERT INTO PE_PE
	VALUES ("ba5eda7a-def5-0000-0000-000000000001",
	1,
	"00000000-0000-0000-0000-000000000000",
	"00000000-0000-0000-0000-000000000000",
	3);
INSERT INTO S_DT
	VALUES ("ba5eda7a-def5-0000-0000-000000000001",
	"00000000-0000-0000-0000-000000000000",
	'boolean',
	'',
	'');
INSERT INTO S_CDT
	VALUES ("ba5eda7a-def5-0000-0000-000000000001",
	1);
INSERT INTO PE_PE
	VALUES ("ba5eda7a-def5-0000-0000-000000000002",
	1,
	"00000000-0000-0000-0000-000000000000",
	"00000000-0000-0000-0000-000000000000",
	3);
INSERT INTO S_DT
	VALUES ("ba5eda7a-def5-0000-0000-000000000002",
	"00000000-0000-0000-0000-000000000000",
	'integer',
	'',
	'');
INSERT INTO S_CDT
	VALUES ("ba5eda7a-def5-0000-0000-000000000002",
	2);
INSERT INTO PE_PE
	VALUES ("ba5eda7a-def5-0000-0000-000000000003",
	1,
	"00000000-0000-0000-0000-000000000000",
	"00000000-0000-0000-0000-000000000000",
	3);
INSERT INTO S_DT
	VALUES ("ba5eda7a-def5-0000-0000-000000000003",
	"00000000-0000-0000-0000-000000000000",
	'real',
	'',
	'');
INSERT INTO S_CDT
	VALUES ("ba5eda7a-def5-0000-0000-000000000003",
	3);
INSERT INTO PE_PE
	VALUES ("ba5eda7a-def5-0000-0000-000000000004",
	1,
	"00000000-0000-0000-0000-000000000000",
	"00000000-0000-0000-0000-000000000000",
	3);
INSERT INTO S_DT
	VALUES ("ba5eda7a-def5-0000-0000-000000000004",
	"00000000-0000-0000-0000-000000000000",
	'string',
	'',
	'');
INSERT INTO S_CDT
	VALUES ("ba5eda7a-def5-0000-0000-000000000004",
	4);
INSERT INTO PE_PE
	VALUES ("ba5eda7a-def5-0000-0000-000000000005",
	1,
	"00000000-0000-0000-0000-000000000000",
	"00000000-0000-0000-0000-000000000000",
	3);
INSERT INTO S_DT
	VALUES ("ba5eda7a-def5-0000-0000-000000000005",
	"00000000-0000-0000-0000-000000000000",
	'unique_id',
	'',
	'');
INSERT INTO S_CDT
	VALUES ("ba5eda7a-def5-0000-0000-000000000005",
	5);
INSERT INTO PE_PE
	VALUES ("ba5eda7a-def5-0000-0000-000000000006",
	1,
	"00000000-0000-0000-0000-000000000000",
	"00000000-0000-0000-0000-000000000000",
	3);
INSERT INTO S_DT
	VALUES ("ba5eda7a-def5-0000-0000-000000000006",
	"00000000-0000-0000-0000-000000000000",
	'state<State_Model>',
	'',
	'');
INSERT INTO S_CDT
	VALUES ("ba5eda7a-def5-0000-0000-000000000006",
	6);
INSERT INTO PE_PE
	VALUES ("ba5eda7a-def5-0000-0000-000000000007",
	1,
	"00000000-0000-0000-0000-000000000000",
	"00000000-0000-0000-0000-000000000000",
	3);
INSERT INTO S_DT
	VALUES ("ba5eda7a-def5-0000-0000-000000000007",
	"00000000-0000-0000-0000-000000000000",
	'same_as<Base_Attribute>',
	'',
	'');
INSERT INTO S_CDT
	VALUES ("ba5eda7a-def5-0000-0000-000000000007",
	7);
INSERT INTO PE_PE
	VALUES ("ba5eda7a-def5-0000-0000-000000000008",
	1,
	"00000000-0000-0000-0000-000000000000",
	"00000000-0000-0000-0000-000000000000",
	3);
INSERT INTO S_DT
	VALUES ("ba5eda7a-def5-0000-0000-000000000008",
	"00000000-0000-0000-0000-000000000000",
	'inst_ref<Object>',
	'',
	'');
INSERT INTO S_CDT
	VALUES ("ba5eda7a-def5-0000-0000-000000000008",
	8);
INSERT INTO PE_PE
	VALUES ("ba5eda7a-def5-0000-0000-000000000009",
	1,
	"00000000-0000-0000-0000-000000000000",
	"00000000-0000-0000-0000-000000000000",
	3);
INSERT INTO S_DT
	VALUES ("ba5eda7a-def5-0000-0000-000000000009",
	"00000000-0000-0000-0000-000000000000",
	'inst_ref_set<Object>',
	'',
	'');
INSERT INTO S_CDT
	VALUES ("ba5eda7a-def5-0000-0000-000000000009",
	9);
INSERT INTO PE_PE
	VALUES ("ba5eda7a-def5-0000-0000-00000000000a",
	1,
	"00000000-0000-0000-0000-000000000000",
	"00000000-0000-0000-0000-000000000000",
	3);
INSERT INTO S_DT
	VALUES ("ba5eda7a-def5-0000-0000-00000000000a",
	"00000000-0000-0000-0000-000000000000",
	'inst<Event>',
	'',
	'');
INSERT INTO S_CDT
	VALUES ("ba5eda7a-def5-0000-0000-00000000000a",
	10);
INSERT INTO PE_PE
	VALUES ("ba5eda7a-def5-0000-0000-00000000000b",
	1,
	"00000000-0000-0000-0000-000000000000",
	"00000000-0000-0000-0000-000000000000",
	3);
INSERT INTO S_DT
	VALUES ("ba5eda7a-def5-0000-0000-00000000000b",
	"00000000-0000-0000-0000-000000000000",
	'inst<Mapping>',
	'',
	'');
INSERT INTO S_CDT
	VALUES ("ba5eda7a-def5-0000-0000-00000000000b",
	11);
INSERT INTO PE_PE
	VALUES ("ba5eda7a-def5-0000-0000-00000000000c",
	1,
	"00000000-0000-0000-0000-000000000000",
	"00000000-0000-0000-0000-000000000000",
	3);
INSERT INTO S_DT
	VALUES ("ba5eda7a-def5-0000-0000-00000000000c",
	"00000000-0000-0000-0000-000000000000",
	'inst_ref<Mapping>',
	'',
	'');
INSERT INTO S_CDT
	VALUES ("ba5eda7a-def5-0000-0000-00000000000c",
	12);
INSERT INTO PE_PE
	VALUES ("ba5eda7a-def5-0000-0000-00000000000d",
	1,
	"00000000-0000-0000-0000-000000000000",
	"00000000-0000-0000-0000-000000000000",
	3);
INSERT INTO S_DT
	VALUES ("ba5eda7a-def5-0000-0000-00000000000d",
	"00000000-0000-0000-0000-000000000000",
	'component_ref',
	'',
	'');
INSERT INTO S_CDT
	VALUES ("ba5eda7a-def5-0000-0000-00000000000d",
	13);
INSERT INTO PE_PE
	VALUES ("ba5eda7a-def5-0000-0000-00000000000e",
	1,
	"00000000-0000-0000-0000-000000000000",
	"00000000-0000-0000-0000-000000000000",
	3);
INSERT INTO S_DT
	VALUES ("ba5eda7a-def5-0000-0000-00000000000e",
	"00000000-0000-0000-0000-000000000000",
	'date',
	'',
	'');
INSERT INTO S_UDT
	VALUES ("ba5eda7a-def5-0000-0000-00000000000e",
	"ba5eda7a-def5-0000-0000-00000000000b",
	1,
	'');
INSERT INTO PE_PE
	VALUES ("ba5eda7a-def5-0000-0000-00000000000f",
	1,
	"00000000-0000-0000-0000-000000000000",
	"00000000-0000-0000-0000-000000000000",
	3);
INSERT INTO S_DT
	VALUES ("ba5eda7a-def5-0000-0000-00000000000f",
	"00000000-0000-0000-0000-000000000000",
	'inst_ref<Timer>',
	'',
	'');
INSERT INTO S_UDT
	VALUES ("ba5eda7a-def5-0000-0000-00000000000f",
	"ba5eda7a-def5-0000-0000-00000000000c",
	3,
	'');
INSERT INTO PE_PE
	VALUES ("ba5eda7a-def5-0000-0000-000000000010",
	1,
	"00000000-0000-0000-0000-000000000000",
	"00000000-0000-0000-0000-000000000000",
	3);
INSERT INTO S_DT
	VALUES ("ba5eda7a-def5-0000-0000-000000000010",
	"00000000-0000-0000-0000-000000000000",
	'timestamp',
	'',
	'');
INSERT INTO S_UDT
	VALUES ("ba5eda7a-def5-0000-0000-000000000010",
	"ba5eda7a-def5-0000-0000-000000000002",
	2,
	'');
