-- root-types-contained: SystemModel_c,PackageableElement_c,DataType_c,CoreDataType_c,UserDataType_c
-- BP 7.1 content: StreamData syschar: 3 persistence-version: 7.1.6

INSERT INTO S_SYS
	VALUES ("3fb1e19e-15ec-4cf6-b9cd-c12bb3584d02",
	'TypeUnit',
	1);
INSERT INTO EP_PKG
	VALUES ("df3fa32d-4822-41c2-9f7d-ad001f8f7492",
	"3fb1e19e-15ec-4cf6-b9cd-c12bb3584d02",
	"3fb1e19e-15ec-4cf6-b9cd-c12bb3584d02",
	'Comp',
	'',
	0);
INSERT INTO PE_PE
	VALUES ("80f37f31-181e-47de-8187-9c0847723075",
	1,
	"df3fa32d-4822-41c2-9f7d-ad001f8f7492",
	"00000000-0000-0000-0000-000000000000",
	2);
INSERT INTO C_C
	VALUES ("80f37f31-181e-47de-8187-9c0847723075",
	"00000000-0000-0000-0000-000000000000",
	"00000000-0000-0000-0000-000000000000",
	'Component',
	'',
	0,
	"00000000-0000-0000-0000-000000000000",
	0,
	'',
	'');
INSERT INTO PE_PE
	VALUES ("78ec567f-1c2c-4c76-a0d8-279bfcd6f228",
	1,
	"00000000-0000-0000-0000-000000000000",
	"80f37f31-181e-47de-8187-9c0847723075",
	7);
INSERT INTO EP_PKG
	VALUES ("78ec567f-1c2c-4c76-a0d8-279bfcd6f228",
	"00000000-0000-0000-0000-000000000000",
	"3fb1e19e-15ec-4cf6-b9cd-c12bb3584d02",
	'TypeUnit',
	'',
	0);
INSERT INTO PE_PE
	VALUES ("eb13984d-bc2a-446d-9fc1-6c735620090d",
	1,
	"78ec567f-1c2c-4c76-a0d8-279bfcd6f228",
	"00000000-0000-0000-0000-000000000000",
	4);
INSERT INTO O_OBJ
	VALUES ("eb13984d-bc2a-446d-9fc1-6c735620090d",
	'WasRun',
	1,
	'WasRun',
	'',
	"00000000-0000-0000-0000-000000000000");
INSERT INTO O_TFR
	VALUES ("c6e2f158-db49-4246-ab09-8de4fb4b1e47",
	"eb13984d-bc2a-446d-9fc1-6c735620090d",
	'run',
	'',
	"ba5eda7a-def5-0000-0000-000000000000",
	1,
	'select any wr from WasRun;
generate WasRun2:run() to wr;
if (self.name == "testMethod") then
	self.testMethod();
elif (self.name == "testBrokenMethod") then
	self.testBrokenMethod();
end if;',
	1,
	'',
	"00000000-0000-0000-0000-000000000000",
	0,
	1);
INSERT INTO O_TFR
	VALUES ("84e1ac75-fa7b-4fa3-bca7-436972c5f0ec",
	"eb13984d-bc2a-446d-9fc1-6c735620090d",
	'setUp',
	'',
	"ba5eda7a-def5-0000-0000-000000000000",
	1,
	'self.log = "setUp ";',
	1,
	'',
	"c6e2f158-db49-4246-ab09-8de4fb4b1e47",
	0,
	3);
INSERT INTO O_TFR
	VALUES ("5b926d75-4421-418b-913a-c7099af33fa3",
	"eb13984d-bc2a-446d-9fc1-6c735620090d",
	'testMethod',
	'',
	"ba5eda7a-def5-0000-0000-000000000000",
	1,
	'self.log = self.log + "testMethod ";',
	1,
	'',
	"84e1ac75-fa7b-4fa3-bca7-436972c5f0ec",
	0,
	4);
INSERT INTO O_TFR
	VALUES ("d62667e0-241f-4936-b768-efe195fab7c5",
	"eb13984d-bc2a-446d-9fc1-6c735620090d",
	'tearDown',
	'',
	"ba5eda7a-def5-0000-0000-000000000000",
	1,
	'self.log = self.log + "tearDown ";',
	1,
	'',
	"5b926d75-4421-418b-913a-c7099af33fa3",
	0,
	5);
INSERT INTO O_NBATTR
	VALUES ("6dcf4b7c-8e8f-402e-ab41-b368eb083510",
	"eb13984d-bc2a-446d-9fc1-6c735620090d");
INSERT INTO O_BATTR
	VALUES ("6dcf4b7c-8e8f-402e-ab41-b368eb083510",
	"eb13984d-bc2a-446d-9fc1-6c735620090d");
INSERT INTO O_ATTR
	VALUES ("6dcf4b7c-8e8f-402e-ab41-b368eb083510",
	"eb13984d-bc2a-446d-9fc1-6c735620090d",
	"00000000-0000-0000-0000-000000000000",
	'wasRun',
	'',
	'',
	'wasRun',
	0,
	"ba5eda7a-def5-0000-0000-000000000001",
	'',
	'');
INSERT INTO O_NBATTR
	VALUES ("2035c17c-9bb3-4af8-92bf-8c6ebc844299",
	"eb13984d-bc2a-446d-9fc1-6c735620090d");
INSERT INTO O_BATTR
	VALUES ("2035c17c-9bb3-4af8-92bf-8c6ebc844299",
	"eb13984d-bc2a-446d-9fc1-6c735620090d");
INSERT INTO O_ATTR
	VALUES ("2035c17c-9bb3-4af8-92bf-8c6ebc844299",
	"eb13984d-bc2a-446d-9fc1-6c735620090d",
	"6dcf4b7c-8e8f-402e-ab41-b368eb083510",
	'name',
	'',
	'',
	'name',
	0,
	"ba5eda7a-def5-0000-0000-000000000004",
	'',
	'');
INSERT INTO O_NBATTR
	VALUES ("b634fdb5-409c-4342-ad0a-9cb09f227d44",
	"eb13984d-bc2a-446d-9fc1-6c735620090d");
INSERT INTO O_BATTR
	VALUES ("b634fdb5-409c-4342-ad0a-9cb09f227d44",
	"eb13984d-bc2a-446d-9fc1-6c735620090d");
INSERT INTO O_ATTR
	VALUES ("b634fdb5-409c-4342-ad0a-9cb09f227d44",
	"eb13984d-bc2a-446d-9fc1-6c735620090d",
	"2035c17c-9bb3-4af8-92bf-8c6ebc844299",
	'current_state',
	'',
	'',
	'current_state',
	0,
	"ba5eda7a-def5-0000-0000-000000000006",
	'',
	'');
INSERT INTO O_NBATTR
	VALUES ("c659d5ed-6c9a-47a9-a93d-8aa2343fad21",
	"eb13984d-bc2a-446d-9fc1-6c735620090d");
INSERT INTO O_BATTR
	VALUES ("c659d5ed-6c9a-47a9-a93d-8aa2343fad21",
	"eb13984d-bc2a-446d-9fc1-6c735620090d");
INSERT INTO O_ATTR
	VALUES ("c659d5ed-6c9a-47a9-a93d-8aa2343fad21",
	"eb13984d-bc2a-446d-9fc1-6c735620090d",
	"b634fdb5-409c-4342-ad0a-9cb09f227d44",
	'wasSetUp',
	'',
	'',
	'wasSetUp',
	0,
	"ba5eda7a-def5-0000-0000-000000000001",
	'',
	'');
INSERT INTO O_NBATTR
	VALUES ("09d1280d-c977-430c-b928-21b348d5dff0",
	"eb13984d-bc2a-446d-9fc1-6c735620090d");
INSERT INTO O_BATTR
	VALUES ("09d1280d-c977-430c-b928-21b348d5dff0",
	"eb13984d-bc2a-446d-9fc1-6c735620090d");
INSERT INTO O_ATTR
	VALUES ("09d1280d-c977-430c-b928-21b348d5dff0",
	"eb13984d-bc2a-446d-9fc1-6c735620090d",
	"c659d5ed-6c9a-47a9-a93d-8aa2343fad21",
	'log',
	'',
	'',
	'log',
	0,
	"ba5eda7a-def5-0000-0000-000000000004",
	'',
	'');
INSERT INTO O_ID
	VALUES (0,
	"eb13984d-bc2a-446d-9fc1-6c735620090d");
INSERT INTO O_ID
	VALUES (1,
	"eb13984d-bc2a-446d-9fc1-6c735620090d");
INSERT INTO O_ID
	VALUES (2,
	"eb13984d-bc2a-446d-9fc1-6c735620090d");
INSERT INTO SM_ISM
	VALUES ("06278cef-dd12-42f1-8f9f-f04b0371754f",
	"eb13984d-bc2a-446d-9fc1-6c735620090d");
INSERT INTO SM_SM
	VALUES ("06278cef-dd12-42f1-8f9f-f04b0371754f",
	'',
	0);
INSERT INTO SM_MOORE
	VALUES ("06278cef-dd12-42f1-8f9f-f04b0371754f");
INSERT INTO SM_LEVT
	VALUES ("9c5b5753-071d-4c6a-a894-8466a8ba651f",
	"06278cef-dd12-42f1-8f9f-f04b0371754f",
	"00000000-0000-0000-0000-000000000000");
INSERT INTO SM_SEVT
	VALUES ("9c5b5753-071d-4c6a-a894-8466a8ba651f",
	"06278cef-dd12-42f1-8f9f-f04b0371754f",
	"00000000-0000-0000-0000-000000000000");
INSERT INTO SM_EVT
	VALUES ("9c5b5753-071d-4c6a-a894-8466a8ba651f",
	"06278cef-dd12-42f1-8f9f-f04b0371754f",
	"00000000-0000-0000-0000-000000000000",
	1,
	'callConstructor',
	0,
	'',
	'WasRun1',
	'');
INSERT INTO SM_LEVT
	VALUES ("5b25a586-de1e-4786-99c8-3edd30a443a1",
	"06278cef-dd12-42f1-8f9f-f04b0371754f",
	"00000000-0000-0000-0000-000000000000");
INSERT INTO SM_SEVT
	VALUES ("5b25a586-de1e-4786-99c8-3edd30a443a1",
	"06278cef-dd12-42f1-8f9f-f04b0371754f",
	"00000000-0000-0000-0000-000000000000");
INSERT INTO SM_EVT
	VALUES ("5b25a586-de1e-4786-99c8-3edd30a443a1",
	"06278cef-dd12-42f1-8f9f-f04b0371754f",
	"00000000-0000-0000-0000-000000000000",
	2,
	'run',
	0,
	'',
	'WasRun2',
	'');
INSERT INTO SM_LEVT
	VALUES ("6ada8978-a512-468b-8c67-cd9105b1c64f",
	"06278cef-dd12-42f1-8f9f-f04b0371754f",
	"00000000-0000-0000-0000-000000000000");
INSERT INTO SM_SEVT
	VALUES ("6ada8978-a512-468b-8c67-cd9105b1c64f",
	"06278cef-dd12-42f1-8f9f-f04b0371754f",
	"00000000-0000-0000-0000-000000000000");
INSERT INTO SM_EVT
	VALUES ("6ada8978-a512-468b-8c67-cd9105b1c64f",
	"06278cef-dd12-42f1-8f9f-f04b0371754f",
	"00000000-0000-0000-0000-000000000000",
	3,
	'fail',
	0,
	'',
	'WasRun3',
	'');
INSERT INTO SM_LEVT
	VALUES ("c9be63f6-ee71-47b5-9d49-9ec9492292d0",
	"06278cef-dd12-42f1-8f9f-f04b0371754f",
	"00000000-0000-0000-0000-000000000000");
INSERT INTO SM_SEVT
	VALUES ("c9be63f6-ee71-47b5-9d49-9ec9492292d0",
	"06278cef-dd12-42f1-8f9f-f04b0371754f",
	"00000000-0000-0000-0000-000000000000");
INSERT INTO SM_EVT
	VALUES ("c9be63f6-ee71-47b5-9d49-9ec9492292d0",
	"06278cef-dd12-42f1-8f9f-f04b0371754f",
	"00000000-0000-0000-0000-000000000000",
	4,
	'pass',
	0,
	'',
	'WasRun4',
	'');
INSERT INTO SM_STATE
	VALUES ("c6a7f29a-3d39-4ddf-a39d-43b3c21719ea",
	"06278cef-dd12-42f1-8f9f-f04b0371754f",
	"00000000-0000-0000-0000-000000000000",
	'NotRun',
	1,
	0);
INSERT INTO SM_CH
	VALUES ("c6a7f29a-3d39-4ddf-a39d-43b3c21719ea",
	"9c5b5753-071d-4c6a-a894-8466a8ba651f",
	"06278cef-dd12-42f1-8f9f-f04b0371754f",
	"00000000-0000-0000-0000-000000000000",
	'');
INSERT INTO SM_SEME
	VALUES ("c6a7f29a-3d39-4ddf-a39d-43b3c21719ea",
	"9c5b5753-071d-4c6a-a894-8466a8ba651f",
	"06278cef-dd12-42f1-8f9f-f04b0371754f",
	"00000000-0000-0000-0000-000000000000");
INSERT INTO SM_SEME
	VALUES ("c6a7f29a-3d39-4ddf-a39d-43b3c21719ea",
	"5b25a586-de1e-4786-99c8-3edd30a443a1",
	"06278cef-dd12-42f1-8f9f-f04b0371754f",
	"00000000-0000-0000-0000-000000000000");
INSERT INTO SM_CH
	VALUES ("c6a7f29a-3d39-4ddf-a39d-43b3c21719ea",
	"6ada8978-a512-468b-8c67-cd9105b1c64f",
	"06278cef-dd12-42f1-8f9f-f04b0371754f",
	"00000000-0000-0000-0000-000000000000",
	'');
INSERT INTO SM_SEME
	VALUES ("c6a7f29a-3d39-4ddf-a39d-43b3c21719ea",
	"6ada8978-a512-468b-8c67-cd9105b1c64f",
	"06278cef-dd12-42f1-8f9f-f04b0371754f",
	"00000000-0000-0000-0000-000000000000");
INSERT INTO SM_CH
	VALUES ("c6a7f29a-3d39-4ddf-a39d-43b3c21719ea",
	"c9be63f6-ee71-47b5-9d49-9ec9492292d0",
	"06278cef-dd12-42f1-8f9f-f04b0371754f",
	"00000000-0000-0000-0000-000000000000",
	'');
INSERT INTO SM_SEME
	VALUES ("c6a7f29a-3d39-4ddf-a39d-43b3c21719ea",
	"c9be63f6-ee71-47b5-9d49-9ec9492292d0",
	"06278cef-dd12-42f1-8f9f-f04b0371754f",
	"00000000-0000-0000-0000-000000000000");
INSERT INTO SM_MOAH
	VALUES ("d5db8ef4-508c-4cb3-9b6b-090aac92a237",
	"06278cef-dd12-42f1-8f9f-f04b0371754f",
	"c6a7f29a-3d39-4ddf-a39d-43b3c21719ea");
INSERT INTO SM_AH
	VALUES ("d5db8ef4-508c-4cb3-9b6b-090aac92a237",
	"06278cef-dd12-42f1-8f9f-f04b0371754f");
INSERT INTO SM_ACT
	VALUES ("d5db8ef4-508c-4cb3-9b6b-090aac92a237",
	"06278cef-dd12-42f1-8f9f-f04b0371754f",
	1,
	'',
	'',
	0);
INSERT INTO SM_STATE
	VALUES ("d24df9e0-3253-4f70-b23e-7e64b87110f3",
	"06278cef-dd12-42f1-8f9f-f04b0371754f",
	"00000000-0000-0000-0000-000000000000",
	'Running',
	2,
	0);
INSERT INTO SM_CH
	VALUES ("d24df9e0-3253-4f70-b23e-7e64b87110f3",
	"9c5b5753-071d-4c6a-a894-8466a8ba651f",
	"06278cef-dd12-42f1-8f9f-f04b0371754f",
	"00000000-0000-0000-0000-000000000000",
	'');
INSERT INTO SM_SEME
	VALUES ("d24df9e0-3253-4f70-b23e-7e64b87110f3",
	"9c5b5753-071d-4c6a-a894-8466a8ba651f",
	"06278cef-dd12-42f1-8f9f-f04b0371754f",
	"00000000-0000-0000-0000-000000000000");
INSERT INTO SM_CH
	VALUES ("d24df9e0-3253-4f70-b23e-7e64b87110f3",
	"5b25a586-de1e-4786-99c8-3edd30a443a1",
	"06278cef-dd12-42f1-8f9f-f04b0371754f",
	"00000000-0000-0000-0000-000000000000",
	'');
INSERT INTO SM_SEME
	VALUES ("d24df9e0-3253-4f70-b23e-7e64b87110f3",
	"5b25a586-de1e-4786-99c8-3edd30a443a1",
	"06278cef-dd12-42f1-8f9f-f04b0371754f",
	"00000000-0000-0000-0000-000000000000");
INSERT INTO SM_SEME
	VALUES ("d24df9e0-3253-4f70-b23e-7e64b87110f3",
	"6ada8978-a512-468b-8c67-cd9105b1c64f",
	"06278cef-dd12-42f1-8f9f-f04b0371754f",
	"00000000-0000-0000-0000-000000000000");
INSERT INTO SM_SEME
	VALUES ("d24df9e0-3253-4f70-b23e-7e64b87110f3",
	"c9be63f6-ee71-47b5-9d49-9ec9492292d0",
	"06278cef-dd12-42f1-8f9f-f04b0371754f",
	"00000000-0000-0000-0000-000000000000");
INSERT INTO SM_MOAH
	VALUES ("05d5d0fe-017e-4d9f-ae71-f5be629e0403",
	"06278cef-dd12-42f1-8f9f-f04b0371754f",
	"d24df9e0-3253-4f70-b23e-7e64b87110f3");
INSERT INTO SM_AH
	VALUES ("05d5d0fe-017e-4d9f-ae71-f5be629e0403",
	"06278cef-dd12-42f1-8f9f-f04b0371754f");
INSERT INTO SM_ACT
	VALUES ("05d5d0fe-017e-4d9f-ae71-f5be629e0403",
	"06278cef-dd12-42f1-8f9f-f04b0371754f",
	1,
	'',
	'',
	0);
INSERT INTO SM_STATE
	VALUES ("55347d69-bf99-418b-92b0-f8f508ea193c",
	"06278cef-dd12-42f1-8f9f-f04b0371754f",
	"00000000-0000-0000-0000-000000000000",
	'Passed',
	3,
	1);
INSERT INTO SM_CH
	VALUES ("55347d69-bf99-418b-92b0-f8f508ea193c",
	"9c5b5753-071d-4c6a-a894-8466a8ba651f",
	"06278cef-dd12-42f1-8f9f-f04b0371754f",
	"00000000-0000-0000-0000-000000000000",
	'');
INSERT INTO SM_SEME
	VALUES ("55347d69-bf99-418b-92b0-f8f508ea193c",
	"9c5b5753-071d-4c6a-a894-8466a8ba651f",
	"06278cef-dd12-42f1-8f9f-f04b0371754f",
	"00000000-0000-0000-0000-000000000000");
INSERT INTO SM_CH
	VALUES ("55347d69-bf99-418b-92b0-f8f508ea193c",
	"5b25a586-de1e-4786-99c8-3edd30a443a1",
	"06278cef-dd12-42f1-8f9f-f04b0371754f",
	"00000000-0000-0000-0000-000000000000",
	'');
INSERT INTO SM_SEME
	VALUES ("55347d69-bf99-418b-92b0-f8f508ea193c",
	"5b25a586-de1e-4786-99c8-3edd30a443a1",
	"06278cef-dd12-42f1-8f9f-f04b0371754f",
	"00000000-0000-0000-0000-000000000000");
INSERT INTO SM_CH
	VALUES ("55347d69-bf99-418b-92b0-f8f508ea193c",
	"6ada8978-a512-468b-8c67-cd9105b1c64f",
	"06278cef-dd12-42f1-8f9f-f04b0371754f",
	"00000000-0000-0000-0000-000000000000",
	'');
INSERT INTO SM_SEME
	VALUES ("55347d69-bf99-418b-92b0-f8f508ea193c",
	"6ada8978-a512-468b-8c67-cd9105b1c64f",
	"06278cef-dd12-42f1-8f9f-f04b0371754f",
	"00000000-0000-0000-0000-000000000000");
INSERT INTO SM_CH
	VALUES ("55347d69-bf99-418b-92b0-f8f508ea193c",
	"c9be63f6-ee71-47b5-9d49-9ec9492292d0",
	"06278cef-dd12-42f1-8f9f-f04b0371754f",
	"00000000-0000-0000-0000-000000000000",
	'');
INSERT INTO SM_SEME
	VALUES ("55347d69-bf99-418b-92b0-f8f508ea193c",
	"c9be63f6-ee71-47b5-9d49-9ec9492292d0",
	"06278cef-dd12-42f1-8f9f-f04b0371754f",
	"00000000-0000-0000-0000-000000000000");
INSERT INTO SM_MOAH
	VALUES ("dc11118d-090a-4475-a909-cc5f244166ed",
	"06278cef-dd12-42f1-8f9f-f04b0371754f",
	"55347d69-bf99-418b-92b0-f8f508ea193c");
INSERT INTO SM_AH
	VALUES ("dc11118d-090a-4475-a909-cc5f244166ed",
	"06278cef-dd12-42f1-8f9f-f04b0371754f");
INSERT INTO SM_ACT
	VALUES ("dc11118d-090a-4475-a909-cc5f244166ed",
	"06278cef-dd12-42f1-8f9f-f04b0371754f",
	1,
	'',
	'',
	0);
INSERT INTO SM_STATE
	VALUES ("6418b075-abfe-425c-9fdc-441daab971ec",
	"06278cef-dd12-42f1-8f9f-f04b0371754f",
	"00000000-0000-0000-0000-000000000000",
	'Failed',
	4,
	1);
INSERT INTO SM_CH
	VALUES ("6418b075-abfe-425c-9fdc-441daab971ec",
	"9c5b5753-071d-4c6a-a894-8466a8ba651f",
	"06278cef-dd12-42f1-8f9f-f04b0371754f",
	"00000000-0000-0000-0000-000000000000",
	'');
INSERT INTO SM_SEME
	VALUES ("6418b075-abfe-425c-9fdc-441daab971ec",
	"9c5b5753-071d-4c6a-a894-8466a8ba651f",
	"06278cef-dd12-42f1-8f9f-f04b0371754f",
	"00000000-0000-0000-0000-000000000000");
INSERT INTO SM_CH
	VALUES ("6418b075-abfe-425c-9fdc-441daab971ec",
	"5b25a586-de1e-4786-99c8-3edd30a443a1",
	"06278cef-dd12-42f1-8f9f-f04b0371754f",
	"00000000-0000-0000-0000-000000000000",
	'');
INSERT INTO SM_SEME
	VALUES ("6418b075-abfe-425c-9fdc-441daab971ec",
	"5b25a586-de1e-4786-99c8-3edd30a443a1",
	"06278cef-dd12-42f1-8f9f-f04b0371754f",
	"00000000-0000-0000-0000-000000000000");
INSERT INTO SM_CH
	VALUES ("6418b075-abfe-425c-9fdc-441daab971ec",
	"6ada8978-a512-468b-8c67-cd9105b1c64f",
	"06278cef-dd12-42f1-8f9f-f04b0371754f",
	"00000000-0000-0000-0000-000000000000",
	'');
INSERT INTO SM_SEME
	VALUES ("6418b075-abfe-425c-9fdc-441daab971ec",
	"6ada8978-a512-468b-8c67-cd9105b1c64f",
	"06278cef-dd12-42f1-8f9f-f04b0371754f",
	"00000000-0000-0000-0000-000000000000");
INSERT INTO SM_CH
	VALUES ("6418b075-abfe-425c-9fdc-441daab971ec",
	"c9be63f6-ee71-47b5-9d49-9ec9492292d0",
	"06278cef-dd12-42f1-8f9f-f04b0371754f",
	"00000000-0000-0000-0000-000000000000",
	'');
INSERT INTO SM_SEME
	VALUES ("6418b075-abfe-425c-9fdc-441daab971ec",
	"c9be63f6-ee71-47b5-9d49-9ec9492292d0",
	"06278cef-dd12-42f1-8f9f-f04b0371754f",
	"00000000-0000-0000-0000-000000000000");
INSERT INTO SM_MOAH
	VALUES ("31d47f39-9ded-4839-9852-871bcb846600",
	"06278cef-dd12-42f1-8f9f-f04b0371754f",
	"6418b075-abfe-425c-9fdc-441daab971ec");
INSERT INTO SM_AH
	VALUES ("31d47f39-9ded-4839-9852-871bcb846600",
	"06278cef-dd12-42f1-8f9f-f04b0371754f");
INSERT INTO SM_ACT
	VALUES ("31d47f39-9ded-4839-9852-871bcb846600",
	"06278cef-dd12-42f1-8f9f-f04b0371754f",
	1,
	'',
	'',
	0);
INSERT INTO SM_CRTXN
	VALUES ("bf9e0927-e28e-4fcf-8f45-1e35a3fa62ac",
	"06278cef-dd12-42f1-8f9f-f04b0371754f",
	"9c5b5753-071d-4c6a-a894-8466a8ba651f",
	"00000000-0000-0000-0000-000000000000");
INSERT INTO SM_TAH
	VALUES ("7bfa43ad-6054-42a9-83f6-564a06a2a947",
	"06278cef-dd12-42f1-8f9f-f04b0371754f",
	"bf9e0927-e28e-4fcf-8f45-1e35a3fa62ac");
INSERT INTO SM_AH
	VALUES ("7bfa43ad-6054-42a9-83f6-564a06a2a947",
	"06278cef-dd12-42f1-8f9f-f04b0371754f");
INSERT INTO SM_ACT
	VALUES ("7bfa43ad-6054-42a9-83f6-564a06a2a947",
	"06278cef-dd12-42f1-8f9f-f04b0371754f",
	1,
	'',
	'',
	0);
INSERT INTO SM_TXN
	VALUES ("bf9e0927-e28e-4fcf-8f45-1e35a3fa62ac",
	"06278cef-dd12-42f1-8f9f-f04b0371754f",
	"c6a7f29a-3d39-4ddf-a39d-43b3c21719ea",
	"00000000-0000-0000-0000-000000000000");
INSERT INTO SM_NSTXN
	VALUES ("f4352c9f-3e2f-4f67-8b45-39909c743fbe",
	"06278cef-dd12-42f1-8f9f-f04b0371754f",
	"c6a7f29a-3d39-4ddf-a39d-43b3c21719ea",
	"5b25a586-de1e-4786-99c8-3edd30a443a1",
	"00000000-0000-0000-0000-000000000000");
INSERT INTO SM_TAH
	VALUES ("e4180da1-0a15-4afa-90b8-dc98d70ca620",
	"06278cef-dd12-42f1-8f9f-f04b0371754f",
	"f4352c9f-3e2f-4f67-8b45-39909c743fbe");
INSERT INTO SM_AH
	VALUES ("e4180da1-0a15-4afa-90b8-dc98d70ca620",
	"06278cef-dd12-42f1-8f9f-f04b0371754f");
INSERT INTO SM_ACT
	VALUES ("e4180da1-0a15-4afa-90b8-dc98d70ca620",
	"06278cef-dd12-42f1-8f9f-f04b0371754f",
	1,
	'',
	'',
	0);
INSERT INTO SM_TXN
	VALUES ("f4352c9f-3e2f-4f67-8b45-39909c743fbe",
	"06278cef-dd12-42f1-8f9f-f04b0371754f",
	"d24df9e0-3253-4f70-b23e-7e64b87110f3",
	"00000000-0000-0000-0000-000000000000");
INSERT INTO SM_NSTXN
	VALUES ("087bc6b0-1fe2-4b87-9030-066ee43ff317",
	"06278cef-dd12-42f1-8f9f-f04b0371754f",
	"d24df9e0-3253-4f70-b23e-7e64b87110f3",
	"c9be63f6-ee71-47b5-9d49-9ec9492292d0",
	"00000000-0000-0000-0000-000000000000");
INSERT INTO SM_TAH
	VALUES ("c45bdf67-2cc5-420c-9068-00dd74d48000",
	"06278cef-dd12-42f1-8f9f-f04b0371754f",
	"087bc6b0-1fe2-4b87-9030-066ee43ff317");
INSERT INTO SM_AH
	VALUES ("c45bdf67-2cc5-420c-9068-00dd74d48000",
	"06278cef-dd12-42f1-8f9f-f04b0371754f");
INSERT INTO SM_ACT
	VALUES ("c45bdf67-2cc5-420c-9068-00dd74d48000",
	"06278cef-dd12-42f1-8f9f-f04b0371754f",
	1,
	'',
	'',
	0);
INSERT INTO SM_TXN
	VALUES ("087bc6b0-1fe2-4b87-9030-066ee43ff317",
	"06278cef-dd12-42f1-8f9f-f04b0371754f",
	"55347d69-bf99-418b-92b0-f8f508ea193c",
	"00000000-0000-0000-0000-000000000000");
INSERT INTO SM_NSTXN
	VALUES ("02d7a046-2449-4be0-a10b-b193d21e63f7",
	"06278cef-dd12-42f1-8f9f-f04b0371754f",
	"d24df9e0-3253-4f70-b23e-7e64b87110f3",
	"6ada8978-a512-468b-8c67-cd9105b1c64f",
	"00000000-0000-0000-0000-000000000000");
INSERT INTO SM_TAH
	VALUES ("63116fbc-566d-47d4-9709-cb24aa61dfac",
	"06278cef-dd12-42f1-8f9f-f04b0371754f",
	"02d7a046-2449-4be0-a10b-b193d21e63f7");
INSERT INTO SM_AH
	VALUES ("63116fbc-566d-47d4-9709-cb24aa61dfac",
	"06278cef-dd12-42f1-8f9f-f04b0371754f");
INSERT INTO SM_ACT
	VALUES ("63116fbc-566d-47d4-9709-cb24aa61dfac",
	"06278cef-dd12-42f1-8f9f-f04b0371754f",
	1,
	'',
	'',
	0);
INSERT INTO SM_TXN
	VALUES ("02d7a046-2449-4be0-a10b-b193d21e63f7",
	"06278cef-dd12-42f1-8f9f-f04b0371754f",
	"6418b075-abfe-425c-9fdc-441daab971ec",
	"00000000-0000-0000-0000-000000000000");
INSERT INTO PE_PE
	VALUES ("e4317c1b-3988-4146-8d53-79c77f94d387",
	1,
	"78ec567f-1c2c-4c76-a0d8-279bfcd6f228",
	"00000000-0000-0000-0000-000000000000",
	2);
INSERT INTO C_C
	VALUES ("e4317c1b-3988-4146-8d53-79c77f94d387",
	"00000000-0000-0000-0000-000000000000",
	"00000000-0000-0000-0000-000000000000",
	'Comp',
	'',
	0,
	"00000000-0000-0000-0000-000000000000",
	0,
	'',
	'');
INSERT INTO PE_PE
	VALUES ("2bccef3c-8682-470d-83b4-757b6050a27b",
	1,
	"78ec567f-1c2c-4c76-a0d8-279bfcd6f228",
	"00000000-0000-0000-0000-000000000000",
	9);
INSERT INTO R_REL
	VALUES ("2bccef3c-8682-470d-83b4-757b6050a27b",
	1,
	'',
	"00000000-0000-0000-0000-000000000000");
INSERT INTO R_SIMP
	VALUES ("2bccef3c-8682-470d-83b4-757b6050a27b");
INSERT INTO R_PART
	VALUES ("eb13984d-bc2a-446d-9fc1-6c735620090d",
	"2bccef3c-8682-470d-83b4-757b6050a27b",
	"2bf5bebc-9eed-442a-a317-010761a596b9",
	0,
	0,
	'specializes_into');
INSERT INTO R_RTO
	VALUES ("eb13984d-bc2a-446d-9fc1-6c735620090d",
	"2bccef3c-8682-470d-83b4-757b6050a27b",
	"2bf5bebc-9eed-442a-a317-010761a596b9",
	-1);
INSERT INTO R_OIR
	VALUES ("eb13984d-bc2a-446d-9fc1-6c735620090d",
	"2bccef3c-8682-470d-83b4-757b6050a27b",
	"2bf5bebc-9eed-442a-a317-010761a596b9",
	"00000000-0000-0000-0000-000000000000");
INSERT INTO R_PART
	VALUES ("c3cea6f2-6706-4c01-bd9f-cfb21428d08d",
	"2bccef3c-8682-470d-83b4-757b6050a27b",
	"62a3b126-06e1-4d9d-a3a8-c98a10ff7289",
	0,
	1,
	'Is_a_type_of');
INSERT INTO R_RTO
	VALUES ("c3cea6f2-6706-4c01-bd9f-cfb21428d08d",
	"2bccef3c-8682-470d-83b4-757b6050a27b",
	"62a3b126-06e1-4d9d-a3a8-c98a10ff7289",
	-1);
INSERT INTO R_OIR
	VALUES ("c3cea6f2-6706-4c01-bd9f-cfb21428d08d",
	"2bccef3c-8682-470d-83b4-757b6050a27b",
	"62a3b126-06e1-4d9d-a3a8-c98a10ff7289",
	"00000000-0000-0000-0000-000000000000");
INSERT INTO PE_PE
	VALUES ("c3cea6f2-6706-4c01-bd9f-cfb21428d08d",
	1,
	"78ec567f-1c2c-4c76-a0d8-279bfcd6f228",
	"00000000-0000-0000-0000-000000000000",
	4);
INSERT INTO O_OBJ
	VALUES ("c3cea6f2-6706-4c01-bd9f-cfb21428d08d",
	'TestCase',
	2,
	'TestCase',
	'',
	"00000000-0000-0000-0000-000000000000");
INSERT INTO O_TFR
	VALUES ("6f93012e-4cc1-407b-9b29-ac41bc60fdab",
	"c3cea6f2-6706-4c01-bd9f-cfb21428d08d",
	'run',
	'',
	"ba5eda7a-def5-0000-0000-000000000000",
	1,
	'result.testStarted();
self.setUp();
if (self.name == "testMethod") then
	self.testMethod();
elif (self.name == "brokenTestMethod") then
	self.brokenTestMethod();
end if;
self.tearDown();',
	1,
	'',
	"00000000-0000-0000-0000-000000000000",
	0,
	1);
INSERT INTO O_TPARM
	VALUES ("2bf216ed-1866-4963-b4ca-7096dcd65f4d",
	"6f93012e-4cc1-407b-9b29-ac41bc60fdab",
	'result',
	"ba5eda7a-def5-0000-0000-00000000000d",
	0,
	'',
	"00000000-0000-0000-0000-000000000000",
	'');
INSERT INTO O_TFR
	VALUES ("13bd687d-bd84-4ad7-b985-79a6b67aecbc",
	"c3cea6f2-6706-4c01-bd9f-cfb21428d08d",
	'setUp',
	'',
	"ba5eda7a-def5-0000-0000-000000000000",
	1,
	'',
	1,
	'',
	"6f93012e-4cc1-407b-9b29-ac41bc60fdab",
	0,
	3);
INSERT INTO O_TFR
	VALUES ("8c80fe5a-6e53-4772-a30e-b2ed3745c5cd",
	"c3cea6f2-6706-4c01-bd9f-cfb21428d08d",
	'tearDown',
	'',
	"ba5eda7a-def5-0000-0000-000000000000",
	1,
	'',
	3,
	'',
	"13bd687d-bd84-4ad7-b985-79a6b67aecbc",
	0,
	4);
INSERT INTO O_NBATTR
	VALUES ("2ec18765-75cb-4f32-a5fc-504e65fe0d04",
	"c3cea6f2-6706-4c01-bd9f-cfb21428d08d");
INSERT INTO O_BATTR
	VALUES ("2ec18765-75cb-4f32-a5fc-504e65fe0d04",
	"c3cea6f2-6706-4c01-bd9f-cfb21428d08d");
INSERT INTO O_ATTR
	VALUES ("2ec18765-75cb-4f32-a5fc-504e65fe0d04",
	"c3cea6f2-6706-4c01-bd9f-cfb21428d08d",
	"00000000-0000-0000-0000-000000000000",
	'name',
	'',
	'',
	'name',
	0,
	"ba5eda7a-def5-0000-0000-000000000004",
	'',
	'');
INSERT INTO O_NBATTR
	VALUES ("1b2d4116-7162-4f1f-a47a-887538c4a7cf",
	"c3cea6f2-6706-4c01-bd9f-cfb21428d08d");
INSERT INTO O_BATTR
	VALUES ("1b2d4116-7162-4f1f-a47a-887538c4a7cf",
	"c3cea6f2-6706-4c01-bd9f-cfb21428d08d");
INSERT INTO O_ATTR
	VALUES ("1b2d4116-7162-4f1f-a47a-887538c4a7cf",
	"c3cea6f2-6706-4c01-bd9f-cfb21428d08d",
	"2ec18765-75cb-4f32-a5fc-504e65fe0d04",
	'current_state',
	'',
	'',
	'current_state',
	0,
	"ba5eda7a-def5-0000-0000-000000000006",
	'',
	'');
INSERT INTO O_ID
	VALUES (0,
	"c3cea6f2-6706-4c01-bd9f-cfb21428d08d");
INSERT INTO O_ID
	VALUES (1,
	"c3cea6f2-6706-4c01-bd9f-cfb21428d08d");
INSERT INTO O_ID
	VALUES (2,
	"c3cea6f2-6706-4c01-bd9f-cfb21428d08d");
INSERT INTO SM_ISM
	VALUES ("a90ecb3a-6a5c-4a41-8c83-4a152c249ce3",
	"c3cea6f2-6706-4c01-bd9f-cfb21428d08d");
INSERT INTO SM_SM
	VALUES ("a90ecb3a-6a5c-4a41-8c83-4a152c249ce3",
	'',
	0);
INSERT INTO SM_MOORE
	VALUES ("a90ecb3a-6a5c-4a41-8c83-4a152c249ce3");
INSERT INTO SM_LEVT
	VALUES ("17d971ad-ec16-4eff-b3be-18d2defc45a0",
	"a90ecb3a-6a5c-4a41-8c83-4a152c249ce3",
	"00000000-0000-0000-0000-000000000000");
INSERT INTO SM_SEVT
	VALUES ("17d971ad-ec16-4eff-b3be-18d2defc45a0",
	"a90ecb3a-6a5c-4a41-8c83-4a152c249ce3",
	"00000000-0000-0000-0000-000000000000");
INSERT INTO SM_EVT
	VALUES ("17d971ad-ec16-4eff-b3be-18d2defc45a0",
	"a90ecb3a-6a5c-4a41-8c83-4a152c249ce3",
	"00000000-0000-0000-0000-000000000000",
	1,
	'execute',
	0,
	'',
	'TestCase1',
	'');
INSERT INTO SM_LEVT
	VALUES ("2fb3726f-2299-4270-93d6-e35d6e5458a6",
	"a90ecb3a-6a5c-4a41-8c83-4a152c249ce3",
	"00000000-0000-0000-0000-000000000000");
INSERT INTO SM_SEVT
	VALUES ("2fb3726f-2299-4270-93d6-e35d6e5458a6",
	"a90ecb3a-6a5c-4a41-8c83-4a152c249ce3",
	"00000000-0000-0000-0000-000000000000");
INSERT INTO SM_EVT
	VALUES ("2fb3726f-2299-4270-93d6-e35d6e5458a6",
	"a90ecb3a-6a5c-4a41-8c83-4a152c249ce3",
	"00000000-0000-0000-0000-000000000000",
	2,
	'finish',
	0,
	'',
	'TestCase2',
	'');
INSERT INTO SM_STATE
	VALUES ("e5302ef8-298e-45e1-a0b2-f572b4ce2d9f",
	"a90ecb3a-6a5c-4a41-8c83-4a152c249ce3",
	"00000000-0000-0000-0000-000000000000",
	'Idle',
	1,
	0);
INSERT INTO SM_SEME
	VALUES ("e5302ef8-298e-45e1-a0b2-f572b4ce2d9f",
	"17d971ad-ec16-4eff-b3be-18d2defc45a0",
	"a90ecb3a-6a5c-4a41-8c83-4a152c249ce3",
	"00000000-0000-0000-0000-000000000000");
INSERT INTO SM_CH
	VALUES ("e5302ef8-298e-45e1-a0b2-f572b4ce2d9f",
	"2fb3726f-2299-4270-93d6-e35d6e5458a6",
	"a90ecb3a-6a5c-4a41-8c83-4a152c249ce3",
	"00000000-0000-0000-0000-000000000000",
	'');
INSERT INTO SM_SEME
	VALUES ("e5302ef8-298e-45e1-a0b2-f572b4ce2d9f",
	"2fb3726f-2299-4270-93d6-e35d6e5458a6",
	"a90ecb3a-6a5c-4a41-8c83-4a152c249ce3",
	"00000000-0000-0000-0000-000000000000");
INSERT INTO SM_MOAH
	VALUES ("abed9325-9cef-4575-a820-5f0e266ad1e7",
	"a90ecb3a-6a5c-4a41-8c83-4a152c249ce3",
	"e5302ef8-298e-45e1-a0b2-f572b4ce2d9f");
INSERT INTO SM_AH
	VALUES ("abed9325-9cef-4575-a820-5f0e266ad1e7",
	"a90ecb3a-6a5c-4a41-8c83-4a152c249ce3");
INSERT INTO SM_ACT
	VALUES ("abed9325-9cef-4575-a820-5f0e266ad1e7",
	"a90ecb3a-6a5c-4a41-8c83-4a152c249ce3",
	1,
	'',
	'',
	0);
INSERT INTO SM_STATE
	VALUES ("32ccfb9a-0074-462a-aad7-e0951d4f6ced",
	"a90ecb3a-6a5c-4a41-8c83-4a152c249ce3",
	"00000000-0000-0000-0000-000000000000",
	'Running',
	2,
	0);
INSERT INTO SM_CH
	VALUES ("32ccfb9a-0074-462a-aad7-e0951d4f6ced",
	"17d971ad-ec16-4eff-b3be-18d2defc45a0",
	"a90ecb3a-6a5c-4a41-8c83-4a152c249ce3",
	"00000000-0000-0000-0000-000000000000",
	'');
INSERT INTO SM_SEME
	VALUES ("32ccfb9a-0074-462a-aad7-e0951d4f6ced",
	"17d971ad-ec16-4eff-b3be-18d2defc45a0",
	"a90ecb3a-6a5c-4a41-8c83-4a152c249ce3",
	"00000000-0000-0000-0000-000000000000");
INSERT INTO SM_SEME
	VALUES ("32ccfb9a-0074-462a-aad7-e0951d4f6ced",
	"2fb3726f-2299-4270-93d6-e35d6e5458a6",
	"a90ecb3a-6a5c-4a41-8c83-4a152c249ce3",
	"00000000-0000-0000-0000-000000000000");
INSERT INTO SM_MOAH
	VALUES ("a9f6d504-39e4-4017-87e0-e9abde8b7a0d",
	"a90ecb3a-6a5c-4a41-8c83-4a152c249ce3",
	"32ccfb9a-0074-462a-aad7-e0951d4f6ced");
INSERT INTO SM_AH
	VALUES ("a9f6d504-39e4-4017-87e0-e9abde8b7a0d",
	"a90ecb3a-6a5c-4a41-8c83-4a152c249ce3");
INSERT INTO SM_ACT
	VALUES ("a9f6d504-39e4-4017-87e0-e9abde8b7a0d",
	"a90ecb3a-6a5c-4a41-8c83-4a152c249ce3",
	1,
	'',
	'',
	0);
INSERT INTO SM_STATE
	VALUES ("c59bf844-50d0-4bb7-8f25-7bfc27260cd2",
	"a90ecb3a-6a5c-4a41-8c83-4a152c249ce3",
	"00000000-0000-0000-0000-000000000000",
	'Completed',
	3,
	0);
INSERT INTO SM_CH
	VALUES ("c59bf844-50d0-4bb7-8f25-7bfc27260cd2",
	"17d971ad-ec16-4eff-b3be-18d2defc45a0",
	"a90ecb3a-6a5c-4a41-8c83-4a152c249ce3",
	"00000000-0000-0000-0000-000000000000",
	'');
INSERT INTO SM_SEME
	VALUES ("c59bf844-50d0-4bb7-8f25-7bfc27260cd2",
	"17d971ad-ec16-4eff-b3be-18d2defc45a0",
	"a90ecb3a-6a5c-4a41-8c83-4a152c249ce3",
	"00000000-0000-0000-0000-000000000000");
INSERT INTO SM_CH
	VALUES ("c59bf844-50d0-4bb7-8f25-7bfc27260cd2",
	"2fb3726f-2299-4270-93d6-e35d6e5458a6",
	"a90ecb3a-6a5c-4a41-8c83-4a152c249ce3",
	"00000000-0000-0000-0000-000000000000",
	'');
INSERT INTO SM_SEME
	VALUES ("c59bf844-50d0-4bb7-8f25-7bfc27260cd2",
	"2fb3726f-2299-4270-93d6-e35d6e5458a6",
	"a90ecb3a-6a5c-4a41-8c83-4a152c249ce3",
	"00000000-0000-0000-0000-000000000000");
INSERT INTO SM_MOAH
	VALUES ("de68ad68-88c1-44c8-bd7f-a6c566fcbf64",
	"a90ecb3a-6a5c-4a41-8c83-4a152c249ce3",
	"c59bf844-50d0-4bb7-8f25-7bfc27260cd2");
INSERT INTO SM_AH
	VALUES ("de68ad68-88c1-44c8-bd7f-a6c566fcbf64",
	"a90ecb3a-6a5c-4a41-8c83-4a152c249ce3");
INSERT INTO SM_ACT
	VALUES ("de68ad68-88c1-44c8-bd7f-a6c566fcbf64",
	"a90ecb3a-6a5c-4a41-8c83-4a152c249ce3",
	1,
	'',
	'',
	0);
INSERT INTO SM_NSTXN
	VALUES ("4e735e08-568f-4c0a-88e6-51bb35bc74b2",
	"a90ecb3a-6a5c-4a41-8c83-4a152c249ce3",
	"e5302ef8-298e-45e1-a0b2-f572b4ce2d9f",
	"17d971ad-ec16-4eff-b3be-18d2defc45a0",
	"00000000-0000-0000-0000-000000000000");
INSERT INTO SM_TAH
	VALUES ("05af065a-0a93-46db-94e0-ac638064285e",
	"a90ecb3a-6a5c-4a41-8c83-4a152c249ce3",
	"4e735e08-568f-4c0a-88e6-51bb35bc74b2");
INSERT INTO SM_AH
	VALUES ("05af065a-0a93-46db-94e0-ac638064285e",
	"a90ecb3a-6a5c-4a41-8c83-4a152c249ce3");
INSERT INTO SM_ACT
	VALUES ("05af065a-0a93-46db-94e0-ac638064285e",
	"a90ecb3a-6a5c-4a41-8c83-4a152c249ce3",
	1,
	'',
	'',
	0);
INSERT INTO SM_TXN
	VALUES ("4e735e08-568f-4c0a-88e6-51bb35bc74b2",
	"a90ecb3a-6a5c-4a41-8c83-4a152c249ce3",
	"32ccfb9a-0074-462a-aad7-e0951d4f6ced",
	"00000000-0000-0000-0000-000000000000");
INSERT INTO SM_NSTXN
	VALUES ("1cfd963e-328d-448f-accc-2ea273c7f286",
	"a90ecb3a-6a5c-4a41-8c83-4a152c249ce3",
	"32ccfb9a-0074-462a-aad7-e0951d4f6ced",
	"2fb3726f-2299-4270-93d6-e35d6e5458a6",
	"00000000-0000-0000-0000-000000000000");
INSERT INTO SM_TAH
	VALUES ("877c1e38-4faa-45ac-b2f4-b29701e037b9",
	"a90ecb3a-6a5c-4a41-8c83-4a152c249ce3",
	"1cfd963e-328d-448f-accc-2ea273c7f286");
INSERT INTO SM_AH
	VALUES ("877c1e38-4faa-45ac-b2f4-b29701e037b9",
	"a90ecb3a-6a5c-4a41-8c83-4a152c249ce3");
INSERT INTO SM_ACT
	VALUES ("877c1e38-4faa-45ac-b2f4-b29701e037b9",
	"a90ecb3a-6a5c-4a41-8c83-4a152c249ce3",
	1,
	'',
	'',
	0);
INSERT INTO SM_TXN
	VALUES ("1cfd963e-328d-448f-accc-2ea273c7f286",
	"a90ecb3a-6a5c-4a41-8c83-4a152c249ce3",
	"c59bf844-50d0-4bb7-8f25-7bfc27260cd2",
	"00000000-0000-0000-0000-000000000000");
INSERT INTO PE_PE
	VALUES ("a421a75c-7f59-4cd4-96f4-c8accac9e84d",
	1,
	"78ec567f-1c2c-4c76-a0d8-279bfcd6f228",
	"00000000-0000-0000-0000-000000000000",
	4);
INSERT INTO O_OBJ
	VALUES ("a421a75c-7f59-4cd4-96f4-c8accac9e84d",
	'TestCaseTest',
	3,
	'TestCaseTest',
	'',
	"00000000-0000-0000-0000-000000000000");
INSERT INTO O_TFR
	VALUES ("a67aa2b4-a2f6-4fd5-b9e0-23d95741f627",
	"a421a75c-7f59-4cd4-96f4-c8accac9e84d",
	'testRunning',
	'',
	"ba5eda7a-def5-0000-0000-000000000000",
	1,
	'',
	1,
	'',
	"00000000-0000-0000-0000-000000000000",
	1,
	1);
INSERT INTO O_ID
	VALUES (2,
	"a421a75c-7f59-4cd4-96f4-c8accac9e84d");
INSERT INTO O_ID
	VALUES (1,
	"a421a75c-7f59-4cd4-96f4-c8accac9e84d");
INSERT INTO O_ID
	VALUES (0,
	"a421a75c-7f59-4cd4-96f4-c8accac9e84d");
INSERT INTO PE_PE
	VALUES ("bb4060ca-60db-4b67-88b9-a767e88d5489",
	1,
	"00000000-0000-0000-0000-000000000000",
	"80f37f31-181e-47de-8187-9c0847723075",
	7);
INSERT INTO EP_PKG
	VALUES ("bb4060ca-60db-4b67-88b9-a767e88d5489",
	"00000000-0000-0000-0000-000000000000",
	"3fb1e19e-15ec-4cf6-b9cd-c12bb3584d02",
	'Functions',
	'',
	0);
INSERT INTO PE_PE
	VALUES ("516752ea-fd88-4bc0-88d1-6acd6a10e77e",
	1,
	"bb4060ca-60db-4b67-88b9-a767e88d5489",
	"00000000-0000-0000-0000-000000000000",
	1);
INSERT INTO S_SYNC
	VALUES ("516752ea-fd88-4bc0-88d1-6acd6a10e77e",
	"00000000-0000-0000-0000-000000000000",
	'createWasRun',
	'',
	'create object instance wr of WasRun;
wr.name = "temp";
wr.setUp();
wr.run();',
	"ba5eda7a-def5-0000-0000-000000000000",
	1,
	'',
	0,
	2);
INSERT INTO PE_PE
	VALUES ("a071dfd3-aeb0-40c3-b3e0-20a3a8e3c6d8",
	1,
	"bb4060ca-60db-4b67-88b9-a767e88d5489",
	"00000000-0000-0000-0000-000000000000",
	1);
INSERT INTO S_SYNC
	VALUES ("a071dfd3-aeb0-40c3-b3e0-20a3a8e3c6d8",
	"00000000-0000-0000-0000-000000000000",
	'createTestCase',
	'',
	'create object instance tc of TestCase;
tc.name = "testMethod";
tc.setUp();
tc.run();',
	"ba5eda7a-def5-0000-0000-000000000000",
	1,
	'',
	0,
	3);
INSERT INTO PE_PE
	VALUES ("ba5eda7a-def5-0000-0000-000000000000",
	1,
	"00000000-0000-0000-0000-000000000000",
	"00000000-0000-0000-0000-000000000000",
	3);
INSERT INTO S_DT
	VALUES ("ba5eda7a-def5-0000-0000-000000000000",
	"00000000-0000-0000-0000-000000000000",
	'void',
	'',
	'');
INSERT INTO S_CDT
	VALUES ("ba5eda7a-def5-0000-0000-000000000000",
	0);
INSERT INTO PE_PE
	VALUES ("ba5eda7a-def5-0000-0000-000000000001",
	1,
	"00000000-0000-0000-0000-000000000000",
	"00000000-0000-0000-0000-000000000000",
	3);
INSERT INTO S_DT
	VALUES ("ba5eda7a-def5-0000-0000-000000000001",
	"00000000-0000-0000-0000-000000000000",
	'boolean',
	'',
	'');
INSERT INTO S_CDT
	VALUES ("ba5eda7a-def5-0000-0000-000000000001",
	1);
INSERT INTO PE_PE
	VALUES ("ba5eda7a-def5-0000-0000-000000000002",
	1,
	"00000000-0000-0000-0000-000000000000",
	"00000000-0000-0000-0000-000000000000",
	3);
INSERT INTO S_DT
	VALUES ("ba5eda7a-def5-0000-0000-000000000002",
	"00000000-0000-0000-0000-000000000000",
	'integer',
	'',
	'');
INSERT INTO S_CDT
	VALUES ("ba5eda7a-def5-0000-0000-000000000002",
	2);
INSERT INTO PE_PE
	VALUES ("ba5eda7a-def5-0000-0000-000000000003",
	1,
	"00000000-0000-0000-0000-000000000000",
	"00000000-0000-0000-0000-000000000000",
	3);
INSERT INTO S_DT
	VALUES ("ba5eda7a-def5-0000-0000-000000000003",
	"00000000-0000-0000-0000-000000000000",
	'real',
	'',
	'');
INSERT INTO S_CDT
	VALUES ("ba5eda7a-def5-0000-0000-000000000003",
	3);
INSERT INTO PE_PE
	VALUES ("ba5eda7a-def5-0000-0000-000000000004",
	1,
	"00000000-0000-0000-0000-000000000000",
	"00000000-0000-0000-0000-000000000000",
	3);
INSERT INTO S_DT
	VALUES ("ba5eda7a-def5-0000-0000-000000000004",
	"00000000-0000-0000-0000-000000000000",
	'string',
	'',
	'');
INSERT INTO S_CDT
	VALUES ("ba5eda7a-def5-0000-0000-000000000004",
	4);
INSERT INTO PE_PE
	VALUES ("ba5eda7a-def5-0000-0000-000000000005",
	1,
	"00000000-0000-0000-0000-000000000000",
	"00000000-0000-0000-0000-000000000000",
	3);
INSERT INTO S_DT
	VALUES ("ba5eda7a-def5-0000-0000-000000000005",
	"00000000-0000-0000-0000-000000000000",
	'unique_id',
	'',
	'');
INSERT INTO S_CDT
	VALUES ("ba5eda7a-def5-0000-0000-000000000005",
	5);
INSERT INTO PE_PE
	VALUES ("ba5eda7a-def5-0000-0000-000000000006",
	1,
	"00000000-0000-0000-0000-000000000000",
	"00000000-0000-0000-0000-000000000000",
	3);
INSERT INTO S_DT
	VALUES ("ba5eda7a-def5-0000-0000-000000000006",
	"00000000-0000-0000-0000-000000000000",
	'state<State_Model>',
	'',
	'');
INSERT INTO S_CDT
	VALUES ("ba5eda7a-def5-0000-0000-000000000006",
	6);
INSERT INTO PE_PE
	VALUES ("ba5eda7a-def5-0000-0000-000000000007",
	1,
	"00000000-0000-0000-0000-000000000000",
	"00000000-0000-0000-0000-000000000000",
	3);
INSERT INTO S_DT
	VALUES ("ba5eda7a-def5-0000-0000-000000000007",
	"00000000-0000-0000-0000-000000000000",
	'same_as<Base_Attribute>',
	'',
	'');
INSERT INTO S_CDT
	VALUES ("ba5eda7a-def5-0000-0000-000000000007",
	7);
INSERT INTO PE_PE
	VALUES ("ba5eda7a-def5-0000-0000-000000000008",
	1,
	"00000000-0000-0000-0000-000000000000",
	"00000000-0000-0000-0000-000000000000",
	3);
INSERT INTO S_DT
	VALUES ("ba5eda7a-def5-0000-0000-000000000008",
	"00000000-0000-0000-0000-000000000000",
	'inst_ref<Object>',
	'',
	'');
INSERT INTO S_CDT
	VALUES ("ba5eda7a-def5-0000-0000-000000000008",
	8);
INSERT INTO PE_PE
	VALUES ("ba5eda7a-def5-0000-0000-000000000009",
	1,
	"00000000-0000-0000-0000-000000000000",
	"00000000-0000-0000-0000-000000000000",
	3);
INSERT INTO S_DT
	VALUES ("ba5eda7a-def5-0000-0000-000000000009",
	"00000000-0000-0000-0000-000000000000",
	'inst_ref_set<Object>',
	'',
	'');
INSERT INTO S_CDT
	VALUES ("ba5eda7a-def5-0000-0000-000000000009",
	9);
INSERT INTO PE_PE
	VALUES ("ba5eda7a-def5-0000-0000-00000000000a",
	1,
	"00000000-0000-0000-0000-000000000000",
	"00000000-0000-0000-0000-000000000000",
	3);
INSERT INTO S_DT
	VALUES ("ba5eda7a-def5-0000-0000-00000000000a",
	"00000000-0000-0000-0000-000000000000",
	'inst<Event>',
	'',
	'');
INSERT INTO S_CDT
	VALUES ("ba5eda7a-def5-0000-0000-00000000000a",
	10);
INSERT INTO PE_PE
	VALUES ("ba5eda7a-def5-0000-0000-00000000000b",
	1,
	"00000000-0000-0000-0000-000000000000",
	"00000000-0000-0000-0000-000000000000",
	3);
INSERT INTO S_DT
	VALUES ("ba5eda7a-def5-0000-0000-00000000000b",
	"00000000-0000-0000-0000-000000000000",
	'inst<Mapping>',
	'',
	'');
INSERT INTO S_CDT
	VALUES ("ba5eda7a-def5-0000-0000-00000000000b",
	11);
INSERT INTO PE_PE
	VALUES ("ba5eda7a-def5-0000-0000-00000000000c",
	1,
	"00000000-0000-0000-0000-000000000000",
	"00000000-0000-0000-0000-000000000000",
	3);
INSERT INTO S_DT
	VALUES ("ba5eda7a-def5-0000-0000-00000000000c",
	"00000000-0000-0000-0000-000000000000",
	'inst_ref<Mapping>',
	'',
	'');
INSERT INTO S_CDT
	VALUES ("ba5eda7a-def5-0000-0000-00000000000c",
	12);
INSERT INTO PE_PE
	VALUES ("ba5eda7a-def5-0000-0000-00000000000d",
	1,
	"00000000-0000-0000-0000-000000000000",
	"00000000-0000-0000-0000-000000000000",
	3);
INSERT INTO S_DT
	VALUES ("ba5eda7a-def5-0000-0000-00000000000d",
	"00000000-0000-0000-0000-000000000000",
	'component_ref',
	'',
	'');
INSERT INTO S_CDT
	VALUES ("ba5eda7a-def5-0000-0000-00000000000d",
	13);
INSERT INTO PE_PE
	VALUES ("ba5eda7a-def5-0000-0000-00000000000e",
	1,
	"00000000-0000-0000-0000-000000000000",
	"00000000-0000-0000-0000-000000000000",
	3);
INSERT INTO S_DT
	VALUES ("ba5eda7a-def5-0000-0000-00000000000e",
	"00000000-0000-0000-0000-000000000000",
	'date',
	'',
	'');
INSERT INTO S_UDT
	VALUES ("ba5eda7a-def5-0000-0000-00000000000e",
	"ba5eda7a-def5-0000-0000-00000000000b",
	1,
	'');
INSERT INTO PE_PE
	VALUES ("ba5eda7a-def5-0000-0000-00000000000f",
	1,
	"00000000-0000-0000-0000-000000000000",
	"00000000-0000-0000-0000-000000000000",
	3);
INSERT INTO S_DT
	VALUES ("ba5eda7a-def5-0000-0000-00000000000f",
	"00000000-0000-0000-0000-000000000000",
	'inst_ref<Timer>',
	'',
	'');
INSERT INTO S_UDT
	VALUES ("ba5eda7a-def5-0000-0000-00000000000f",
	"ba5eda7a-def5-0000-0000-00000000000c",
	3,
	'');
INSERT INTO PE_PE
	VALUES ("ba5eda7a-def5-0000-0000-000000000010",
	1,
	"00000000-0000-0000-0000-000000000000",
	"00000000-0000-0000-0000-000000000000",
	3);
INSERT INTO S_DT
	VALUES ("ba5eda7a-def5-0000-0000-000000000010",
	"00000000-0000-0000-0000-000000000000",
	'timestamp',
	'',
	'');
INSERT INTO S_UDT
	VALUES ("ba5eda7a-def5-0000-0000-000000000010",
	"ba5eda7a-def5-0000-0000-000000000002",
	2,
	'');
