-- root-types-contained: SystemModel_c,PackageableElement_c,DataType_c,CoreDataType_c,UserDataType_c
-- BP 7.1 content: StreamData syschar: 3 persistence-version: 7.1.6

INSERT INTO S_SYS
	VALUES ("3fb1e19e-15ec-4cf6-b9cd-c12bb3584d02",
	'TypeUnit',
	1);
INSERT INTO EP_PKG
	VALUES ("df3fa32d-4822-41c2-9f7d-ad001f8f7492",
	"3fb1e19e-15ec-4cf6-b9cd-c12bb3584d02",
	"3fb1e19e-15ec-4cf6-b9cd-c12bb3584d02",
	'Comp',
	'',
	0);
INSERT INTO PE_PE
	VALUES ("80f37f31-181e-47de-8187-9c0847723075",
	1,
	"df3fa32d-4822-41c2-9f7d-ad001f8f7492",
	"00000000-0000-0000-0000-000000000000",
	2);
INSERT INTO C_C
	VALUES ("80f37f31-181e-47de-8187-9c0847723075",
	"00000000-0000-0000-0000-000000000000",
	"00000000-0000-0000-0000-000000000000",
	'Component',
	'',
	0,
	"00000000-0000-0000-0000-000000000000",
	0,
	'',
	'');
INSERT INTO PE_PE
	VALUES ("78ec567f-1c2c-4c76-a0d8-279bfcd6f228",
	1,
	"00000000-0000-0000-0000-000000000000",
	"80f37f31-181e-47de-8187-9c0847723075",
	7);
INSERT INTO EP_PKG
	VALUES ("78ec567f-1c2c-4c76-a0d8-279bfcd6f228",
	"00000000-0000-0000-0000-000000000000",
	"3fb1e19e-15ec-4cf6-b9cd-c12bb3584d02",
	'TypeUnit',
	'',
	0);
INSERT INTO PE_PE
	VALUES ("eb13984d-bc2a-446d-9fc1-6c735620090d",
	1,
	"78ec567f-1c2c-4c76-a0d8-279bfcd6f228",
	"00000000-0000-0000-0000-000000000000",
	4);
INSERT INTO O_OBJ
	VALUES ("eb13984d-bc2a-446d-9fc1-6c735620090d",
	'WasRun',
	1,
	'WasRun',
	'',
	"00000000-0000-0000-0000-000000000000");
INSERT INTO O_TFR
	VALUES ("c6e2f158-db49-4246-ab09-8de4fb4b1e47",
	"eb13984d-bc2a-446d-9fc1-6c735620090d",
	'run',
	'',
	"ba5eda7a-def5-0000-0000-000000000000",
	1,
	'',
	1,
	'',
	"00000000-0000-0000-0000-000000000000",
	0,
	1);
INSERT INTO ACT_OPB
	VALUES ("37a801dc-7e4f-4643-b3d8-fdad101bb0fa",
	"c6e2f158-db49-4246-ab09-8de4fb4b1e47");
INSERT INTO ACT_ACT
	VALUES ("37a801dc-7e4f-4643-b3d8-fdad101bb0fa",
	'operation',
	0,
	"c4437b1b-1a42-4f6c-81f3-d7a356207a29",
	"00000000-0000-0000-0000-000000000000",
	0,
	'WasRun::run',
	"00000000-0000-0000-0000-000000000000");
INSERT INTO ACT_BLK
	VALUES ("c4437b1b-1a42-4f6c-81f3-d7a356207a29",
	0,
	0,
	0,
	'',
	'',
	'',
	0,
	0,
	0,
	0,
	0,
	0,
	0,
	0,
	0,
	0,
	0,
	0,
	0,
	"37a801dc-7e4f-4643-b3d8-fdad101bb0fa",
	"00000000-0000-0000-0000-000000000000");
INSERT INTO O_TFR
	VALUES ("666c56f0-008c-4491-8d1a-1796dd279a64",
	"eb13984d-bc2a-446d-9fc1-6c735620090d",
	'constructor',
	'',
	"ba5eda7a-def5-0000-0000-000000000000",
	1,
	'',
	1,
	'',
	"c6e2f158-db49-4246-ab09-8de4fb4b1e47",
	0,
	2);
INSERT INTO O_TPARM
	VALUES ("773d1ff7-1f65-4c8b-acdf-a563775aa9ed",
	"666c56f0-008c-4491-8d1a-1796dd279a64",
	'name',
	"ba5eda7a-def5-0000-0000-000000000004",
	0,
	'',
	"00000000-0000-0000-0000-000000000000",
	'');
INSERT INTO ACT_OPB
	VALUES ("f66fd3a1-870a-428c-af2f-396b4e9936aa",
	"666c56f0-008c-4491-8d1a-1796dd279a64");
INSERT INTO ACT_ACT
	VALUES ("f66fd3a1-870a-428c-af2f-396b4e9936aa",
	'operation',
	0,
	"9f71e89a-931c-4b41-b4d3-7682e177f086",
	"00000000-0000-0000-0000-000000000000",
	0,
	'WasRun::constructor',
	"00000000-0000-0000-0000-000000000000");
INSERT INTO ACT_BLK
	VALUES ("9f71e89a-931c-4b41-b4d3-7682e177f086",
	0,
	0,
	0,
	'',
	'',
	'',
	0,
	0,
	0,
	0,
	0,
	0,
	0,
	0,
	0,
	0,
	0,
	0,
	0,
	"f66fd3a1-870a-428c-af2f-396b4e9936aa",
	"00000000-0000-0000-0000-000000000000");
INSERT INTO O_NBATTR
	VALUES ("6dcf4b7c-8e8f-402e-ab41-b368eb083510",
	"eb13984d-bc2a-446d-9fc1-6c735620090d");
INSERT INTO O_BATTR
	VALUES ("6dcf4b7c-8e8f-402e-ab41-b368eb083510",
	"eb13984d-bc2a-446d-9fc1-6c735620090d");
INSERT INTO O_ATTR
	VALUES ("6dcf4b7c-8e8f-402e-ab41-b368eb083510",
	"eb13984d-bc2a-446d-9fc1-6c735620090d",
	"00000000-0000-0000-0000-000000000000",
	'wasRun',
	'',
	'',
	'wasRun',
	0,
	"ba5eda7a-def5-0000-0000-000000000001",
	'',
	'');
INSERT INTO O_NBATTR
	VALUES ("2035c17c-9bb3-4af8-92bf-8c6ebc844299",
	"eb13984d-bc2a-446d-9fc1-6c735620090d");
INSERT INTO O_BATTR
	VALUES ("2035c17c-9bb3-4af8-92bf-8c6ebc844299",
	"eb13984d-bc2a-446d-9fc1-6c735620090d");
INSERT INTO O_ATTR
	VALUES ("2035c17c-9bb3-4af8-92bf-8c6ebc844299",
	"eb13984d-bc2a-446d-9fc1-6c735620090d",
	"6dcf4b7c-8e8f-402e-ab41-b368eb083510",
	'name',
	'',
	'',
	'name',
	0,
	"ba5eda7a-def5-0000-0000-000000000004",
	'',
	'');
INSERT INTO O_ID
	VALUES (0,
	"eb13984d-bc2a-446d-9fc1-6c735620090d");
INSERT INTO O_ID
	VALUES (1,
	"eb13984d-bc2a-446d-9fc1-6c735620090d");
INSERT INTO O_ID
	VALUES (2,
	"eb13984d-bc2a-446d-9fc1-6c735620090d");
INSERT INTO CSME_CIE
	VALUES ("53920a47-cd1e-4c30-8a14-5be291bd5853",
	"5c67e642-73bf-4bf0-8c87-8966b7bf51f8",
	"eb13984d-bc2a-446d-9fc1-6c735620090d",
	"78ec567f-1c2c-4c76-a0d8-279bfcd6f228",
	'WasRun');
INSERT INTO PE_PE
	VALUES ("a421a75c-7f59-4cd4-96f4-c8accac9e84d",
	1,
	"78ec567f-1c2c-4c76-a0d8-279bfcd6f228",
	"00000000-0000-0000-0000-000000000000",
	4);
INSERT INTO O_OBJ
	VALUES ("a421a75c-7f59-4cd4-96f4-c8accac9e84d",
	'TestCaseTest',
	3,
	'TestCaseTest',
	'',
	"00000000-0000-0000-0000-000000000000");
INSERT INTO O_TFR
	VALUES ("a67aa2b4-a2f6-4fd5-b9e0-23d95741f627",
	"a421a75c-7f59-4cd4-96f4-c8accac9e84d",
	'testRunning',
	'',
	"ba5eda7a-def5-0000-0000-000000000000",
	1,
	'begin
  null;
end service;',
	1,
	'',
	"00000000-0000-0000-0000-000000000000",
	1,
	1);
INSERT INTO ACT_OPB
	VALUES ("f655121e-8d06-4e62-b5ab-3847300027b4",
	"a67aa2b4-a2f6-4fd5-b9e0-23d95741f627");
INSERT INTO ACT_ACT
	VALUES ("f655121e-8d06-4e62-b5ab-3847300027b4",
	'operation',
	0,
	"aad0113f-5d26-4840-b9ab-a88fc0a8c305",
	"00000000-0000-0000-0000-000000000000",
	0,
	'TestCaseTest::testRunning',
	"00000000-0000-0000-0000-000000000000");
INSERT INTO ACT_BLK
	VALUES ("aad0113f-5d26-4840-b9ab-a88fc0a8c305",
	0,
	0,
	0,
	'',
	'',
	'',
	2,
	7,
	0,
	0,
	0,
	0,
	0,
	0,
	0,
	0,
	0,
	0,
	0,
	"f655121e-8d06-4e62-b5ab-3847300027b4",
	"00000000-0000-0000-0000-000000000000");
INSERT INTO O_ID
	VALUES (0,
	"a421a75c-7f59-4cd4-96f4-c8accac9e84d");
INSERT INTO O_ID
	VALUES (1,
	"a421a75c-7f59-4cd4-96f4-c8accac9e84d");
INSERT INTO O_ID
	VALUES (2,
	"a421a75c-7f59-4cd4-96f4-c8accac9e84d");
INSERT INTO CSME_CIE
	VALUES ("452eb38b-e1b1-47bb-a5c4-c926a0389aef",
	"5c67e642-73bf-4bf0-8c87-8966b7bf51f8",
	"a421a75c-7f59-4cd4-96f4-c8accac9e84d",
	"78ec567f-1c2c-4c76-a0d8-279bfcd6f228",
	'TestCaseTest');
INSERT INTO PE_PE
	VALUES ("c3cea6f2-6706-4c01-bd9f-cfb21428d08d",
	1,
	"78ec567f-1c2c-4c76-a0d8-279bfcd6f228",
	"00000000-0000-0000-0000-000000000000",
	4);
INSERT INTO O_OBJ
	VALUES ("c3cea6f2-6706-4c01-bd9f-cfb21428d08d",
	'TestCase',
	2,
	'TestCase',
	'',
	"00000000-0000-0000-0000-000000000000");
INSERT INTO O_TFR
	VALUES ("6f93012e-4cc1-407b-9b29-ac41bc60fdab",
	"c3cea6f2-6706-4c01-bd9f-cfb21428d08d",
	'run',
	'',
	"ba5eda7a-def5-0000-0000-000000000000",
	1,
	'',
	1,
	'',
	"00000000-0000-0000-0000-000000000000",
	0,
	1);
INSERT INTO ACT_OPB
	VALUES ("23b8a9e1-ead2-4940-9a23-76e8254c344e",
	"6f93012e-4cc1-407b-9b29-ac41bc60fdab");
INSERT INTO ACT_ACT
	VALUES ("23b8a9e1-ead2-4940-9a23-76e8254c344e",
	'operation',
	0,
	"7f0494be-4687-4888-bb60-0df0464c5e4c",
	"00000000-0000-0000-0000-000000000000",
	0,
	'TestCase::run',
	"00000000-0000-0000-0000-000000000000");
INSERT INTO ACT_BLK
	VALUES ("7f0494be-4687-4888-bb60-0df0464c5e4c",
	0,
	0,
	0,
	'',
	'',
	'',
	0,
	0,
	0,
	0,
	0,
	0,
	0,
	0,
	0,
	0,
	0,
	0,
	0,
	"23b8a9e1-ead2-4940-9a23-76e8254c344e",
	"00000000-0000-0000-0000-000000000000");
INSERT INTO O_TFR
	VALUES ("6641b386-6fda-4ea7-8730-5f9e2e1a4ef3",
	"c3cea6f2-6706-4c01-bd9f-cfb21428d08d",
	'constructor',
	'',
	"ba5eda7a-def5-0000-0000-000000000000",
	1,
	'',
	1,
	'',
	"6f93012e-4cc1-407b-9b29-ac41bc60fdab",
	0,
	2);
INSERT INTO O_TPARM
	VALUES ("ec94d3c2-4615-440e-bd5e-5735ecf7a795",
	"6641b386-6fda-4ea7-8730-5f9e2e1a4ef3",
	'name',
	"ba5eda7a-def5-0000-0000-000000000004",
	0,
	'',
	"00000000-0000-0000-0000-000000000000",
	'');
INSERT INTO ACT_OPB
	VALUES ("0e9ec75b-8ccc-4db7-ad8d-b94ab8ecbb57",
	"6641b386-6fda-4ea7-8730-5f9e2e1a4ef3");
INSERT INTO ACT_ACT
	VALUES ("0e9ec75b-8ccc-4db7-ad8d-b94ab8ecbb57",
	'operation',
	0,
	"ee91d096-bdf7-47bd-99b4-0d997310eb20",
	"00000000-0000-0000-0000-000000000000",
	0,
	'TestCase::constructor',
	"00000000-0000-0000-0000-000000000000");
INSERT INTO ACT_BLK
	VALUES ("ee91d096-bdf7-47bd-99b4-0d997310eb20",
	0,
	0,
	0,
	'',
	'',
	'',
	0,
	0,
	0,
	0,
	0,
	0,
	0,
	0,
	0,
	0,
	0,
	0,
	0,
	"0e9ec75b-8ccc-4db7-ad8d-b94ab8ecbb57",
	"00000000-0000-0000-0000-000000000000");
INSERT INTO O_NBATTR
	VALUES ("2ec18765-75cb-4f32-a5fc-504e65fe0d04",
	"c3cea6f2-6706-4c01-bd9f-cfb21428d08d");
INSERT INTO O_BATTR
	VALUES ("2ec18765-75cb-4f32-a5fc-504e65fe0d04",
	"c3cea6f2-6706-4c01-bd9f-cfb21428d08d");
INSERT INTO O_ATTR
	VALUES ("2ec18765-75cb-4f32-a5fc-504e65fe0d04",
	"c3cea6f2-6706-4c01-bd9f-cfb21428d08d",
	"00000000-0000-0000-0000-000000000000",
	'name',
	'',
	'',
	'name',
	0,
	"ba5eda7a-def5-0000-0000-000000000004",
	'',
	'');
INSERT INTO O_NBATTR
	VALUES ("1b2d4116-7162-4f1f-a47a-887538c4a7cf",
	"c3cea6f2-6706-4c01-bd9f-cfb21428d08d");
INSERT INTO O_BATTR
	VALUES ("1b2d4116-7162-4f1f-a47a-887538c4a7cf",
	"c3cea6f2-6706-4c01-bd9f-cfb21428d08d");
INSERT INTO O_ATTR
	VALUES ("1b2d4116-7162-4f1f-a47a-887538c4a7cf",
	"c3cea6f2-6706-4c01-bd9f-cfb21428d08d",
	"2ec18765-75cb-4f32-a5fc-504e65fe0d04",
	'current_state',
	'',
	'',
	'current_state',
	0,
	"ba5eda7a-def5-0000-0000-000000000006",
	'',
	'');
INSERT INTO O_ID
	VALUES (0,
	"c3cea6f2-6706-4c01-bd9f-cfb21428d08d");
INSERT INTO O_ID
	VALUES (1,
	"c3cea6f2-6706-4c01-bd9f-cfb21428d08d");
INSERT INTO O_ID
	VALUES (2,
	"c3cea6f2-6706-4c01-bd9f-cfb21428d08d");
INSERT INTO SM_ISM
	VALUES ("a90ecb3a-6a5c-4a41-8c83-4a152c249ce3",
	"c3cea6f2-6706-4c01-bd9f-cfb21428d08d");
INSERT INTO SM_SM
	VALUES ("a90ecb3a-6a5c-4a41-8c83-4a152c249ce3",
	'',
	0);
INSERT INTO SM_MOORE
	VALUES ("a90ecb3a-6a5c-4a41-8c83-4a152c249ce3");
INSERT INTO SM_LEVT
	VALUES ("17d971ad-ec16-4eff-b3be-18d2defc45a0",
	"a90ecb3a-6a5c-4a41-8c83-4a152c249ce3",
	"00000000-0000-0000-0000-000000000000");
INSERT INTO SM_SEVT
	VALUES ("17d971ad-ec16-4eff-b3be-18d2defc45a0",
	"a90ecb3a-6a5c-4a41-8c83-4a152c249ce3",
	"00000000-0000-0000-0000-000000000000");
INSERT INTO SM_EVT
	VALUES ("17d971ad-ec16-4eff-b3be-18d2defc45a0",
	"a90ecb3a-6a5c-4a41-8c83-4a152c249ce3",
	"00000000-0000-0000-0000-000000000000",
	1,
	'execute',
	0,
	'',
	'TestCase1',
	'');
INSERT INTO SM_LEVT
	VALUES ("2fb3726f-2299-4270-93d6-e35d6e5458a6",
	"a90ecb3a-6a5c-4a41-8c83-4a152c249ce3",
	"00000000-0000-0000-0000-000000000000");
INSERT INTO SM_SEVT
	VALUES ("2fb3726f-2299-4270-93d6-e35d6e5458a6",
	"a90ecb3a-6a5c-4a41-8c83-4a152c249ce3",
	"00000000-0000-0000-0000-000000000000");
INSERT INTO SM_EVT
	VALUES ("2fb3726f-2299-4270-93d6-e35d6e5458a6",
	"a90ecb3a-6a5c-4a41-8c83-4a152c249ce3",
	"00000000-0000-0000-0000-000000000000",
	2,
	'finish',
	0,
	'',
	'TestCase2',
	'');
INSERT INTO SM_STATE
	VALUES ("e5302ef8-298e-45e1-a0b2-f572b4ce2d9f",
	"a90ecb3a-6a5c-4a41-8c83-4a152c249ce3",
	"00000000-0000-0000-0000-000000000000",
	'Idle',
	1,
	0);
INSERT INTO SM_SEME
	VALUES ("e5302ef8-298e-45e1-a0b2-f572b4ce2d9f",
	"17d971ad-ec16-4eff-b3be-18d2defc45a0",
	"a90ecb3a-6a5c-4a41-8c83-4a152c249ce3",
	"00000000-0000-0000-0000-000000000000");
INSERT INTO SM_CH
	VALUES ("e5302ef8-298e-45e1-a0b2-f572b4ce2d9f",
	"2fb3726f-2299-4270-93d6-e35d6e5458a6",
	"a90ecb3a-6a5c-4a41-8c83-4a152c249ce3",
	"00000000-0000-0000-0000-000000000000",
	'');
INSERT INTO SM_SEME
	VALUES ("e5302ef8-298e-45e1-a0b2-f572b4ce2d9f",
	"2fb3726f-2299-4270-93d6-e35d6e5458a6",
	"a90ecb3a-6a5c-4a41-8c83-4a152c249ce3",
	"00000000-0000-0000-0000-000000000000");
INSERT INTO SM_MOAH
	VALUES ("abed9325-9cef-4575-a820-5f0e266ad1e7",
	"a90ecb3a-6a5c-4a41-8c83-4a152c249ce3",
	"e5302ef8-298e-45e1-a0b2-f572b4ce2d9f");
INSERT INTO SM_AH
	VALUES ("abed9325-9cef-4575-a820-5f0e266ad1e7",
	"a90ecb3a-6a5c-4a41-8c83-4a152c249ce3");
INSERT INTO SM_ACT
	VALUES ("abed9325-9cef-4575-a820-5f0e266ad1e7",
	"a90ecb3a-6a5c-4a41-8c83-4a152c249ce3",
	1,
	'',
	'',
	0);
INSERT INTO ACT_SAB
	VALUES ("91a301f9-fab2-4139-a5d5-cc9302627bfe",
	"a90ecb3a-6a5c-4a41-8c83-4a152c249ce3",
	"abed9325-9cef-4575-a820-5f0e266ad1e7");
INSERT INTO ACT_ACT
	VALUES ("91a301f9-fab2-4139-a5d5-cc9302627bfe",
	'state',
	0,
	"5836e196-ddb9-4f79-9e1a-d37c0cf8b491",
	"00000000-0000-0000-0000-000000000000",
	0,
	'TestCase::Idle',
	"00000000-0000-0000-0000-000000000000");
INSERT INTO ACT_BLK
	VALUES ("5836e196-ddb9-4f79-9e1a-d37c0cf8b491",
	0,
	0,
	0,
	'',
	'',
	'',
	0,
	0,
	0,
	0,
	0,
	0,
	0,
	0,
	0,
	0,
	0,
	0,
	0,
	"91a301f9-fab2-4139-a5d5-cc9302627bfe",
	"00000000-0000-0000-0000-000000000000");
INSERT INTO SM_STATE
	VALUES ("32ccfb9a-0074-462a-aad7-e0951d4f6ced",
	"a90ecb3a-6a5c-4a41-8c83-4a152c249ce3",
	"00000000-0000-0000-0000-000000000000",
	'Running',
	2,
	0);
INSERT INTO SM_CH
	VALUES ("32ccfb9a-0074-462a-aad7-e0951d4f6ced",
	"17d971ad-ec16-4eff-b3be-18d2defc45a0",
	"a90ecb3a-6a5c-4a41-8c83-4a152c249ce3",
	"00000000-0000-0000-0000-000000000000",
	'');
INSERT INTO SM_SEME
	VALUES ("32ccfb9a-0074-462a-aad7-e0951d4f6ced",
	"17d971ad-ec16-4eff-b3be-18d2defc45a0",
	"a90ecb3a-6a5c-4a41-8c83-4a152c249ce3",
	"00000000-0000-0000-0000-000000000000");
INSERT INTO SM_SEME
	VALUES ("32ccfb9a-0074-462a-aad7-e0951d4f6ced",
	"2fb3726f-2299-4270-93d6-e35d6e5458a6",
	"a90ecb3a-6a5c-4a41-8c83-4a152c249ce3",
	"00000000-0000-0000-0000-000000000000");
INSERT INTO SM_MOAH
	VALUES ("a9f6d504-39e4-4017-87e0-e9abde8b7a0d",
	"a90ecb3a-6a5c-4a41-8c83-4a152c249ce3",
	"32ccfb9a-0074-462a-aad7-e0951d4f6ced");
INSERT INTO SM_AH
	VALUES ("a9f6d504-39e4-4017-87e0-e9abde8b7a0d",
	"a90ecb3a-6a5c-4a41-8c83-4a152c249ce3");
INSERT INTO SM_ACT
	VALUES ("a9f6d504-39e4-4017-87e0-e9abde8b7a0d",
	"a90ecb3a-6a5c-4a41-8c83-4a152c249ce3",
	1,
	'',
	'',
	0);
INSERT INTO ACT_SAB
	VALUES ("72820ff9-1166-4677-a2f3-38c106bec1ee",
	"a90ecb3a-6a5c-4a41-8c83-4a152c249ce3",
	"a9f6d504-39e4-4017-87e0-e9abde8b7a0d");
INSERT INTO ACT_ACT
	VALUES ("72820ff9-1166-4677-a2f3-38c106bec1ee",
	'state',
	0,
	"6704f093-4288-4006-842f-1cfc248e3bc4",
	"00000000-0000-0000-0000-000000000000",
	0,
	'TestCase::Running',
	"00000000-0000-0000-0000-000000000000");
INSERT INTO ACT_BLK
	VALUES ("6704f093-4288-4006-842f-1cfc248e3bc4",
	0,
	0,
	0,
	'',
	'',
	'',
	0,
	0,
	0,
	0,
	0,
	0,
	0,
	0,
	0,
	0,
	0,
	0,
	0,
	"72820ff9-1166-4677-a2f3-38c106bec1ee",
	"00000000-0000-0000-0000-000000000000");
INSERT INTO SM_STATE
	VALUES ("c59bf844-50d0-4bb7-8f25-7bfc27260cd2",
	"a90ecb3a-6a5c-4a41-8c83-4a152c249ce3",
	"00000000-0000-0000-0000-000000000000",
	'Completed',
	3,
	0);
INSERT INTO SM_CH
	VALUES ("c59bf844-50d0-4bb7-8f25-7bfc27260cd2",
	"17d971ad-ec16-4eff-b3be-18d2defc45a0",
	"a90ecb3a-6a5c-4a41-8c83-4a152c249ce3",
	"00000000-0000-0000-0000-000000000000",
	'');
INSERT INTO SM_SEME
	VALUES ("c59bf844-50d0-4bb7-8f25-7bfc27260cd2",
	"17d971ad-ec16-4eff-b3be-18d2defc45a0",
	"a90ecb3a-6a5c-4a41-8c83-4a152c249ce3",
	"00000000-0000-0000-0000-000000000000");
INSERT INTO SM_CH
	VALUES ("c59bf844-50d0-4bb7-8f25-7bfc27260cd2",
	"2fb3726f-2299-4270-93d6-e35d6e5458a6",
	"a90ecb3a-6a5c-4a41-8c83-4a152c249ce3",
	"00000000-0000-0000-0000-000000000000",
	'');
INSERT INTO SM_SEME
	VALUES ("c59bf844-50d0-4bb7-8f25-7bfc27260cd2",
	"2fb3726f-2299-4270-93d6-e35d6e5458a6",
	"a90ecb3a-6a5c-4a41-8c83-4a152c249ce3",
	"00000000-0000-0000-0000-000000000000");
INSERT INTO SM_MOAH
	VALUES ("de68ad68-88c1-44c8-bd7f-a6c566fcbf64",
	"a90ecb3a-6a5c-4a41-8c83-4a152c249ce3",
	"c59bf844-50d0-4bb7-8f25-7bfc27260cd2");
INSERT INTO SM_AH
	VALUES ("de68ad68-88c1-44c8-bd7f-a6c566fcbf64",
	"a90ecb3a-6a5c-4a41-8c83-4a152c249ce3");
INSERT INTO SM_ACT
	VALUES ("de68ad68-88c1-44c8-bd7f-a6c566fcbf64",
	"a90ecb3a-6a5c-4a41-8c83-4a152c249ce3",
	1,
	'',
	'',
	0);
INSERT INTO ACT_SAB
	VALUES ("abd54c94-dbd9-4b66-a6ed-bb4b11ffa05d",
	"a90ecb3a-6a5c-4a41-8c83-4a152c249ce3",
	"de68ad68-88c1-44c8-bd7f-a6c566fcbf64");
INSERT INTO ACT_ACT
	VALUES ("abd54c94-dbd9-4b66-a6ed-bb4b11ffa05d",
	'state',
	0,
	"6b0e4c34-bff4-4de8-8673-136c1c103369",
	"00000000-0000-0000-0000-000000000000",
	0,
	'TestCase::Completed',
	"00000000-0000-0000-0000-000000000000");
INSERT INTO ACT_BLK
	VALUES ("6b0e4c34-bff4-4de8-8673-136c1c103369",
	0,
	0,
	0,
	'',
	'',
	'',
	0,
	0,
	0,
	0,
	0,
	0,
	0,
	0,
	0,
	0,
	0,
	0,
	0,
	"abd54c94-dbd9-4b66-a6ed-bb4b11ffa05d",
	"00000000-0000-0000-0000-000000000000");
INSERT INTO SM_NSTXN
	VALUES ("4e735e08-568f-4c0a-88e6-51bb35bc74b2",
	"a90ecb3a-6a5c-4a41-8c83-4a152c249ce3",
	"e5302ef8-298e-45e1-a0b2-f572b4ce2d9f",
	"17d971ad-ec16-4eff-b3be-18d2defc45a0",
	"00000000-0000-0000-0000-000000000000");
INSERT INTO SM_TAH
	VALUES ("05af065a-0a93-46db-94e0-ac638064285e",
	"a90ecb3a-6a5c-4a41-8c83-4a152c249ce3",
	"4e735e08-568f-4c0a-88e6-51bb35bc74b2");
INSERT INTO SM_AH
	VALUES ("05af065a-0a93-46db-94e0-ac638064285e",
	"a90ecb3a-6a5c-4a41-8c83-4a152c249ce3");
INSERT INTO SM_ACT
	VALUES ("05af065a-0a93-46db-94e0-ac638064285e",
	"a90ecb3a-6a5c-4a41-8c83-4a152c249ce3",
	1,
	'',
	'',
	0);
INSERT INTO ACT_TAB
	VALUES ("914d7707-01a6-404c-95dd-a0ae2eb78404",
	"a90ecb3a-6a5c-4a41-8c83-4a152c249ce3",
	"05af065a-0a93-46db-94e0-ac638064285e");
INSERT INTO ACT_ACT
	VALUES ("914d7707-01a6-404c-95dd-a0ae2eb78404",
	'transition',
	0,
	"d6cc7fff-ec33-49d3-8feb-559d64b13087",
	"00000000-0000-0000-0000-000000000000",
	0,
	'TestCase1: execute',
	"00000000-0000-0000-0000-000000000000");
INSERT INTO ACT_BLK
	VALUES ("d6cc7fff-ec33-49d3-8feb-559d64b13087",
	0,
	0,
	0,
	'',
	'',
	'',
	0,
	0,
	0,
	0,
	0,
	0,
	0,
	0,
	0,
	0,
	0,
	0,
	0,
	"914d7707-01a6-404c-95dd-a0ae2eb78404",
	"00000000-0000-0000-0000-000000000000");
INSERT INTO SM_TXN
	VALUES ("4e735e08-568f-4c0a-88e6-51bb35bc74b2",
	"a90ecb3a-6a5c-4a41-8c83-4a152c249ce3",
	"32ccfb9a-0074-462a-aad7-e0951d4f6ced",
	"00000000-0000-0000-0000-000000000000");
INSERT INTO SM_NSTXN
	VALUES ("1cfd963e-328d-448f-accc-2ea273c7f286",
	"a90ecb3a-6a5c-4a41-8c83-4a152c249ce3",
	"32ccfb9a-0074-462a-aad7-e0951d4f6ced",
	"2fb3726f-2299-4270-93d6-e35d6e5458a6",
	"00000000-0000-0000-0000-000000000000");
INSERT INTO SM_TAH
	VALUES ("877c1e38-4faa-45ac-b2f4-b29701e037b9",
	"a90ecb3a-6a5c-4a41-8c83-4a152c249ce3",
	"1cfd963e-328d-448f-accc-2ea273c7f286");
INSERT INTO SM_AH
	VALUES ("877c1e38-4faa-45ac-b2f4-b29701e037b9",
	"a90ecb3a-6a5c-4a41-8c83-4a152c249ce3");
INSERT INTO SM_ACT
	VALUES ("877c1e38-4faa-45ac-b2f4-b29701e037b9",
	"a90ecb3a-6a5c-4a41-8c83-4a152c249ce3",
	1,
	'',
	'',
	0);
INSERT INTO ACT_TAB
	VALUES ("5d2f6e55-f832-4845-9fe5-9999e842deaa",
	"a90ecb3a-6a5c-4a41-8c83-4a152c249ce3",
	"877c1e38-4faa-45ac-b2f4-b29701e037b9");
INSERT INTO ACT_ACT
	VALUES ("5d2f6e55-f832-4845-9fe5-9999e842deaa",
	'transition',
	0,
	"55974c8a-bd47-4462-89b6-975ca9b78d5d",
	"00000000-0000-0000-0000-000000000000",
	0,
	'TestCase2: finish',
	"00000000-0000-0000-0000-000000000000");
INSERT INTO ACT_BLK
	VALUES ("55974c8a-bd47-4462-89b6-975ca9b78d5d",
	0,
	0,
	0,
	'',
	'',
	'',
	0,
	0,
	0,
	0,
	0,
	0,
	0,
	0,
	0,
	0,
	0,
	0,
	0,
	"5d2f6e55-f832-4845-9fe5-9999e842deaa",
	"00000000-0000-0000-0000-000000000000");
INSERT INTO SM_TXN
	VALUES ("1cfd963e-328d-448f-accc-2ea273c7f286",
	"a90ecb3a-6a5c-4a41-8c83-4a152c249ce3",
	"c59bf844-50d0-4bb7-8f25-7bfc27260cd2",
	"00000000-0000-0000-0000-000000000000");
INSERT INTO CSME_CIE
	VALUES ("7a9e080b-ffed-47af-93cf-10a9691c87f7",
	"5c67e642-73bf-4bf0-8c87-8966b7bf51f8",
	"c3cea6f2-6706-4c01-bd9f-cfb21428d08d",
	"78ec567f-1c2c-4c76-a0d8-279bfcd6f228",
	'TestCase');
INSERT INTO PE_PE
	VALUES ("2bccef3c-8682-470d-83b4-757b6050a27b",
	1,
	"78ec567f-1c2c-4c76-a0d8-279bfcd6f228",
	"00000000-0000-0000-0000-000000000000",
	9);
INSERT INTO R_REL
	VALUES ("2bccef3c-8682-470d-83b4-757b6050a27b",
	1,
	'',
	"00000000-0000-0000-0000-000000000000");
INSERT INTO R_SIMP
	VALUES ("2bccef3c-8682-470d-83b4-757b6050a27b");
INSERT INTO R_PART
	VALUES ("eb13984d-bc2a-446d-9fc1-6c735620090d",
	"2bccef3c-8682-470d-83b4-757b6050a27b",
	"2bf5bebc-9eed-442a-a317-010761a596b9",
	0,
	0,
	'specializes_into');
INSERT INTO R_RTO
	VALUES ("eb13984d-bc2a-446d-9fc1-6c735620090d",
	"2bccef3c-8682-470d-83b4-757b6050a27b",
	"2bf5bebc-9eed-442a-a317-010761a596b9",
	-1);
INSERT INTO R_OIR
	VALUES ("eb13984d-bc2a-446d-9fc1-6c735620090d",
	"2bccef3c-8682-470d-83b4-757b6050a27b",
	"2bf5bebc-9eed-442a-a317-010761a596b9",
	"00000000-0000-0000-0000-000000000000");
INSERT INTO R_PART
	VALUES ("c3cea6f2-6706-4c01-bd9f-cfb21428d08d",
	"2bccef3c-8682-470d-83b4-757b6050a27b",
	"62a3b126-06e1-4d9d-a3a8-c98a10ff7289",
	0,
	1,
	'Is_a_type_of');
INSERT INTO R_RTO
	VALUES ("c3cea6f2-6706-4c01-bd9f-cfb21428d08d",
	"2bccef3c-8682-470d-83b4-757b6050a27b",
	"62a3b126-06e1-4d9d-a3a8-c98a10ff7289",
	-1);
INSERT INTO R_OIR
	VALUES ("c3cea6f2-6706-4c01-bd9f-cfb21428d08d",
	"2bccef3c-8682-470d-83b4-757b6050a27b",
	"62a3b126-06e1-4d9d-a3a8-c98a10ff7289",
	"00000000-0000-0000-0000-000000000000");
INSERT INTO PE_PE
	VALUES ("ba5eda7a-def5-0000-0000-000000000000",
	1,
	"00000000-0000-0000-0000-000000000000",
	"00000000-0000-0000-0000-000000000000",
	3);
INSERT INTO S_DT
	VALUES ("ba5eda7a-def5-0000-0000-000000000000",
	"00000000-0000-0000-0000-000000000000",
	'void',
	'',
	'');
INSERT INTO S_CDT
	VALUES ("ba5eda7a-def5-0000-0000-000000000000",
	0);
INSERT INTO PE_PE
	VALUES ("ba5eda7a-def5-0000-0000-000000000001",
	1,
	"00000000-0000-0000-0000-000000000000",
	"00000000-0000-0000-0000-000000000000",
	3);
INSERT INTO S_DT
	VALUES ("ba5eda7a-def5-0000-0000-000000000001",
	"00000000-0000-0000-0000-000000000000",
	'boolean',
	'',
	'');
INSERT INTO S_CDT
	VALUES ("ba5eda7a-def5-0000-0000-000000000001",
	1);
INSERT INTO PE_PE
	VALUES ("ba5eda7a-def5-0000-0000-000000000002",
	1,
	"00000000-0000-0000-0000-000000000000",
	"00000000-0000-0000-0000-000000000000",
	3);
INSERT INTO S_DT
	VALUES ("ba5eda7a-def5-0000-0000-000000000002",
	"00000000-0000-0000-0000-000000000000",
	'integer',
	'',
	'');
INSERT INTO S_CDT
	VALUES ("ba5eda7a-def5-0000-0000-000000000002",
	2);
INSERT INTO PE_PE
	VALUES ("ba5eda7a-def5-0000-0000-000000000003",
	1,
	"00000000-0000-0000-0000-000000000000",
	"00000000-0000-0000-0000-000000000000",
	3);
INSERT INTO S_DT
	VALUES ("ba5eda7a-def5-0000-0000-000000000003",
	"00000000-0000-0000-0000-000000000000",
	'real',
	'',
	'');
INSERT INTO S_CDT
	VALUES ("ba5eda7a-def5-0000-0000-000000000003",
	3);
INSERT INTO PE_PE
	VALUES ("ba5eda7a-def5-0000-0000-000000000004",
	1,
	"00000000-0000-0000-0000-000000000000",
	"00000000-0000-0000-0000-000000000000",
	3);
INSERT INTO S_DT
	VALUES ("ba5eda7a-def5-0000-0000-000000000004",
	"00000000-0000-0000-0000-000000000000",
	'string',
	'',
	'');
INSERT INTO S_CDT
	VALUES ("ba5eda7a-def5-0000-0000-000000000004",
	4);
INSERT INTO PE_PE
	VALUES ("ba5eda7a-def5-0000-0000-000000000005",
	1,
	"00000000-0000-0000-0000-000000000000",
	"00000000-0000-0000-0000-000000000000",
	3);
INSERT INTO S_DT
	VALUES ("ba5eda7a-def5-0000-0000-000000000005",
	"00000000-0000-0000-0000-000000000000",
	'unique_id',
	'',
	'');
INSERT INTO S_CDT
	VALUES ("ba5eda7a-def5-0000-0000-000000000005",
	5);
INSERT INTO PE_PE
	VALUES ("ba5eda7a-def5-0000-0000-000000000006",
	1,
	"00000000-0000-0000-0000-000000000000",
	"00000000-0000-0000-0000-000000000000",
	3);
INSERT INTO S_DT
	VALUES ("ba5eda7a-def5-0000-0000-000000000006",
	"00000000-0000-0000-0000-000000000000",
	'state<State_Model>',
	'',
	'');
INSERT INTO S_CDT
	VALUES ("ba5eda7a-def5-0000-0000-000000000006",
	6);
INSERT INTO PE_PE
	VALUES ("ba5eda7a-def5-0000-0000-000000000007",
	1,
	"00000000-0000-0000-0000-000000000000",
	"00000000-0000-0000-0000-000000000000",
	3);
INSERT INTO S_DT
	VALUES ("ba5eda7a-def5-0000-0000-000000000007",
	"00000000-0000-0000-0000-000000000000",
	'same_as<Base_Attribute>',
	'',
	'');
INSERT INTO S_CDT
	VALUES ("ba5eda7a-def5-0000-0000-000000000007",
	7);
INSERT INTO PE_PE
	VALUES ("ba5eda7a-def5-0000-0000-000000000008",
	1,
	"00000000-0000-0000-0000-000000000000",
	"00000000-0000-0000-0000-000000000000",
	3);
INSERT INTO S_DT
	VALUES ("ba5eda7a-def5-0000-0000-000000000008",
	"00000000-0000-0000-0000-000000000000",
	'inst_ref<Object>',
	'',
	'');
INSERT INTO S_CDT
	VALUES ("ba5eda7a-def5-0000-0000-000000000008",
	8);
INSERT INTO PE_PE
	VALUES ("ba5eda7a-def5-0000-0000-000000000009",
	1,
	"00000000-0000-0000-0000-000000000000",
	"00000000-0000-0000-0000-000000000000",
	3);
INSERT INTO S_DT
	VALUES ("ba5eda7a-def5-0000-0000-000000000009",
	"00000000-0000-0000-0000-000000000000",
	'inst_ref_set<Object>',
	'',
	'');
INSERT INTO S_CDT
	VALUES ("ba5eda7a-def5-0000-0000-000000000009",
	9);
INSERT INTO PE_PE
	VALUES ("ba5eda7a-def5-0000-0000-00000000000a",
	1,
	"00000000-0000-0000-0000-000000000000",
	"00000000-0000-0000-0000-000000000000",
	3);
INSERT INTO S_DT
	VALUES ("ba5eda7a-def5-0000-0000-00000000000a",
	"00000000-0000-0000-0000-000000000000",
	'inst<Event>',
	'',
	'');
INSERT INTO S_CDT
	VALUES ("ba5eda7a-def5-0000-0000-00000000000a",
	10);
INSERT INTO PE_PE
	VALUES ("ba5eda7a-def5-0000-0000-00000000000b",
	1,
	"00000000-0000-0000-0000-000000000000",
	"00000000-0000-0000-0000-000000000000",
	3);
INSERT INTO S_DT
	VALUES ("ba5eda7a-def5-0000-0000-00000000000b",
	"00000000-0000-0000-0000-000000000000",
	'inst<Mapping>',
	'',
	'');
INSERT INTO S_CDT
	VALUES ("ba5eda7a-def5-0000-0000-00000000000b",
	11);
INSERT INTO PE_PE
	VALUES ("ba5eda7a-def5-0000-0000-00000000000c",
	1,
	"00000000-0000-0000-0000-000000000000",
	"00000000-0000-0000-0000-000000000000",
	3);
INSERT INTO S_DT
	VALUES ("ba5eda7a-def5-0000-0000-00000000000c",
	"00000000-0000-0000-0000-000000000000",
	'inst_ref<Mapping>',
	'',
	'');
INSERT INTO S_CDT
	VALUES ("ba5eda7a-def5-0000-0000-00000000000c",
	12);
INSERT INTO PE_PE
	VALUES ("ba5eda7a-def5-0000-0000-00000000000d",
	1,
	"00000000-0000-0000-0000-000000000000",
	"00000000-0000-0000-0000-000000000000",
	3);
INSERT INTO S_DT
	VALUES ("ba5eda7a-def5-0000-0000-00000000000d",
	"00000000-0000-0000-0000-000000000000",
	'component_ref',
	'',
	'');
INSERT INTO S_CDT
	VALUES ("ba5eda7a-def5-0000-0000-00000000000d",
	13);
INSERT INTO PE_PE
	VALUES ("ba5eda7a-def5-0000-0000-00000000000e",
	1,
	"00000000-0000-0000-0000-000000000000",
	"00000000-0000-0000-0000-000000000000",
	3);
INSERT INTO S_DT
	VALUES ("ba5eda7a-def5-0000-0000-00000000000e",
	"00000000-0000-0000-0000-000000000000",
	'date',
	'',
	'');
INSERT INTO S_UDT
	VALUES ("ba5eda7a-def5-0000-0000-00000000000e",
	"ba5eda7a-def5-0000-0000-00000000000b",
	1,
	'');
INSERT INTO PE_PE
	VALUES ("ba5eda7a-def5-0000-0000-00000000000f",
	1,
	"00000000-0000-0000-0000-000000000000",
	"00000000-0000-0000-0000-000000000000",
	3);
INSERT INTO S_DT
	VALUES ("ba5eda7a-def5-0000-0000-00000000000f",
	"00000000-0000-0000-0000-000000000000",
	'inst_ref<Timer>',
	'',
	'');
INSERT INTO S_UDT
	VALUES ("ba5eda7a-def5-0000-0000-00000000000f",
	"ba5eda7a-def5-0000-0000-00000000000c",
	3,
	'');
INSERT INTO PE_PE
	VALUES ("ba5eda7a-def5-0000-0000-000000000010",
	1,
	"00000000-0000-0000-0000-000000000000",
	"00000000-0000-0000-0000-000000000000",
	3);
INSERT INTO S_DT
	VALUES ("ba5eda7a-def5-0000-0000-000000000010",
	"00000000-0000-0000-0000-000000000000",
	'timestamp',
	'',
	'');
INSERT INTO S_UDT
	VALUES ("ba5eda7a-def5-0000-0000-000000000010",
	"ba5eda7a-def5-0000-0000-000000000002",
	2,
	'');
